,d,sales,date,weekday,month,year,event_name_1,event_type_1,event_name_2,event_type_2,is_event,rolling_7,rolling_28
0,d_1,32631,2011-01-29,Saturday,1,2011,No_Event,No_Event,No_Event,No_Event,0,,
1,d_2,31749,2011-01-30,Sunday,1,2011,No_Event,No_Event,No_Event,No_Event,0,,
2,d_3,23783,2011-01-31,Monday,1,2011,No_Event,No_Event,No_Event,No_Event,0,,
3,d_4,25412,2011-02-01,Tuesday,2,2011,No_Event,No_Event,No_Event,No_Event,0,,
4,d_5,19146,2011-02-02,Wednesday,2,2011,No_Event,No_Event,No_Event,No_Event,0,,
5,d_6,29211,2011-02-03,Thursday,2,2011,No_Event,No_Event,No_Event,No_Event,0,,
6,d_7,28010,2011-02-04,Friday,2,2011,No_Event,No_Event,No_Event,No_Event,0,27134.571428571428,
7,d_8,37932,2011-02-05,Saturday,2,2011,No_Event,No_Event,No_Event,No_Event,0,27891.85714285714,
8,d_9,32736,2011-02-06,Sunday,2,2011,SuperBowl,Sporting,No_Event,No_Event,1,28032.85714285714,
9,d_10,25572,2011-02-07,Monday,2,2011,No_Event,No_Event,No_Event,No_Event,0,28288.428571428572,
10,d_11,23071,2011-02-08,Tuesday,2,2011,No_Event,No_Event,No_Event,No_Event,0,27954.0,
11,d_12,23658,2011-02-09,Wednesday,2,2011,No_Event,No_Event,No_Event,No_Event,0,28598.571428571428,
12,d_13,23756,2011-02-10,Thursday,2,2011,No_Event,No_Event,No_Event,No_Event,0,27819.285714285714,
13,d_14,26445,2011-02-11,Friday,2,2011,No_Event,No_Event,No_Event,No_Event,0,27595.714285714286,
14,d_15,34833,2011-02-12,Saturday,2,2011,No_Event,No_Event,No_Event,No_Event,0,27153.0,
15,d_16,36380,2011-02-13,Sunday,2,2011,No_Event,No_Event,No_Event,No_Event,0,27673.571428571428,
16,d_17,21804,2011-02-14,Monday,2,2011,ValentinesDay,Cultural,No_Event,No_Event,1,27135.285714285714,
17,d_18,24070,2011-02-15,Tuesday,2,2011,No_Event,No_Event,No_Event,No_Event,0,27278.0,
18,d_19,21443,2011-02-16,Wednesday,2,2011,No_Event,No_Event,No_Event,No_Event,0,26961.571428571428,
19,d_20,20318,2011-02-17,Thursday,2,2011,No_Event,No_Event,No_Event,No_Event,0,26470.428571428572,
20,d_21,23721,2011-02-18,Friday,2,2011,No_Event,No_Event,No_Event,No_Event,0,26081.285714285714,
21,d_22,31689,2011-02-19,Saturday,2,2011,No_Event,No_Event,No_Event,No_Event,0,25632.14285714286,
22,d_23,29283,2011-02-20,Sunday,2,2011,No_Event,No_Event,No_Event,No_Event,0,24618.285714285714,
23,d_24,23966,2011-02-21,Monday,2,2011,PresidentsDay,National,No_Event,No_Event,1,24927.14285714286,
24,d_25,20501,2011-02-22,Tuesday,2,2011,No_Event,No_Event,No_Event,No_Event,0,24417.285714285714,
25,d_26,20757,2011-02-23,Wednesday,2,2011,No_Event,No_Event,No_Event,No_Event,0,24319.285714285714,
26,d_27,20277,2011-02-24,Thursday,2,2011,No_Event,No_Event,No_Event,No_Event,0,24313.428571428572,
27,d_28,22529,2011-02-25,Friday,2,2011,No_Event,No_Event,No_Event,No_Event,0,24143.14285714286,26238.678571428572
28,d_29,29908,2011-02-26,Saturday,2,2011,No_Event,No_Event,No_Event,No_Event,0,23888.714285714286,26141.428571428572
29,d_30,28707,2011-02-27,Sunday,2,2011,No_Event,No_Event,No_Event,No_Event,0,23806.428571428572,26032.785714285714
30,d_31,21240,2011-02-28,Monday,2,2011,No_Event,No_Event,No_Event,No_Event,0,23417.0,25941.964285714286
31,d_32,22872,2011-03-01,Tuesday,3,2011,No_Event,No_Event,No_Event,No_Event,0,23755.714285714286,25851.25
32,d_33,22046,2011-03-02,Wednesday,3,2011,No_Event,No_Event,No_Event,No_Event,0,23939.85714285714,25954.821428571428
33,d_34,23475,2011-03-03,Thursday,3,2011,No_Event,No_Event,No_Event,No_Event,0,24396.714285714286,25749.964285714286
34,d_35,23572,2011-03-04,Friday,3,2011,No_Event,No_Event,No_Event,No_Event,0,24545.714285714286,25591.464285714286
35,d_36,31202,2011-03-05,Saturday,3,2011,No_Event,No_Event,No_Event,No_Event,0,24730.571428571428,25351.10714285714
36,d_37,34876,2011-03-06,Sunday,3,2011,No_Event,No_Event,No_Event,No_Event,0,25611.85714285714,25427.535714285714
37,d_38,24562,2011-03-07,Monday,3,2011,No_Event,No_Event,No_Event,No_Event,0,26086.428571428572,25391.464285714286
38,d_39,22752,2011-03-08,Tuesday,3,2011,No_Event,No_Event,No_Event,No_Event,0,26069.285714285714,25380.071428571428
39,d_40,22560,2011-03-09,Wednesday,3,2011,LentStart,Religious,No_Event,No_Event,1,26142.714285714286,25340.85714285714
40,d_41,22626,2011-03-10,Thursday,3,2011,No_Event,No_Event,No_Event,No_Event,0,26021.428571428572,25300.5
41,d_42,25572,2011-03-11,Friday,3,2011,No_Event,No_Event,No_Event,No_Event,0,26307.14285714286,25269.321428571428
42,d_43,32225,2011-03-12,Saturday,3,2011,No_Event,No_Event,No_Event,No_Event,0,26453.285714285714,25176.178571428572
43,d_44,31417,2011-03-13,Sunday,3,2011,No_Event,No_Event,No_Event,No_Event,0,25959.14285714286,24998.928571428572
44,d_45,24935,2011-03-14,Monday,3,2011,No_Event,No_Event,No_Event,No_Event,0,26012.428571428572,25110.75
45,d_46,24021,2011-03-15,Tuesday,3,2011,No_Event,No_Event,No_Event,No_Event,0,26193.714285714286,25109.0
46,d_47,22765,2011-03-16,Wednesday,3,2011,LentWeek2,Religious,No_Event,No_Event,1,26223.0,25156.214285714286
47,d_48,21779,2011-03-17,Thursday,3,2011,StPatricksDay,Cultural,No_Event,No_Event,1,26102.0,25208.39285714286
48,d_49,23855,2011-03-18,Friday,3,2011,No_Event,No_Event,No_Event,No_Event,0,25856.714285714286,25213.178571428572
49,d_50,30599,2011-03-19,Saturday,3,2011,No_Event,No_Event,No_Event,No_Event,0,25624.428571428572,25174.25
50,d_51,29643,2011-03-20,Sunday,3,2011,Purim End,Religious,No_Event,No_Event,1,25371.0,25187.10714285714
51,d_52,23101,2011-03-21,Monday,3,2011,No_Event,No_Event,No_Event,No_Event,0,25109.0,25156.214285714286
52,d_53,20492,2011-03-22,Tuesday,3,2011,No_Event,No_Event,No_Event,No_Event,0,24604.85714285714,25155.89285714286
53,d_54,19230,2011-03-23,Wednesday,3,2011,No_Event,No_Event,No_Event,No_Event,0,24099.85714285714,25101.35714285714
54,d_55,18854,2011-03-24,Thursday,3,2011,No_Event,No_Event,No_Event,No_Event,0,23682.0,25050.535714285714
55,d_56,23350,2011-03-25,Friday,3,2011,No_Event,No_Event,No_Event,No_Event,0,23609.85714285714,25079.85714285714
56,d_57,29620,2011-03-26,Saturday,3,2011,No_Event,No_Event,No_Event,No_Event,0,23470.0,25069.571428571428
57,d_58,29866,2011-03-27,Sunday,3,2011,No_Event,No_Event,No_Event,No_Event,0,23501.85714285714,25110.964285714286
58,d_59,21449,2011-03-28,Monday,3,2011,No_Event,No_Event,No_Event,No_Event,0,23265.85714285714,25118.428571428572
59,d_60,19581,2011-03-29,Tuesday,3,2011,No_Event,No_Event,No_Event,No_Event,0,23135.714285714286,25000.89285714286
60,d_61,18928,2011-03-30,Wednesday,3,2011,No_Event,No_Event,No_Event,No_Event,0,23092.571428571428,24889.535714285714
61,d_62,21742,2011-03-31,Thursday,3,2011,No_Event,No_Event,No_Event,No_Event,0,23505.14285714286,24827.64285714286
62,d_63,28309,2011-04-01,Friday,4,2011,No_Event,No_Event,No_Event,No_Event,0,24213.571428571428,24996.821428571428
63,d_64,33478,2011-04-02,Saturday,4,2011,No_Event,No_Event,No_Event,No_Event,0,24764.714285714286,25078.10714285714
64,d_65,33058,2011-04-03,Sunday,4,2011,No_Event,No_Event,No_Event,No_Event,0,25220.714285714286,25013.178571428572
65,d_66,24852,2011-04-04,Monday,4,2011,No_Event,No_Event,No_Event,No_Event,0,25706.85714285714,25023.535714285714
66,d_67,23581,2011-04-05,Tuesday,4,2011,No_Event,No_Event,No_Event,No_Event,0,26278.285714285714,25053.14285714286
67,d_68,22656,2011-04-06,Wednesday,4,2011,No_Event,No_Event,No_Event,No_Event,0,26810.85714285714,25056.571428571428
68,d_69,22901,2011-04-07,Thursday,4,2011,No_Event,No_Event,No_Event,No_Event,0,26976.428571428572,25066.39285714286
69,d_70,24754,2011-04-08,Friday,4,2011,No_Event,No_Event,No_Event,No_Event,0,26468.571428571428,25037.178571428572
70,d_71,31745,2011-04-09,Saturday,4,2011,No_Event,No_Event,No_Event,No_Event,0,26221.0,25020.035714285714
71,d_72,31536,2011-04-10,Sunday,4,2011,No_Event,No_Event,No_Event,No_Event,0,26003.571428571428,25024.285714285714
72,d_73,24829,2011-04-11,Monday,4,2011,No_Event,No_Event,No_Event,No_Event,0,26000.285714285714,25020.5
73,d_74,23218,2011-04-12,Tuesday,4,2011,No_Event,No_Event,No_Event,No_Event,0,25948.428571428572,24991.821428571428
74,d_75,21611,2011-04-13,Wednesday,4,2011,No_Event,No_Event,No_Event,No_Event,0,25799.14285714286,24950.60714285714
75,d_76,21964,2011-04-14,Thursday,4,2011,No_Event,No_Event,No_Event,No_Event,0,25665.285714285714,24957.214285714286
76,d_77,25482,2011-04-15,Friday,4,2011,No_Event,No_Event,No_Event,No_Event,0,25769.285714285714,25015.321428571428
77,d_78,29234,2011-04-16,Saturday,4,2011,No_Event,No_Event,No_Event,No_Event,0,25410.571428571428,24966.571428571428
78,d_79,29787,2011-04-17,Sunday,4,2011,No_Event,No_Event,No_Event,No_Event,0,25160.714285714286,24971.714285714286
79,d_80,22389,2011-04-18,Monday,4,2011,No_Event,No_Event,No_Event,No_Event,0,24812.14285714286,24946.285714285714
80,d_81,19474,2011-04-19,Tuesday,4,2011,No_Event,No_Event,No_Event,No_Event,0,24277.285714285714,24909.928571428572
81,d_82,20188,2011-04-20,Wednesday,4,2011,No_Event,No_Event,No_Event,No_Event,0,24074.0,24944.14285714286
82,d_83,19768,2011-04-21,Thursday,4,2011,No_Event,No_Event,No_Event,No_Event,0,23760.285714285714,24976.785714285714
83,d_84,24279,2011-04-22,Friday,4,2011,No_Event,No_Event,No_Event,No_Event,0,23588.428571428572,25009.964285714286
84,d_85,29575,2011-04-23,Saturday,4,2011,No_Event,No_Event,No_Event,No_Event,0,23637.14285714286,25008.35714285714
85,d_86,24018,2011-04-24,Sunday,4,2011,OrthodoxEaster,Religious,Easter,Cultural,1,22813.0,24799.5
86,d_87,20004,2011-04-25,Monday,4,2011,No_Event,No_Event,No_Event,No_Event,0,22472.285714285714,24747.89285714286
87,d_88,18113,2011-04-26,Tuesday,4,2011,Pesach End,Religious,No_Event,No_Event,1,22277.85714285714,24695.464285714286
88,d_89,17929,2011-04-27,Wednesday,4,2011,No_Event,No_Event,No_Event,No_Event,0,21955.14285714286,24659.785714285714
89,d_90,18145,2011-04-28,Thursday,4,2011,No_Event,No_Event,No_Event,No_Event,0,21723.285714285714,24531.321428571428
90,d_91,22735,2011-04-29,Friday,4,2011,No_Event,No_Event,No_Event,No_Event,0,21502.714285714286,24332.25
91,d_92,28101,2011-04-30,Saturday,4,2011,No_Event,No_Event,No_Event,No_Event,0,21292.14285714286,24140.214285714286
92,d_93,29045,2011-05-01,Sunday,5,2011,No_Event,No_Event,No_Event,No_Event,0,22010.285714285714,23996.89285714286
93,d_94,22837,2011-05-02,Monday,5,2011,No_Event,No_Event,No_Event,No_Event,0,22415.0,23924.928571428572
94,d_95,24080,2011-05-03,Tuesday,5,2011,No_Event,No_Event,No_Event,No_Event,0,23267.428571428572,23942.75
95,d_96,20761,2011-05-04,Wednesday,5,2011,No_Event,No_Event,No_Event,No_Event,0,23672.0,23875.071428571428
96,d_97,21184,2011-05-05,Thursday,5,2011,Cinco De Mayo,Cultural,No_Event,No_Event,1,24106.14285714286,23813.75
97,d_98,24486,2011-05-06,Friday,5,2011,No_Event,No_Event,No_Event,No_Event,0,24356.285714285714,23804.178571428572
98,d_99,28412,2011-05-07,Saturday,5,2011,No_Event,No_Event,No_Event,No_Event,0,24400.714285714286,23685.14285714286
99,d_100,23688,2011-05-08,Sunday,5,2011,Mother's day,Cultural,No_Event,No_Event,1,23635.428571428572,23404.85714285714
100,d_101,25024,2011-05-09,Monday,5,2011,No_Event,No_Event,No_Event,No_Event,0,23947.85714285714,23411.821428571428
101,d_102,22231,2011-05-10,Tuesday,5,2011,No_Event,No_Event,No_Event,No_Event,0,23683.714285714286,23376.571428571428
102,d_103,22165,2011-05-11,Wednesday,5,2011,No_Event,No_Event,No_Event,No_Event,0,23884.285714285714,23396.35714285714
103,d_104,22413,2011-05-12,Thursday,5,2011,No_Event,No_Event,No_Event,No_Event,0,24059.85714285714,23412.39285714286
104,d_105,25648,2011-05-13,Friday,5,2011,No_Event,No_Event,No_Event,No_Event,0,24225.85714285714,23418.321428571428
105,d_106,28736,2011-05-14,Saturday,5,2011,No_Event,No_Event,No_Event,No_Event,0,24272.14285714286,23400.535714285714
106,d_107,31320,2011-05-15,Sunday,5,2011,No_Event,No_Event,No_Event,No_Event,0,25362.428571428572,23455.285714285714
107,d_108,22213,2011-05-16,Monday,5,2011,No_Event,No_Event,No_Event,No_Event,0,24960.85714285714,23449.0
108,d_109,19613,2011-05-17,Tuesday,5,2011,No_Event,No_Event,No_Event,No_Event,0,24586.85714285714,23453.964285714286
109,d_110,18770,2011-05-18,Wednesday,5,2011,No_Event,No_Event,No_Event,No_Event,0,24101.85714285714,23403.321428571428
110,d_111,18684,2011-05-19,Thursday,5,2011,No_Event,No_Event,No_Event,No_Event,0,23569.14285714286,23364.60714285714
111,d_112,21649,2011-05-20,Friday,5,2011,No_Event,No_Event,No_Event,No_Event,0,22997.85714285714,23270.678571428572
112,d_113,27112,2011-05-21,Saturday,5,2011,No_Event,No_Event,No_Event,No_Event,0,22765.85714285714,23182.714285714286
113,d_114,26246,2011-05-22,Sunday,5,2011,No_Event,No_Event,No_Event,No_Event,0,22041.0,23262.285714285714
114,d_115,20954,2011-05-23,Monday,5,2011,No_Event,No_Event,No_Event,No_Event,0,21861.14285714286,23296.214285714286
115,d_116,19203,2011-05-24,Tuesday,5,2011,No_Event,No_Event,No_Event,No_Event,0,21802.571428571428,23335.14285714286
116,d_117,19058,2011-05-25,Wednesday,5,2011,No_Event,No_Event,No_Event,No_Event,0,21843.714285714286,23375.464285714286
117,d_118,20480,2011-05-26,Thursday,5,2011,No_Event,No_Event,No_Event,No_Event,0,22100.285714285714,23458.85714285714
118,d_119,22481,2011-05-27,Friday,5,2011,No_Event,No_Event,No_Event,No_Event,0,22219.14285714286,23449.785714285714
119,d_120,25527,2011-05-28,Saturday,5,2011,No_Event,No_Event,No_Event,No_Event,0,21992.714285714286,23357.85714285714
120,d_121,23449,2011-05-29,Sunday,5,2011,No_Event,No_Event,No_Event,No_Event,0,21593.14285714286,23158.0
121,d_122,22538,2011-05-30,Monday,5,2011,MemorialDay,National,No_Event,No_Event,1,21819.428571428572,23147.321428571428
122,d_123,19555,2011-05-31,Tuesday,5,2011,NBAFinalsStart,Sporting,No_Event,No_Event,1,21869.714285714286,22985.714285714286
123,d_124,23165,2011-06-01,Wednesday,6,2011,No_Event,No_Event,No_Event,No_Event,0,22456.428571428572,23071.571428571428
124,d_125,22681,2011-06-02,Thursday,6,2011,No_Event,No_Event,No_Event,No_Event,0,22770.85714285714,23125.035714285714
125,d_126,26781,2011-06-03,Friday,6,2011,No_Event,No_Event,No_Event,No_Event,0,23385.14285714286,23207.0
126,d_127,30310,2011-06-04,Saturday,6,2011,No_Event,No_Event,No_Event,No_Event,0,24068.428571428572,23274.785714285714
127,d_128,31604,2011-06-05,Sunday,6,2011,No_Event,No_Event,No_Event,No_Event,0,25233.428571428572,23557.5
128,d_129,26685,2011-06-06,Monday,6,2011,No_Event,No_Event,No_Event,No_Event,0,25825.85714285714,23616.821428571428
129,d_130,25089,2011-06-07,Tuesday,6,2011,No_Event,No_Event,No_Event,No_Event,0,26616.428571428572,23718.89285714286
130,d_131,24453,2011-06-08,Wednesday,6,2011,No_Event,No_Event,No_Event,No_Event,0,26800.428571428572,23800.60714285714
131,d_132,24782,2011-06-09,Thursday,6,2011,No_Event,No_Event,No_Event,No_Event,0,27100.571428571428,23885.214285714286
132,d_133,26419,2011-06-10,Friday,6,2011,No_Event,No_Event,No_Event,No_Event,0,27048.85714285714,23912.75
133,d_134,29940,2011-06-11,Saturday,6,2011,No_Event,No_Event,No_Event,No_Event,0,26996.0,23955.75
134,d_135,31094,2011-06-12,Sunday,6,2011,NBAFinalsEnd,Sporting,No_Event,No_Event,1,26923.14285714286,23947.678571428572
135,d_136,25752,2011-06-13,Monday,6,2011,No_Event,No_Event,No_Event,No_Event,0,26789.85714285714,24074.071428571428
136,d_137,24155,2011-06-14,Tuesday,6,2011,No_Event,No_Event,No_Event,No_Event,0,26656.428571428572,24236.285714285714
137,d_138,25258,2011-06-15,Wednesday,6,2011,No_Event,No_Event,No_Event,No_Event,0,26771.428571428572,24468.0
138,d_139,22706,2011-06-16,Thursday,6,2011,No_Event,No_Event,No_Event,No_Event,0,26474.85714285714,24611.64285714286
139,d_140,24712,2011-06-17,Friday,6,2011,No_Event,No_Event,No_Event,No_Event,0,26231.0,24721.035714285714
140,d_141,28825,2011-06-18,Saturday,6,2011,No_Event,No_Event,No_Event,No_Event,0,26071.714285714286,24782.214285714286
141,d_142,26106,2011-06-19,Sunday,6,2011,Father's day,Cultural,No_Event,No_Event,1,25359.14285714286,24777.214285714286
142,d_143,24261,2011-06-20,Monday,6,2011,No_Event,No_Event,No_Event,No_Event,0,25146.14285714286,24895.321428571428
143,d_144,21810,2011-06-21,Tuesday,6,2011,No_Event,No_Event,No_Event,No_Event,0,24811.14285714286,24988.428571428572
144,d_145,21401,2011-06-22,Wednesday,6,2011,No_Event,No_Event,No_Event,No_Event,0,24260.14285714286,25072.10714285714
145,d_146,22780,2011-06-23,Thursday,6,2011,No_Event,No_Event,No_Event,No_Event,0,24270.714285714286,25154.25
146,d_147,24638,2011-06-24,Friday,6,2011,No_Event,No_Event,No_Event,No_Event,0,24260.14285714286,25231.285714285714
147,d_148,26482,2011-06-25,Saturday,6,2011,No_Event,No_Event,No_Event,No_Event,0,23925.428571428572,25265.39285714286
148,d_149,27668,2011-06-26,Sunday,6,2011,No_Event,No_Event,No_Event,No_Event,0,24148.571428571428,25416.071428571428
149,d_150,22642,2011-06-27,Monday,6,2011,No_Event,No_Event,No_Event,No_Event,0,23917.285714285714,25419.785714285714
150,d_151,19800,2011-06-28,Tuesday,6,2011,No_Event,No_Event,No_Event,No_Event,0,23630.14285714286,25428.535714285714
151,d_152,19930,2011-06-29,Wednesday,6,2011,No_Event,No_Event,No_Event,No_Event,0,23420.0,25313.0
152,d_153,21451,2011-06-30,Thursday,6,2011,No_Event,No_Event,No_Event,No_Event,0,23230.14285714286,25269.071428571428
153,d_154,31033,2011-07-01,Friday,7,2011,No_Event,No_Event,No_Event,No_Event,0,24143.714285714286,25420.928571428572
154,d_155,33001,2011-07-02,Saturday,7,2011,No_Event,No_Event,No_Event,No_Event,0,25075.0,25517.035714285714
155,d_156,29173,2011-07-03,Sunday,7,2011,No_Event,No_Event,No_Event,No_Event,0,25290.0,25430.214285714286
156,d_157,23033,2011-07-04,Monday,7,2011,IndependenceDay,National,No_Event,No_Event,1,25345.85714285714,25299.785714285714
157,d_158,26596,2011-07-05,Tuesday,7,2011,No_Event,No_Event,No_Event,No_Event,0,26316.714285714286,25353.60714285714
158,d_159,26602,2011-07-06,Wednesday,7,2011,No_Event,No_Event,No_Event,No_Event,0,27269.85714285714,25430.35714285714
159,d_160,26727,2011-07-07,Thursday,7,2011,No_Event,No_Event,No_Event,No_Event,0,28023.571428571428,25499.821428571428
160,d_161,27679,2011-07-08,Friday,7,2011,No_Event,No_Event,No_Event,No_Event,0,27544.428571428572,25544.821428571428
161,d_162,32486,2011-07-09,Saturday,7,2011,No_Event,No_Event,No_Event,No_Event,0,27470.85714285714,25635.75
162,d_163,31539,2011-07-10,Sunday,7,2011,No_Event,No_Event,No_Event,No_Event,0,27808.85714285714,25651.64285714286
163,d_164,26592,2011-07-11,Monday,7,2011,No_Event,No_Event,No_Event,No_Event,0,28317.285714285714,25681.64285714286
164,d_165,24632,2011-07-12,Tuesday,7,2011,No_Event,No_Event,No_Event,No_Event,0,28036.714285714286,25698.678571428572
165,d_166,23445,2011-07-13,Wednesday,7,2011,No_Event,No_Event,No_Event,No_Event,0,27585.714285714286,25633.928571428572
166,d_167,23447,2011-07-14,Thursday,7,2011,No_Event,No_Event,No_Event,No_Event,0,27117.14285714286,25660.39285714286
167,d_168,27349,2011-07-15,Friday,7,2011,No_Event,No_Event,No_Event,No_Event,0,27070.0,25754.571428571428
168,d_169,30869,2011-07-16,Saturday,7,2011,No_Event,No_Event,No_Event,No_Event,0,26839.0,25827.571428571428
169,d_170,30334,2011-07-17,Sunday,7,2011,No_Event,No_Event,No_Event,No_Event,0,26666.85714285714,25978.571428571428
170,d_171,24639,2011-07-18,Monday,7,2011,No_Event,No_Event,No_Event,No_Event,0,26387.85714285714,25992.071428571428
171,d_172,21931,2011-07-19,Tuesday,7,2011,No_Event,No_Event,No_Event,No_Event,0,26002.0,25996.39285714286
172,d_173,22487,2011-07-20,Wednesday,7,2011,No_Event,No_Event,No_Event,No_Event,0,25865.14285714286,26035.178571428572
173,d_174,22778,2011-07-21,Thursday,7,2011,No_Event,No_Event,No_Event,No_Event,0,25769.571428571428,26035.10714285714
174,d_175,26356,2011-07-22,Friday,7,2011,No_Event,No_Event,No_Event,No_Event,0,25627.714285714286,26096.464285714286
175,d_176,30284,2011-07-23,Saturday,7,2011,No_Event,No_Event,No_Event,No_Event,0,25544.14285714286,26232.25
176,d_177,28799,2011-07-24,Sunday,7,2011,No_Event,No_Event,No_Event,No_Event,0,25324.85714285714,26272.64285714286
177,d_178,22895,2011-07-25,Monday,7,2011,No_Event,No_Event,No_Event,No_Event,0,25075.714285714286,26281.678571428572
178,d_179,21195,2011-07-26,Tuesday,7,2011,No_Event,No_Event,No_Event,No_Event,0,24970.571428571428,26331.5
179,d_180,20504,2011-07-27,Wednesday,7,2011,No_Event,No_Event,No_Event,No_Event,0,24687.285714285714,26352.0
180,d_181,21243,2011-07-28,Thursday,7,2011,No_Event,No_Event,No_Event,No_Event,0,24468.0,26344.571428571428
181,d_182,24542,2011-07-29,Friday,7,2011,No_Event,No_Event,No_Event,No_Event,0,24208.85714285714,26112.75
182,d_183,28953,2011-07-30,Saturday,7,2011,No_Event,No_Event,No_Event,No_Event,0,24018.714285714286,25968.178571428572
183,d_184,28677,2011-07-31,Sunday,7,2011,No_Event,No_Event,No_Event,No_Event,0,24001.285714285714,25950.464285714286
184,d_185,26607,2011-08-01,Monday,8,2011,Ramadan starts,Religious,No_Event,No_Event,1,24531.571428571428,26078.10714285714
185,d_186,25475,2011-08-02,Tuesday,8,2011,No_Event,No_Event,No_Event,No_Event,0,25143.0,26038.071428571428
186,d_187,27237,2011-08-03,Wednesday,8,2011,No_Event,No_Event,No_Event,No_Event,0,26104.85714285714,26060.75
187,d_188,23713,2011-08-04,Thursday,8,2011,No_Event,No_Event,No_Event,No_Event,0,26457.714285714286,25953.10714285714
188,d_189,26594,2011-08-05,Friday,8,2011,No_Event,No_Event,No_Event,No_Event,0,26750.85714285714,25914.35714285714
189,d_190,31959,2011-08-06,Saturday,8,2011,No_Event,No_Event,No_Event,No_Event,0,27180.285714285714,25895.535714285714
190,d_191,32006,2011-08-07,Sunday,8,2011,No_Event,No_Event,No_Event,No_Event,0,27655.85714285714,25912.214285714286
191,d_192,26354,2011-08-08,Monday,8,2011,No_Event,No_Event,No_Event,No_Event,0,27619.714285714286,25903.714285714286
192,d_193,26213,2011-08-09,Tuesday,8,2011,No_Event,No_Event,No_Event,No_Event,0,27725.14285714286,25960.178571428572
193,d_194,24578,2011-08-10,Wednesday,8,2011,No_Event,No_Event,No_Event,No_Event,0,27345.285714285714,26000.64285714286
194,d_195,24708,2011-08-11,Thursday,8,2011,No_Event,No_Event,No_Event,No_Event,0,27487.428571428572,26045.678571428572
195,d_196,28544,2011-08-12,Friday,8,2011,No_Event,No_Event,No_Event,No_Event,0,27766.0,26088.35714285714
196,d_197,33003,2011-08-13,Saturday,8,2011,No_Event,No_Event,No_Event,No_Event,0,27915.14285714286,26164.571428571428
197,d_198,33909,2011-08-14,Sunday,8,2011,No_Event,No_Event,No_Event,No_Event,0,28187.0,26292.25
198,d_199,28511,2011-08-15,Monday,8,2011,No_Event,No_Event,No_Event,No_Event,0,28495.14285714286,26430.535714285714
199,d_200,25266,2011-08-16,Tuesday,8,2011,No_Event,No_Event,No_Event,No_Event,0,28359.85714285714,26549.64285714286
200,d_201,23681,2011-08-17,Wednesday,8,2011,No_Event,No_Event,No_Event,No_Event,0,28231.714285714286,26592.285714285714
201,d_202,23376,2011-08-18,Thursday,8,2011,No_Event,No_Event,No_Event,No_Event,0,28041.428571428572,26613.64285714286
202,d_203,27004,2011-08-19,Friday,8,2011,No_Event,No_Event,No_Event,No_Event,0,27821.428571428572,26636.785714285714
203,d_204,32258,2011-08-20,Saturday,8,2011,No_Event,No_Event,No_Event,No_Event,0,27715.0,26707.285714285714
204,d_205,33973,2011-08-21,Sunday,8,2011,No_Event,No_Event,No_Event,No_Event,0,27724.14285714286,26892.071428571428
205,d_206,25324,2011-08-22,Monday,8,2011,No_Event,No_Event,No_Event,No_Event,0,27268.85714285714,26978.821428571428
206,d_207,22617,2011-08-23,Tuesday,8,2011,No_Event,No_Event,No_Event,No_Event,0,26890.428571428572,27029.60714285714
207,d_208,21935,2011-08-24,Wednesday,8,2011,No_Event,No_Event,No_Event,No_Event,0,26641.0,27080.714285714286
208,d_209,21414,2011-08-25,Thursday,8,2011,No_Event,No_Event,No_Event,No_Event,0,26360.714285714286,27086.821428571428
209,d_210,24268,2011-08-26,Friday,8,2011,No_Event,No_Event,No_Event,No_Event,0,25969.85714285714,27077.035714285714
210,d_211,30383,2011-08-27,Saturday,8,2011,No_Event,No_Event,No_Event,No_Event,0,25702.0,27128.10714285714
211,d_212,30626,2011-08-28,Sunday,8,2011,No_Event,No_Event,No_Event,No_Event,0,25223.85714285714,27197.714285714286
212,d_213,22085,2011-08-29,Monday,8,2011,No_Event,No_Event,No_Event,No_Event,0,24761.14285714286,27036.214285714286
213,d_214,20350,2011-08-30,Tuesday,8,2011,No_Event,No_Event,No_Event,No_Event,0,24437.285714285714,26853.178571428572
214,d_215,21723,2011-08-31,Wednesday,8,2011,Eid al-Fitr,Religious,No_Event,No_Event,1,24407.0,26656.25
215,d_216,26299,2011-09-01,Thursday,9,2011,No_Event,No_Event,No_Event,No_Event,0,25104.85714285714,26748.60714285714
216,d_217,29208,2011-09-02,Friday,9,2011,No_Event,No_Event,No_Event,No_Event,0,25810.571428571428,26841.964285714286
217,d_218,34032,2011-09-03,Saturday,9,2011,No_Event,No_Event,No_Event,No_Event,0,26331.85714285714,26916.0
218,d_219,26925,2011-09-04,Sunday,9,2011,No_Event,No_Event,No_Event,No_Event,0,25803.14285714286,26734.535714285714
219,d_220,30158,2011-09-05,Monday,9,2011,LaborDay,National,No_Event,No_Event,1,26956.428571428572,26870.39285714286
220,d_221,26134,2011-09-06,Tuesday,9,2011,No_Event,No_Event,No_Event,No_Event,0,27782.714285714286,26867.571428571428
221,d_222,24445,2011-09-07,Wednesday,9,2011,No_Event,No_Event,No_Event,No_Event,0,28171.571428571428,26862.821428571428
222,d_223,24048,2011-09-08,Thursday,9,2011,No_Event,No_Event,No_Event,No_Event,0,27850.0,26839.25
223,d_224,28246,2011-09-09,Friday,9,2011,No_Event,No_Event,No_Event,No_Event,0,27712.571428571428,26828.60714285714
224,d_225,33030,2011-09-10,Saturday,9,2011,No_Event,No_Event,No_Event,No_Event,0,27569.428571428572,26829.571428571428
225,d_226,34632,2011-09-11,Sunday,9,2011,No_Event,No_Event,No_Event,No_Event,0,28670.428571428572,26855.39285714286
226,d_227,26138,2011-09-12,Monday,9,2011,No_Event,No_Event,No_Event,No_Event,0,28096.14285714286,26770.64285714286
227,d_228,24645,2011-09-13,Tuesday,9,2011,No_Event,No_Event,No_Event,No_Event,0,27883.428571428572,26748.464285714286
228,d_229,23505,2011-09-14,Wednesday,9,2011,No_Event,No_Event,No_Event,No_Event,0,27749.14285714286,26742.178571428572
229,d_230,26343,2011-09-15,Thursday,9,2011,No_Event,No_Event,No_Event,No_Event,0,28077.0,26848.14285714286
230,d_231,26933,2011-09-16,Friday,9,2011,No_Event,No_Event,No_Event,No_Event,0,27889.428571428572,26845.60714285714
231,d_232,32195,2011-09-17,Saturday,9,2011,No_Event,No_Event,No_Event,No_Event,0,27770.14285714286,26843.35714285714
232,d_233,32034,2011-09-18,Sunday,9,2011,No_Event,No_Event,No_Event,No_Event,0,27399.0,26774.10714285714
233,d_234,24367,2011-09-19,Monday,9,2011,No_Event,No_Event,No_Event,No_Event,0,27146.0,26739.928571428572
234,d_235,22675,2011-09-20,Tuesday,9,2011,No_Event,No_Event,No_Event,No_Event,0,26864.571428571428,26742.0
235,d_236,21796,2011-09-21,Wednesday,9,2011,No_Event,No_Event,No_Event,No_Event,0,26620.428571428572,26737.035714285714
236,d_237,21859,2011-09-22,Thursday,9,2011,No_Event,No_Event,No_Event,No_Event,0,25979.85714285714,26752.928571428572
237,d_238,26706,2011-09-23,Friday,9,2011,No_Event,No_Event,No_Event,No_Event,0,25947.428571428572,26840.0
238,d_239,32466,2011-09-24,Saturday,9,2011,No_Event,No_Event,No_Event,No_Event,0,25986.14285714286,26914.39285714286
239,d_240,33228,2011-09-25,Sunday,9,2011,No_Event,No_Event,No_Event,No_Event,0,26156.714285714286,27007.321428571428
240,d_241,24090,2011-09-26,Monday,9,2011,No_Event,No_Event,No_Event,No_Event,0,26117.14285714286,27078.928571428572
241,d_242,22788,2011-09-27,Tuesday,9,2011,No_Event,No_Event,No_Event,No_Event,0,26133.285714285714,27166.0
242,d_243,22193,2011-09-28,Wednesday,9,2011,No_Event,No_Event,No_Event,No_Event,0,26190.0,27182.785714285714
243,d_244,22383,2011-09-29,Thursday,9,2011,No_Event,No_Event,No_Event,No_Event,0,26264.85714285714,27042.928571428572
244,d_245,30182,2011-09-30,Friday,9,2011,No_Event,No_Event,No_Event,No_Event,0,26761.428571428572,27077.714285714286
245,d_246,39312,2011-10-01,Saturday,10,2011,No_Event,No_Event,No_Event,No_Event,0,27739.428571428572,27266.285714285714
246,d_247,37214,2011-10-02,Sunday,10,2011,No_Event,No_Event,No_Event,No_Event,0,28308.85714285714,27633.75
247,d_248,30455,2011-10-03,Monday,10,2011,No_Event,No_Event,No_Event,No_Event,0,29218.14285714286,27644.35714285714
248,d_249,26114,2011-10-04,Tuesday,10,2011,No_Event,No_Event,No_Event,No_Event,0,29693.285714285714,27643.64285714286
249,d_250,25913,2011-10-05,Wednesday,10,2011,No_Event,No_Event,No_Event,No_Event,0,30224.714285714286,27696.071428571428
250,d_251,26066,2011-10-06,Thursday,10,2011,No_Event,No_Event,No_Event,No_Event,0,30750.85714285714,27768.14285714286
251,d_252,29985,2011-10-07,Friday,10,2011,No_Event,No_Event,No_Event,No_Event,0,30722.714285714286,27830.25
252,d_253,35930,2011-10-08,Saturday,10,2011,No_Event,No_Event,No_Event,No_Event,0,30239.571428571428,27933.821428571428
253,d_254,35940,2011-10-09,Sunday,10,2011,No_Event,No_Event,No_Event,No_Event,0,30057.571428571428,27980.535714285714
254,d_255,29401,2011-10-10,Monday,10,2011,ColumbusDay,National,No_Event,No_Event,1,29907.0,28097.071428571428
255,d_256,27427,2011-10-11,Tuesday,10,2011,No_Event,No_Event,No_Event,No_Event,0,30094.571428571428,28196.428571428572
256,d_257,27414,2011-10-12,Wednesday,10,2011,No_Event,No_Event,No_Event,No_Event,0,30309.0,28336.035714285714
257,d_258,26116,2011-10-13,Thursday,10,2011,No_Event,No_Event,No_Event,No_Event,0,30316.14285714286,28327.928571428572
258,d_259,29885,2011-10-14,Friday,10,2011,No_Event,No_Event,No_Event,No_Event,0,30301.85714285714,28433.35714285714
259,d_260,38426,2011-10-15,Saturday,10,2011,No_Event,No_Event,No_Event,No_Event,0,30658.428571428572,28655.89285714286
260,d_261,36127,2011-10-16,Sunday,10,2011,No_Event,No_Event,No_Event,No_Event,0,30685.14285714286,28802.071428571428
261,d_262,27592,2011-10-17,Monday,10,2011,No_Event,No_Event,No_Event,No_Event,0,30426.714285714286,28917.25
262,d_263,24202,2011-10-18,Tuesday,10,2011,No_Event,No_Event,No_Event,No_Event,0,29966.0,28971.785714285714
263,d_264,22441,2011-10-19,Wednesday,10,2011,No_Event,No_Event,No_Event,No_Event,0,29255.571428571428,28994.821428571428
264,d_265,22402,2011-10-20,Thursday,10,2011,No_Event,No_Event,No_Event,No_Event,0,28725.0,29014.214285714286
265,d_266,27130,2011-10-21,Friday,10,2011,No_Event,No_Event,No_Event,No_Event,0,28331.428571428572,29029.35714285714
266,d_267,33151,2011-10-22,Saturday,10,2011,No_Event,No_Event,No_Event,No_Event,0,27577.85714285714,29053.821428571428
267,d_268,32876,2011-10-23,Sunday,10,2011,No_Event,No_Event,No_Event,No_Event,0,27113.428571428572,29041.25
268,d_269,24516,2011-10-24,Monday,10,2011,No_Event,No_Event,No_Event,No_Event,0,26674.0,29056.464285714286
269,d_270,22437,2011-10-25,Tuesday,10,2011,No_Event,No_Event,No_Event,No_Event,0,26421.85714285714,29043.928571428572
270,d_271,22142,2011-10-26,Wednesday,10,2011,No_Event,No_Event,No_Event,No_Event,0,26379.14285714286,29042.10714285714
271,d_272,22982,2011-10-27,Thursday,10,2011,No_Event,No_Event,No_Event,No_Event,0,26462.0,29063.5
272,d_273,26880,2011-10-28,Friday,10,2011,No_Event,No_Event,No_Event,No_Event,0,26426.285714285714,28945.571428571428
273,d_274,33219,2011-10-29,Saturday,10,2011,No_Event,No_Event,No_Event,No_Event,0,26436.0,28727.964285714286
274,d_275,31853,2011-10-30,Sunday,10,2011,No_Event,No_Event,No_Event,No_Event,0,26289.85714285714,28536.5
275,d_276,22695,2011-10-31,Monday,10,2011,Halloween,Cultural,No_Event,No_Event,1,26029.714285714286,28259.35714285714
276,d_277,26039,2011-11-01,Tuesday,11,2011,No_Event,No_Event,No_Event,No_Event,0,26544.285714285714,28256.678571428572
277,d_278,24808,2011-11-02,Wednesday,11,2011,No_Event,No_Event,No_Event,No_Event,0,26925.14285714286,28217.214285714286
278,d_279,27902,2011-11-03,Thursday,11,2011,No_Event,No_Event,No_Event,No_Event,0,27628.0,28282.785714285714
279,d_280,28596,2011-11-04,Friday,11,2011,No_Event,No_Event,No_Event,No_Event,0,27873.14285714286,28233.178571428572
280,d_281,36887,2011-11-05,Saturday,11,2011,No_Event,No_Event,No_Event,No_Event,0,28397.14285714286,28267.35714285714
281,d_282,37887,2011-11-06,Sunday,11,2011,No_Event,No_Event,No_Event,No_Event,0,29259.14285714286,28336.89285714286
282,d_283,27278,2011-11-07,Monday,11,2011,EidAlAdha,Religious,No_Event,No_Event,1,29913.85714285714,28261.071428571428
283,d_284,25188,2011-11-08,Tuesday,11,2011,No_Event,No_Event,No_Event,No_Event,0,29792.285714285714,28181.10714285714
284,d_285,26092,2011-11-09,Wednesday,11,2011,No_Event,No_Event,No_Event,No_Event,0,29975.714285714286,28133.89285714286
285,d_286,26147,2011-11-10,Thursday,11,2011,No_Event,No_Event,No_Event,No_Event,0,29725.0,28135.0
286,d_287,29755,2011-11-11,Friday,11,2011,VeteransDay,National,No_Event,No_Event,1,29890.571428571428,28130.35714285714
287,d_288,35922,2011-11-12,Saturday,11,2011,No_Event,No_Event,No_Event,No_Event,0,29752.714285714286,28040.928571428572
288,d_289,35348,2011-11-13,Sunday,11,2011,No_Event,No_Event,No_Event,No_Event,0,29390.0,28013.10714285714
289,d_290,26773,2011-11-14,Monday,11,2011,No_Event,No_Event,No_Event,No_Event,0,29317.85714285714,27983.85714285714
290,d_291,26701,2011-11-15,Tuesday,11,2011,No_Event,No_Event,No_Event,No_Event,0,29534.0,28073.10714285714
291,d_292,23928,2011-11-16,Wednesday,11,2011,No_Event,No_Event,No_Event,No_Event,0,29224.85714285714,28126.214285714286
292,d_293,23114,2011-11-17,Thursday,11,2011,No_Event,No_Event,No_Event,No_Event,0,28791.571428571428,28151.64285714286
293,d_294,26507,2011-11-18,Friday,11,2011,No_Event,No_Event,No_Event,No_Event,0,28327.571428571428,28129.39285714286
294,d_295,33545,2011-11-19,Saturday,11,2011,No_Event,No_Event,No_Event,No_Event,0,27988.0,28143.464285714286
295,d_296,32753,2011-11-20,Sunday,11,2011,No_Event,No_Event,No_Event,No_Event,0,27617.285714285714,28139.071428571428
296,d_297,25574,2011-11-21,Monday,11,2011,No_Event,No_Event,No_Event,No_Event,0,27446.0,28176.85714285714
297,d_298,25654,2011-11-22,Tuesday,11,2011,No_Event,No_Event,No_Event,No_Event,0,27296.428571428572,28291.75
298,d_299,30787,2011-11-23,Wednesday,11,2011,No_Event,No_Event,No_Event,No_Event,0,28276.285714285714,28600.5
299,d_300,18427,2011-11-24,Thursday,11,2011,Thanksgiving,National,No_Event,No_Event,1,27606.714285714286,28437.821428571428
300,d_301,23998,2011-11-25,Friday,11,2011,No_Event,No_Event,No_Event,No_Event,0,27248.285714285714,28334.89285714286
301,d_302,25292,2011-11-26,Saturday,11,2011,No_Event,No_Event,No_Event,No_Event,0,26069.285714285714,28051.785714285714
302,d_303,27134,2011-11-27,Sunday,11,2011,No_Event,No_Event,No_Event,No_Event,0,25266.571428571428,27883.25
303,d_304,22378,2011-11-28,Monday,11,2011,No_Event,No_Event,No_Event,No_Event,0,24810.0,27871.928571428572
304,d_305,21584,2011-11-29,Tuesday,11,2011,No_Event,No_Event,No_Event,No_Event,0,24228.571428571428,27712.821428571428
305,d_306,21089,2011-11-30,Wednesday,11,2011,No_Event,No_Event,No_Event,No_Event,0,22843.14285714286,27580.0
306,d_307,26268,2011-12-01,Thursday,12,2011,No_Event,No_Event,No_Event,No_Event,0,23963.285714285714,27521.64285714286
307,d_308,29727,2011-12-02,Friday,12,2011,No_Event,No_Event,No_Event,No_Event,0,24781.714285714286,27562.035714285714
308,d_309,38129,2011-12-03,Saturday,12,2011,No_Event,No_Event,No_Event,No_Event,0,26615.571428571428,27606.39285714286
309,d_310,35078,2011-12-04,Sunday,12,2011,No_Event,No_Event,No_Event,No_Event,0,27750.428571428572,27506.071428571428
310,d_311,29220,2011-12-05,Monday,12,2011,No_Event,No_Event,No_Event,No_Event,0,28727.85714285714,27575.428571428572
311,d_312,27267,2011-12-06,Tuesday,12,2011,No_Event,No_Event,No_Event,No_Event,0,29539.714285714286,27649.678571428572
312,d_313,25453,2011-12-07,Wednesday,12,2011,No_Event,No_Event,No_Event,No_Event,0,30163.14285714286,27626.85714285714
313,d_314,26347,2011-12-08,Thursday,12,2011,No_Event,No_Event,No_Event,No_Event,0,30174.428571428572,27634.0
314,d_315,29438,2011-12-09,Friday,12,2011,No_Event,No_Event,No_Event,No_Event,0,30133.14285714286,27622.678571428572
315,d_316,34786,2011-12-10,Saturday,12,2011,No_Event,No_Event,No_Event,No_Event,0,29655.571428571428,27582.10714285714
316,d_317,35743,2011-12-11,Sunday,12,2011,No_Event,No_Event,No_Event,No_Event,0,29750.571428571428,27596.214285714286
317,d_318,29151,2011-12-12,Monday,12,2011,No_Event,No_Event,No_Event,No_Event,0,29740.714285714286,27681.14285714286
318,d_319,26913,2011-12-13,Tuesday,12,2011,No_Event,No_Event,No_Event,No_Event,0,29690.14285714286,27688.714285714286
319,d_320,26794,2011-12-14,Wednesday,12,2011,No_Event,No_Event,No_Event,No_Event,0,29881.714285714286,27791.071428571428
320,d_321,29644,2011-12-15,Thursday,12,2011,No_Event,No_Event,No_Event,No_Event,0,30352.714285714286,28024.285714285714
321,d_322,28885,2011-12-16,Friday,12,2011,No_Event,No_Event,No_Event,No_Event,0,30273.714285714286,28109.214285714286
322,d_323,34159,2011-12-17,Saturday,12,2011,No_Event,No_Event,No_Event,No_Event,0,30184.14285714286,28131.14285714286
323,d_324,32087,2011-12-18,Sunday,12,2011,No_Event,No_Event,No_Event,No_Event,0,29661.85714285714,28107.35714285714
324,d_325,27068,2011-12-19,Monday,12,2011,No_Event,No_Event,No_Event,No_Event,0,29364.285714285714,28160.714285714286
325,d_326,26262,2011-12-20,Tuesday,12,2011,No_Event,No_Event,No_Event,No_Event,0,29271.285714285714,28182.428571428572
326,d_327,26662,2011-12-21,Wednesday,12,2011,No_Event,No_Event,No_Event,No_Event,0,29252.428571428572,28035.10714285714
327,d_328,28182,2011-12-22,Thursday,12,2011,No_Event,No_Event,No_Event,No_Event,0,29043.571428571428,28383.5
328,d_329,34646,2011-12-23,Friday,12,2011,No_Event,No_Event,No_Event,No_Event,0,29866.571428571428,28763.785714285714
329,d_330,29958,2011-12-24,Saturday,12,2011,No_Event,No_Event,No_Event,No_Event,0,29266.428571428572,28930.428571428572
330,d_331,13,2011-12-25,Sunday,12,2011,Christmas,National,No_Event,No_Event,1,24684.428571428572,27961.821428571428
331,d_332,28032,2011-12-26,Monday,12,2011,No_Event,No_Event,No_Event,No_Event,0,24822.14285714286,28163.75
332,d_333,24651,2011-12-27,Tuesday,12,2011,No_Event,No_Event,No_Event,No_Event,0,24592.0,28273.285714285714
333,d_334,24791,2011-12-28,Wednesday,12,2011,Chanukah End,Religious,No_Event,No_Event,1,24324.714285714286,28405.5
334,d_335,24541,2011-12-29,Thursday,12,2011,No_Event,No_Event,No_Event,No_Event,0,23804.571428571428,28343.821428571428
335,d_336,33652,2011-12-30,Friday,12,2011,No_Event,No_Event,No_Event,No_Event,0,23662.571428571428,28484.0
336,d_337,33751,2011-12-31,Saturday,12,2011,No_Event,No_Event,No_Event,No_Event,0,24204.428571428572,28327.64285714286
337,d_338,21807,2012-01-01,Sunday,1,2012,NewYear,National,No_Event,No_Event,1,27317.85714285714,27853.678571428572
338,d_339,33053,2012-01-02,Monday,1,2012,No_Event,No_Event,No_Event,No_Event,0,28035.14285714286,27990.571428571428
339,d_340,28751,2012-01-03,Tuesday,1,2012,No_Event,No_Event,No_Event,No_Event,0,28620.85714285714,28043.571428571428
340,d_341,25821,2012-01-04,Wednesday,1,2012,No_Event,No_Event,No_Event,No_Event,0,28768.0,28056.714285714286
341,d_342,28499,2012-01-05,Thursday,1,2012,No_Event,No_Event,No_Event,No_Event,0,29333.428571428572,28133.571428571428
342,d_343,30405,2012-01-06,Friday,1,2012,No_Event,No_Event,No_Event,No_Event,0,28869.571428571428,28168.10714285714
343,d_344,37143,2012-01-07,Saturday,1,2012,OrthodoxChristmas,Religious,No_Event,No_Event,1,29354.14285714286,28252.285714285714
344,d_345,36722,2012-01-08,Sunday,1,2012,No_Event,No_Event,No_Event,No_Event,0,31484.85714285714,28287.25
345,d_346,28206,2012-01-09,Monday,1,2012,No_Event,No_Event,No_Event,No_Event,0,30792.428571428572,28253.5
346,d_347,26640,2012-01-10,Tuesday,1,2012,No_Event,No_Event,No_Event,No_Event,0,30490.85714285714,28243.75
347,d_348,29044,2012-01-11,Wednesday,1,2012,No_Event,No_Event,No_Event,No_Event,0,30951.285714285714,28324.10714285714
348,d_349,24715,2012-01-12,Thursday,1,2012,No_Event,No_Event,No_Event,No_Event,0,30410.714285714286,28148.071428571428
349,d_350,29463,2012-01-13,Friday,1,2012,No_Event,No_Event,No_Event,No_Event,0,30276.14285714286,28168.714285714286
350,d_351,36815,2012-01-14,Saturday,1,2012,No_Event,No_Event,No_Event,No_Event,0,30229.285714285714,28263.571428571428
351,d_352,36459,2012-01-15,Sunday,1,2012,No_Event,No_Event,No_Event,No_Event,0,30191.714285714286,28419.714285714286
352,d_353,30548,2012-01-16,Monday,1,2012,MartinLutherKingDay,National,No_Event,No_Event,1,30526.285714285714,28544.0
353,d_354,22187,2012-01-17,Tuesday,1,2012,No_Event,No_Event,No_Event,No_Event,0,29890.14285714286,28398.464285714286
354,d_355,25348,2012-01-18,Wednesday,1,2012,No_Event,No_Event,No_Event,No_Event,0,29362.14285714286,28351.535714285714
355,d_356,24034,2012-01-19,Thursday,1,2012,No_Event,No_Event,No_Event,No_Event,0,29264.85714285714,28203.39285714286
356,d_357,27204,2012-01-20,Friday,1,2012,No_Event,No_Event,No_Event,No_Event,0,28942.14285714286,27937.60714285714
357,d_358,38578,2012-01-21,Saturday,1,2012,No_Event,No_Event,No_Event,No_Event,0,29194.0,28245.464285714286
358,d_359,32587,2012-01-22,Sunday,1,2012,No_Event,No_Event,No_Event,No_Event,0,28640.85714285714,29408.821428571428
359,d_360,24702,2012-01-23,Monday,1,2012,No_Event,No_Event,No_Event,No_Event,0,27805.714285714286,29289.89285714286
360,d_361,23549,2012-01-24,Tuesday,1,2012,No_Event,No_Event,No_Event,No_Event,0,28000.285714285714,29250.535714285714
361,d_362,22408,2012-01-25,Wednesday,1,2012,No_Event,No_Event,No_Event,No_Event,0,27580.285714285714,29165.428571428572
362,d_363,23237,2012-01-26,Thursday,1,2012,No_Event,No_Event,No_Event,No_Event,0,27466.428571428572,29118.85714285714
363,d_364,27199,2012-01-27,Friday,1,2012,No_Event,No_Event,No_Event,No_Event,0,27465.714285714286,28888.39285714286
364,d_365,34362,2012-01-28,Saturday,1,2012,No_Event,No_Event,No_Event,No_Event,0,26863.428571428572,28910.214285714286
365,d_366,33577,2012-01-29,Sunday,1,2012,No_Event,No_Event,No_Event,No_Event,0,27004.85714285714,29330.571428571428
366,d_367,25188,2012-01-30,Monday,1,2012,No_Event,No_Event,No_Event,No_Event,0,27074.285714285714,29049.678571428572
367,d_368,25124,2012-01-31,Tuesday,1,2012,No_Event,No_Event,No_Event,No_Event,0,27299.285714285714,28920.14285714286
368,d_369,29851,2012-02-01,Wednesday,2,2012,No_Event,No_Event,No_Event,No_Event,0,28362.571428571428,29064.071428571428
369,d_370,28615,2012-02-02,Thursday,2,2012,No_Event,No_Event,No_Event,No_Event,0,29130.85714285714,29068.214285714286
370,d_371,35104,2012-02-03,Friday,2,2012,No_Event,No_Event,No_Event,No_Event,0,30260.14285714286,29236.035714285714
371,d_372,43029,2012-02-04,Saturday,2,2012,No_Event,No_Event,No_Event,No_Event,0,31498.285714285714,29446.25
372,d_373,40075,2012-02-05,Sunday,2,2012,SuperBowl,Sporting,No_Event,No_Event,1,32426.571428571428,29566.0
373,d_374,30681,2012-02-06,Monday,2,2012,No_Event,No_Event,No_Event,No_Event,0,33211.28571428572,29654.39285714286
374,d_375,28108,2012-02-07,Tuesday,2,2012,No_Event,No_Event,No_Event,No_Event,0,33637.57142857143,29706.821428571428
375,d_376,28579,2012-02-08,Wednesday,2,2012,No_Event,No_Event,No_Event,No_Event,0,33455.857142857145,29690.214285714286
376,d_377,29927,2012-02-09,Thursday,2,2012,No_Event,No_Event,No_Event,No_Event,0,33643.28571428572,29876.35714285714
377,d_378,29863,2012-02-10,Friday,2,2012,No_Event,No_Event,No_Event,No_Event,0,32894.57142857143,29890.64285714286
378,d_379,41757,2012-02-11,Saturday,2,2012,No_Event,No_Event,No_Event,No_Event,0,32712.85714285714,30067.14285714286
379,d_380,41904,2012-02-12,Sunday,2,2012,No_Event,No_Event,No_Event,No_Event,0,32974.142857142855,30261.60714285714
380,d_381,31675,2012-02-13,Monday,2,2012,No_Event,No_Event,No_Event,No_Event,0,33116.142857142855,30301.85714285714
381,d_382,25100,2012-02-14,Tuesday,2,2012,ValentinesDay,Cultural,No_Event,No_Event,1,32686.428571428572,30405.89285714286
382,d_383,26878,2012-02-15,Wednesday,2,2012,No_Event,No_Event,No_Event,No_Event,0,32443.428571428572,30460.535714285714
383,d_384,25195,2012-02-16,Thursday,2,2012,No_Event,No_Event,No_Event,No_Event,0,31767.428571428572,30502.0
384,d_385,27604,2012-02-17,Friday,2,2012,No_Event,No_Event,No_Event,No_Event,0,31444.714285714286,30516.285714285714
385,d_386,36622,2012-02-18,Saturday,2,2012,No_Event,No_Event,No_Event,No_Event,0,30711.14285714286,30446.428571428572
386,d_387,36338,2012-02-19,Sunday,2,2012,No_Event,No_Event,No_Event,No_Event,0,29916.0,30580.39285714286
387,d_388,30218,2012-02-20,Monday,2,2012,PresidentsDay,National,No_Event,No_Event,1,29707.85714285714,30777.39285714286
388,d_389,25190,2012-02-21,Tuesday,2,2012,No_Event,No_Event,No_Event,No_Event,0,29720.714285714286,30836.0
389,d_390,24115,2012-02-22,Wednesday,2,2012,LentStart,Religious,No_Event,No_Event,1,29326.0,30896.964285714286
390,d_391,25211,2012-02-23,Thursday,2,2012,No_Event,No_Event,No_Event,No_Event,0,29328.285714285714,30967.464285714286
391,d_392,27870,2012-02-24,Friday,2,2012,No_Event,No_Event,No_Event,No_Event,0,29366.285714285714,30991.428571428572
392,d_393,35769,2012-02-25,Saturday,2,2012,No_Event,No_Event,No_Event,No_Event,0,29244.428571428572,31041.678571428572
393,d_394,36281,2012-02-26,Sunday,2,2012,No_Event,No_Event,No_Event,No_Event,0,29236.285714285714,31138.25
394,d_395,27270,2012-02-27,Monday,2,2012,No_Event,No_Event,No_Event,No_Event,0,28815.14285714286,31212.60714285714
395,d_396,24359,2012-02-28,Tuesday,2,2012,No_Event,No_Event,No_Event,No_Event,0,28696.428571428572,31185.285714285714
396,d_397,24802,2012-02-29,Wednesday,2,2012,LentWeek2,Religious,No_Event,No_Event,1,28794.571428571428,31004.964285714286
397,d_398,30232,2012-03-01,Thursday,3,2012,No_Event,No_Event,No_Event,No_Event,0,29511.85714285714,31062.714285714286
398,d_399,32543,2012-03-02,Friday,3,2012,No_Event,No_Event,No_Event,No_Event,0,30179.428571428572,30971.25
399,d_400,41319,2012-03-03,Saturday,3,2012,No_Event,No_Event,No_Event,No_Event,0,30972.285714285714,30910.178571428572
400,d_401,40325,2012-03-04,Sunday,3,2012,No_Event,No_Event,No_Event,No_Event,0,31550.0,30919.10714285714
401,d_402,32703,2012-03-05,Monday,3,2012,No_Event,No_Event,No_Event,No_Event,0,32326.14285714286,30991.321428571428
402,d_403,31532,2012-03-06,Tuesday,3,2012,No_Event,No_Event,No_Event,No_Event,0,33350.857142857145,31113.60714285714
403,d_404,28608,2012-03-07,Wednesday,3,2012,No_Event,No_Event,No_Event,No_Event,0,33894.57142857143,31114.64285714286
404,d_405,29759,2012-03-08,Thursday,3,2012,Purim End,Religious,No_Event,No_Event,1,33827.0,31108.64285714286
405,d_406,32322,2012-03-09,Friday,3,2012,No_Event,No_Event,No_Event,No_Event,0,33795.42857142857,31196.464285714286
406,d_407,39559,2012-03-10,Saturday,3,2012,No_Event,No_Event,No_Event,No_Event,0,33544.0,31117.964285714286
407,d_408,40612,2012-03-11,Sunday,3,2012,No_Event,No_Event,No_Event,No_Event,0,33585.0,31071.821428571428
408,d_409,32501,2012-03-12,Monday,3,2012,No_Event,No_Event,No_Event,No_Event,0,33556.142857142855,31101.321428571428
409,d_410,29100,2012-03-13,Tuesday,3,2012,No_Event,No_Event,No_Event,No_Event,0,33208.71428571428,31244.178571428572
410,d_411,27841,2012-03-14,Wednesday,3,2012,No_Event,No_Event,No_Event,No_Event,0,33099.142857142855,31278.571428571428
411,d_412,30752,2012-03-15,Thursday,3,2012,No_Event,No_Event,No_Event,No_Event,0,33241.0,31477.035714285714
412,d_413,30951,2012-03-16,Friday,3,2012,No_Event,No_Event,No_Event,No_Event,0,33045.142857142855,31596.571428571428
413,d_414,37904,2012-03-17,Saturday,3,2012,StPatricksDay,Cultural,No_Event,No_Event,1,32808.71428571428,31642.35714285714
414,d_415,37694,2012-03-18,Sunday,3,2012,No_Event,No_Event,No_Event,No_Event,0,32391.85714285714,31690.785714285714
415,d_416,29187,2012-03-19,Monday,3,2012,No_Event,No_Event,No_Event,No_Event,0,31918.428571428572,31653.964285714286
416,d_417,25533,2012-03-20,Tuesday,3,2012,No_Event,No_Event,No_Event,No_Event,0,31408.85714285714,31666.214285714286
417,d_418,26227,2012-03-21,Wednesday,3,2012,No_Event,No_Event,No_Event,No_Event,0,31178.285714285714,31741.64285714286
418,d_419,26015,2012-03-22,Thursday,3,2012,No_Event,No_Event,No_Event,No_Event,0,30501.571428571428,31770.35714285714
419,d_420,29055,2012-03-23,Friday,3,2012,No_Event,No_Event,No_Event,No_Event,0,30230.714285714286,31812.678571428572
420,d_421,37089,2012-03-24,Saturday,3,2012,No_Event,No_Event,No_Event,No_Event,0,30114.285714285714,31859.821428571428
421,d_422,37843,2012-03-25,Sunday,3,2012,No_Event,No_Event,No_Event,No_Event,0,30135.571428571428,31915.60714285714
422,d_423,27182,2012-03-26,Monday,3,2012,No_Event,No_Event,No_Event,No_Event,0,29849.14285714286,31912.464285714286
423,d_424,24649,2012-03-27,Tuesday,3,2012,No_Event,No_Event,No_Event,No_Event,0,29722.85714285714,31922.821428571428
424,d_425,24783,2012-03-28,Wednesday,3,2012,No_Event,No_Event,No_Event,No_Event,0,29516.571428571428,31922.14285714286
425,d_426,23879,2012-03-29,Thursday,3,2012,No_Event,No_Event,No_Event,No_Event,0,29211.428571428572,31695.25
426,d_427,30732,2012-03-30,Friday,3,2012,No_Event,No_Event,No_Event,No_Event,0,29451.0,31630.571428571428
427,d_428,38463,2012-03-31,Saturday,3,2012,No_Event,No_Event,No_Event,No_Event,0,29647.285714285714,31528.571428571428
428,d_429,39783,2012-04-01,Sunday,4,2012,No_Event,No_Event,No_Event,No_Event,0,29924.428571428572,31509.214285714286
429,d_430,31359,2012-04-02,Monday,4,2012,No_Event,No_Event,No_Event,No_Event,0,30521.14285714286,31461.214285714286
430,d_431,33033,2012-04-03,Tuesday,4,2012,No_Event,No_Event,No_Event,No_Event,0,31718.85714285714,31514.821428571428
431,d_432,28318,2012-04-04,Wednesday,4,2012,No_Event,No_Event,No_Event,No_Event,0,32223.85714285714,31504.464285714286
432,d_433,31368,2012-04-05,Thursday,4,2012,No_Event,No_Event,No_Event,No_Event,0,33293.71428571428,31561.928571428572
433,d_434,37545,2012-04-06,Friday,4,2012,No_Event,No_Event,No_Event,No_Event,0,34267.0,31748.464285714286
434,d_435,45638,2012-04-07,Saturday,4,2012,No_Event,No_Event,No_Event,No_Event,0,35292.0,31965.571428571428
435,d_436,36210,2012-04-08,Sunday,4,2012,Easter,Cultural,No_Event,No_Event,1,34781.57142857143,31808.35714285714
436,d_437,31993,2012-04-09,Monday,4,2012,No_Event,No_Event,No_Event,No_Event,0,34872.142857142855,31790.214285714286
437,d_438,28800,2012-04-10,Tuesday,4,2012,No_Event,No_Event,No_Event,No_Event,0,34267.42857142857,31779.5
438,d_439,29575,2012-04-11,Wednesday,4,2012,No_Event,No_Event,No_Event,No_Event,0,34447.0,31841.428571428572
439,d_440,28568,2012-04-12,Thursday,4,2012,No_Event,No_Event,No_Event,No_Event,0,34047.0,31763.428571428572
440,d_441,31938,2012-04-13,Friday,4,2012,No_Event,No_Event,No_Event,No_Event,0,33246.0,31798.678571428572
441,d_442,38546,2012-04-14,Saturday,4,2012,Pesach End,Religious,No_Event,No_Event,1,32232.85714285714,31821.60714285714
442,d_443,38707,2012-04-15,Sunday,4,2012,OrthodoxEaster,Religious,No_Event,No_Event,1,32589.571428571428,31857.785714285714
443,d_444,27672,2012-04-16,Monday,4,2012,No_Event,No_Event,No_Event,No_Event,0,31972.285714285714,31803.678571428572
444,d_445,26067,2012-04-17,Tuesday,4,2012,No_Event,No_Event,No_Event,No_Event,0,31581.85714285714,31822.75
445,d_446,24699,2012-04-18,Wednesday,4,2012,No_Event,No_Event,No_Event,No_Event,0,30885.285714285714,31768.178571428572
446,d_447,24824,2012-04-19,Thursday,4,2012,No_Event,No_Event,No_Event,No_Event,0,30350.428571428572,31725.64285714286
447,d_448,28143,2012-04-20,Friday,4,2012,No_Event,No_Event,No_Event,No_Event,0,29808.285714285714,31693.071428571428
448,d_449,36708,2012-04-21,Saturday,4,2012,No_Event,No_Event,No_Event,No_Event,0,29545.714285714286,31679.464285714286
449,d_450,36764,2012-04-22,Sunday,4,2012,No_Event,No_Event,No_Event,No_Event,0,29268.14285714286,31640.928571428572
450,d_451,26670,2012-04-23,Monday,4,2012,No_Event,No_Event,No_Event,No_Event,0,29125.0,31622.64285714286
451,d_452,24848,2012-04-24,Tuesday,4,2012,No_Event,No_Event,No_Event,No_Event,0,28950.85714285714,31629.75
452,d_453,24448,2012-04-25,Wednesday,4,2012,No_Event,No_Event,No_Event,No_Event,0,28915.0,31617.785714285714
453,d_454,24530,2012-04-26,Thursday,4,2012,No_Event,No_Event,No_Event,No_Event,0,28873.0,31641.035714285714
454,d_455,28977,2012-04-27,Friday,4,2012,No_Event,No_Event,No_Event,No_Event,0,28992.14285714286,31578.35714285714
455,d_456,35647,2012-04-28,Saturday,4,2012,No_Event,No_Event,No_Event,No_Event,0,28840.571428571428,31477.785714285714
456,d_457,36124,2012-04-29,Sunday,4,2012,No_Event,No_Event,No_Event,No_Event,0,28749.14285714286,31347.10714285714
457,d_458,27356,2012-04-30,Monday,4,2012,No_Event,No_Event,No_Event,No_Event,0,28847.14285714286,31204.14285714286
458,d_459,30290,2012-05-01,Tuesday,5,2012,No_Event,No_Event,No_Event,No_Event,0,29624.571428571428,31106.178571428572
459,d_460,29239,2012-05-02,Wednesday,5,2012,No_Event,No_Event,No_Event,No_Event,0,30309.0,31139.071428571428
460,d_461,32959,2012-05-03,Thursday,5,2012,No_Event,No_Event,No_Event,No_Event,0,31513.14285714286,31195.89285714286
461,d_462,32932,2012-05-04,Friday,5,2012,No_Event,No_Event,No_Event,No_Event,0,32078.14285714286,31031.14285714286
462,d_463,39201,2012-05-05,Saturday,5,2012,Cinco De Mayo,Cultural,No_Event,No_Event,1,32585.85714285714,30801.25
463,d_464,41529,2012-05-06,Sunday,5,2012,No_Event,No_Event,No_Event,No_Event,0,33358.0,30991.214285714286
464,d_465,33477,2012-05-07,Monday,5,2012,No_Event,No_Event,No_Event,No_Event,0,34232.42857142857,31044.214285714286
465,d_466,30433,2012-05-08,Tuesday,5,2012,No_Event,No_Event,No_Event,No_Event,0,34252.857142857145,31102.535714285714
466,d_467,30204,2012-05-09,Wednesday,5,2012,No_Event,No_Event,No_Event,No_Event,0,34390.71428571428,31125.0
467,d_468,28164,2012-05-10,Thursday,5,2012,No_Event,No_Event,No_Event,No_Event,0,33705.71428571428,31110.571428571428
468,d_469,32814,2012-05-11,Friday,5,2012,No_Event,No_Event,No_Event,No_Event,0,33688.857142857145,31141.85714285714
469,d_470,40872,2012-05-12,Saturday,5,2012,No_Event,No_Event,No_Event,No_Event,0,33927.57142857143,31224.928571428572
470,d_471,33769,2012-05-13,Sunday,5,2012,Mother's day,Cultural,No_Event,No_Event,1,32819.0,31048.571428571428
471,d_472,31583,2012-05-14,Monday,5,2012,No_Event,No_Event,No_Event,No_Event,0,32548.428571428572,31188.25
472,d_473,31758,2012-05-15,Tuesday,5,2012,No_Event,No_Event,No_Event,No_Event,0,32737.714285714286,31391.5
473,d_474,28677,2012-05-16,Wednesday,5,2012,No_Event,No_Event,No_Event,No_Event,0,32519.571428571428,31533.571428571428
474,d_475,27323,2012-05-17,Thursday,5,2012,No_Event,No_Event,No_Event,No_Event,0,32399.428571428572,31622.821428571428
475,d_476,32311,2012-05-18,Friday,5,2012,No_Event,No_Event,No_Event,No_Event,0,32327.571428571428,31771.678571428572
476,d_477,37929,2012-05-19,Saturday,5,2012,No_Event,No_Event,No_Event,No_Event,0,31907.14285714286,31815.285714285714
477,d_478,39514,2012-05-20,Sunday,5,2012,No_Event,No_Event,No_Event,No_Event,0,32727.85714285714,31913.5
478,d_479,28805,2012-05-21,Monday,5,2012,No_Event,No_Event,No_Event,No_Event,0,32331.0,31989.75
479,d_480,27502,2012-05-22,Tuesday,5,2012,No_Event,No_Event,No_Event,No_Event,0,31723.0,32084.535714285714
480,d_481,26623,2012-05-23,Wednesday,5,2012,No_Event,No_Event,No_Event,No_Event,0,31429.571428571428,32162.214285714286
481,d_482,27963,2012-05-24,Thursday,5,2012,No_Event,No_Event,No_Event,No_Event,0,31521.0,32284.821428571428
482,d_483,32797,2012-05-25,Friday,5,2012,No_Event,No_Event,No_Event,No_Event,0,31590.428571428572,32421.25
483,d_484,37239,2012-05-26,Saturday,5,2012,No_Event,No_Event,No_Event,No_Event,0,31491.85714285714,32478.10714285714
484,d_485,33853,2012-05-27,Sunday,5,2012,No_Event,No_Event,No_Event,No_Event,0,30683.14285714286,32397.0
485,d_486,33407,2012-05-28,Monday,5,2012,MemorialDay,National,No_Event,No_Event,1,31340.571428571428,32613.10714285714
486,d_487,28620,2012-05-29,Tuesday,5,2012,No_Event,No_Event,No_Event,No_Event,0,31500.285714285714,32553.464285714286
487,d_488,27150,2012-05-30,Wednesday,5,2012,No_Event,No_Event,No_Event,No_Event,0,31575.571428571428,32478.85714285714
488,d_489,28809,2012-05-31,Thursday,5,2012,No_Event,No_Event,No_Event,No_Event,0,31696.428571428572,32330.64285714286
489,d_490,39529,2012-06-01,Friday,6,2012,No_Event,No_Event,No_Event,No_Event,0,32658.14285714286,32566.25
490,d_491,44943,2012-06-02,Saturday,6,2012,No_Event,No_Event,No_Event,No_Event,0,33758.71428571428,32771.32142857143
491,d_492,43910,2012-06-03,Sunday,6,2012,No_Event,No_Event,No_Event,No_Event,0,35195.42857142857,32856.357142857145
492,d_493,33294,2012-06-04,Monday,6,2012,No_Event,No_Event,No_Event,No_Event,0,35179.28571428572,32849.82142857143
493,d_494,34006,2012-06-05,Tuesday,6,2012,No_Event,No_Event,No_Event,No_Event,0,35948.71428571428,32977.42857142857
494,d_495,33587,2012-06-06,Wednesday,6,2012,No_Event,No_Event,No_Event,No_Event,0,36868.28571428572,33098.25
495,d_496,32535,2012-06-07,Thursday,6,2012,No_Event,No_Event,No_Event,No_Event,0,37400.57142857143,33254.357142857145
496,d_497,36901,2012-06-08,Friday,6,2012,No_Event,No_Event,No_Event,No_Event,0,37025.142857142855,33400.32142857143
497,d_498,43309,2012-06-09,Saturday,6,2012,No_Event,No_Event,No_Event,No_Event,0,36791.71428571428,33487.357142857145
498,d_499,44944,2012-06-10,Sunday,6,2012,No_Event,No_Event,No_Event,No_Event,0,36939.42857142857,33886.46428571428
499,d_500,39636,2012-06-11,Monday,6,2012,No_Event,No_Event,No_Event,No_Event,0,37845.42857142857,34174.07142857143
500,d_501,35074,2012-06-12,Tuesday,6,2012,NBAFinalsStart,Sporting,No_Event,No_Event,1,37998.0,34292.5
501,d_502,32930,2012-06-13,Wednesday,6,2012,No_Event,No_Event,No_Event,No_Event,0,37904.142857142855,34444.392857142855
502,d_503,33782,2012-06-14,Thursday,6,2012,No_Event,No_Event,No_Event,No_Event,0,38082.28571428572,34675.07142857143
503,d_504,41798,2012-06-15,Friday,6,2012,No_Event,No_Event,No_Event,No_Event,0,38781.857142857145,35013.892857142855
504,d_505,44438,2012-06-16,Saturday,6,2012,No_Event,No_Event,No_Event,No_Event,0,38943.142857142855,35246.357142857145
505,d_506,39039,2012-06-17,Sunday,6,2012,Father's day,Cultural,No_Event,No_Event,1,38099.57142857143,35229.392857142855
506,d_507,34100,2012-06-18,Monday,6,2012,No_Event,No_Event,No_Event,No_Event,0,37308.71428571428,35418.5
507,d_508,31967,2012-06-19,Tuesday,6,2012,No_Event,No_Event,No_Event,No_Event,0,36864.857142857145,35577.96428571428
508,d_509,31468,2012-06-20,Wednesday,6,2012,No_Event,No_Event,No_Event,No_Event,0,36656.0,35751.0
509,d_510,30764,2012-06-21,Thursday,6,2012,NBAFinalsEnd,Sporting,No_Event,No_Event,1,36224.857142857145,35851.03571428572
510,d_511,36477,2012-06-22,Friday,6,2012,No_Event,No_Event,No_Event,No_Event,0,35464.71428571428,35982.46428571428
511,d_512,40010,2012-06-23,Saturday,6,2012,No_Event,No_Event,No_Event,No_Event,0,34832.142857142855,36081.42857142857
512,d_513,40509,2012-06-24,Sunday,6,2012,No_Event,No_Event,No_Event,No_Event,0,35042.142857142855,36319.142857142855
513,d_514,31847,2012-06-25,Monday,6,2012,No_Event,No_Event,No_Event,No_Event,0,34720.28571428572,36263.42857142857
514,d_515,29371,2012-06-26,Tuesday,6,2012,No_Event,No_Event,No_Event,No_Event,0,34349.42857142857,36290.25
515,d_516,28885,2012-06-27,Wednesday,6,2012,No_Event,No_Event,No_Event,No_Event,0,33980.42857142857,36352.21428571428
516,d_517,29585,2012-06-28,Thursday,6,2012,No_Event,No_Event,No_Event,No_Event,0,33812.0,36379.92857142857
517,d_518,36377,2012-06-29,Friday,6,2012,No_Event,No_Event,No_Event,No_Event,0,33797.71428571428,36267.357142857145
518,d_519,40594,2012-06-30,Saturday,6,2012,No_Event,No_Event,No_Event,No_Event,0,33881.142857142855,36112.03571428572
519,d_520,40699,2012-07-01,Sunday,7,2012,No_Event,No_Event,No_Event,No_Event,0,33908.28571428572,35997.357142857145
520,d_521,35863,2012-07-02,Monday,7,2012,No_Event,No_Event,No_Event,No_Event,0,34482.0,36089.107142857145
521,d_522,39542,2012-07-03,Tuesday,7,2012,No_Event,No_Event,No_Event,No_Event,0,35935.0,36286.82142857143
522,d_523,32656,2012-07-04,Wednesday,7,2012,IndependenceDay,National,No_Event,No_Event,1,36473.71428571428,36253.57142857143
523,d_524,34408,2012-07-05,Thursday,7,2012,No_Event,No_Event,No_Event,No_Event,0,37162.71428571428,36320.46428571428
524,d_525,39991,2012-07-06,Friday,7,2012,No_Event,No_Event,No_Event,No_Event,0,37679.0,36430.82142857143
525,d_526,41431,2012-07-07,Saturday,7,2012,No_Event,No_Event,No_Event,No_Event,0,37798.57142857143,36363.75
526,d_527,42672,2012-07-08,Sunday,7,2012,No_Event,No_Event,No_Event,No_Event,0,38080.42857142857,36282.607142857145
527,d_528,35770,2012-07-09,Monday,7,2012,No_Event,No_Event,No_Event,No_Event,0,38067.142857142855,36144.53571428572
528,d_529,32587,2012-07-10,Tuesday,7,2012,No_Event,No_Event,No_Event,No_Event,0,37073.57142857143,36055.71428571428
529,d_530,33072,2012-07-11,Wednesday,7,2012,No_Event,No_Event,No_Event,No_Event,0,37133.0,36060.78571428572
530,d_531,33077,2012-07-12,Thursday,7,2012,No_Event,No_Event,No_Event,No_Event,0,36942.857142857145,36035.607142857145
531,d_532,36582,2012-07-13,Friday,7,2012,No_Event,No_Event,No_Event,No_Event,0,36455.857142857145,35849.32142857143
532,d_533,42348,2012-07-14,Saturday,7,2012,No_Event,No_Event,No_Event,No_Event,0,36586.857142857145,35774.67857142857
533,d_534,43689,2012-07-15,Sunday,7,2012,No_Event,No_Event,No_Event,No_Event,0,36732.142857142855,35940.75
534,d_535,33020,2012-07-16,Monday,7,2012,No_Event,No_Event,No_Event,No_Event,0,36339.28571428572,35902.17857142857
535,d_536,30418,2012-07-17,Tuesday,7,2012,No_Event,No_Event,No_Event,No_Event,0,36029.42857142857,35846.857142857145
536,d_537,28916,2012-07-18,Wednesday,7,2012,No_Event,No_Event,No_Event,No_Event,0,35435.71428571428,35755.71428571428
537,d_538,30864,2012-07-19,Thursday,7,2012,No_Event,No_Event,No_Event,No_Event,0,35119.57142857143,35759.28571428572
538,d_539,35402,2012-07-20,Friday,7,2012,Ramadan starts,Religious,No_Event,No_Event,1,34951.0,35720.892857142855
539,d_540,39544,2012-07-21,Saturday,7,2012,No_Event,No_Event,No_Event,No_Event,0,34550.42857142857,35704.25
540,d_541,39952,2012-07-22,Sunday,7,2012,No_Event,No_Event,No_Event,No_Event,0,34016.57142857143,35684.357142857145
541,d_542,30864,2012-07-23,Monday,7,2012,No_Event,No_Event,No_Event,No_Event,0,33708.57142857143,35649.25
542,d_543,29479,2012-07-24,Tuesday,7,2012,No_Event,No_Event,No_Event,No_Event,0,33574.42857142857,35653.107142857145
543,d_544,28354,2012-07-25,Wednesday,7,2012,No_Event,No_Event,No_Event,No_Event,0,33494.142857142855,35634.142857142855
544,d_545,28538,2012-07-26,Thursday,7,2012,No_Event,No_Event,No_Event,No_Event,0,33161.857142857145,35596.75
545,d_546,31840,2012-07-27,Friday,7,2012,No_Event,No_Event,No_Event,No_Event,0,32653.0,35434.71428571428
546,d_547,34588,2012-07-28,Saturday,7,2012,No_Event,No_Event,No_Event,No_Event,0,31945.0,35220.21428571428
547,d_548,36147,2012-07-29,Sunday,7,2012,No_Event,No_Event,No_Event,No_Event,0,31401.428571428572,35057.642857142855
548,d_549,28933,2012-07-30,Monday,7,2012,No_Event,No_Event,No_Event,No_Event,0,31125.571428571428,34810.142857142855
549,d_550,29531,2012-07-31,Tuesday,7,2012,No_Event,No_Event,No_Event,No_Event,0,31133.0,34452.607142857145
550,d_551,33970,2012-08-01,Wednesday,8,2012,No_Event,No_Event,No_Event,No_Event,0,31935.285714285714,34499.53571428572
551,d_552,35260,2012-08-02,Thursday,8,2012,No_Event,No_Event,No_Event,No_Event,0,32895.57142857143,34529.96428571428
552,d_553,39511,2012-08-03,Friday,8,2012,No_Event,No_Event,No_Event,No_Event,0,33991.42857142857,34512.82142857143
553,d_554,41276,2012-08-04,Saturday,8,2012,No_Event,No_Event,No_Event,No_Event,0,34946.857142857145,34507.28571428572
554,d_555,43009,2012-08-05,Sunday,8,2012,No_Event,No_Event,No_Event,No_Event,0,35927.142857142855,34519.32142857143
555,d_556,37024,2012-08-06,Monday,8,2012,No_Event,No_Event,No_Event,No_Event,0,37083.0,34564.107142857145
556,d_557,32394,2012-08-07,Tuesday,8,2012,No_Event,No_Event,No_Event,No_Event,0,37492.0,34557.21428571428
557,d_558,32301,2012-08-08,Wednesday,8,2012,No_Event,No_Event,No_Event,No_Event,0,37253.57142857143,34529.67857142857
558,d_559,35008,2012-08-09,Thursday,8,2012,No_Event,No_Event,No_Event,No_Event,0,37217.57142857143,34598.642857142855
559,d_560,36465,2012-08-10,Friday,8,2012,No_Event,No_Event,No_Event,No_Event,0,36782.42857142857,34594.46428571428
560,d_561,44081,2012-08-11,Saturday,8,2012,No_Event,No_Event,No_Event,No_Event,0,37183.142857142855,34656.357142857145
561,d_562,45798,2012-08-12,Sunday,8,2012,No_Event,No_Event,No_Event,No_Event,0,37581.57142857143,34731.67857142857
562,d_563,36030,2012-08-13,Monday,8,2012,No_Event,No_Event,No_Event,No_Event,0,37439.57142857143,34839.17857142857
563,d_564,34312,2012-08-14,Tuesday,8,2012,No_Event,No_Event,No_Event,No_Event,0,37713.57142857143,34978.25
564,d_565,35497,2012-08-15,Wednesday,8,2012,No_Event,No_Event,No_Event,No_Event,0,38170.142857142855,35213.28571428572
565,d_566,34405,2012-08-16,Thursday,8,2012,No_Event,No_Event,No_Event,No_Event,0,38084.0,35339.75
566,d_567,35457,2012-08-17,Friday,8,2012,No_Event,No_Event,No_Event,No_Event,0,37940.0,35341.71428571428
567,d_568,41521,2012-08-18,Saturday,8,2012,No_Event,No_Event,No_Event,No_Event,0,37574.28571428572,35412.32142857143
568,d_569,43364,2012-08-19,Sunday,8,2012,Eid al-Fitr,Religious,No_Event,No_Event,1,37226.57142857143,35534.17857142857
569,d_570,32410,2012-08-20,Monday,8,2012,No_Event,No_Event,No_Event,No_Event,0,36709.42857142857,35589.392857142855
570,d_571,30206,2012-08-21,Tuesday,8,2012,No_Event,No_Event,No_Event,No_Event,0,36122.857142857145,35615.357142857145
571,d_572,28922,2012-08-22,Wednesday,8,2012,No_Event,No_Event,No_Event,No_Event,0,35183.57142857143,35635.642857142855
572,d_573,28552,2012-08-23,Thursday,8,2012,No_Event,No_Event,No_Event,No_Event,0,34347.42857142857,35636.142857142855
573,d_574,33044,2012-08-24,Friday,8,2012,No_Event,No_Event,No_Event,No_Event,0,34002.71428571428,35679.142857142855
574,d_575,39964,2012-08-25,Saturday,8,2012,No_Event,No_Event,No_Event,No_Event,0,33780.28571428572,35871.142857142855
575,d_576,41021,2012-08-26,Sunday,8,2012,No_Event,No_Event,No_Event,No_Event,0,33445.57142857143,36045.21428571428
576,d_577,31010,2012-08-27,Monday,8,2012,No_Event,No_Event,No_Event,No_Event,0,33245.57142857143,36119.392857142855
577,d_578,28472,2012-08-28,Tuesday,8,2012,No_Event,No_Event,No_Event,No_Event,0,32997.857142857145,36081.57142857143
578,d_579,27101,2012-08-29,Wednesday,8,2012,No_Event,No_Event,No_Event,No_Event,0,32737.714285714286,35836.25
579,d_580,28303,2012-08-30,Thursday,8,2012,No_Event,No_Event,No_Event,No_Event,0,32702.14285714286,35587.78571428572
580,d_581,37092,2012-08-31,Friday,8,2012,No_Event,No_Event,No_Event,No_Event,0,33280.42857142857,35501.392857142855
581,d_582,44630,2012-09-01,Saturday,9,2012,No_Event,No_Event,No_Event,No_Event,0,33947.0,35621.17857142857
582,d_583,42819,2012-09-02,Sunday,9,2012,No_Event,No_Event,No_Event,No_Event,0,34203.857142857145,35614.392857142855
583,d_584,44525,2012-09-03,Monday,9,2012,LaborDay,National,No_Event,No_Event,1,36134.57142857143,35882.28571428572
584,d_585,31879,2012-09-04,Tuesday,9,2012,No_Event,No_Event,No_Event,No_Event,0,36621.28571428572,35863.892857142855
585,d_586,31854,2012-09-05,Wednesday,9,2012,No_Event,No_Event,No_Event,No_Event,0,37300.28571428572,35847.92857142857
586,d_587,32575,2012-09-06,Thursday,9,2012,No_Event,No_Event,No_Event,No_Event,0,37910.57142857143,35761.03571428572
587,d_588,34775,2012-09-07,Friday,9,2012,No_Event,No_Event,No_Event,No_Event,0,37579.57142857143,35700.67857142857
588,d_589,43218,2012-09-08,Saturday,9,2012,No_Event,No_Event,No_Event,No_Event,0,37377.857142857145,35669.857142857145
589,d_590,46649,2012-09-09,Sunday,9,2012,No_Event,No_Event,No_Event,No_Event,0,37925.0,35700.25
590,d_591,32972,2012-09-10,Monday,9,2012,No_Event,No_Event,No_Event,No_Event,0,36274.57142857143,35591.03571428572
591,d_592,32370,2012-09-11,Tuesday,9,2012,No_Event,No_Event,No_Event,No_Event,0,36344.71428571428,35521.67857142857
592,d_593,31018,2012-09-12,Wednesday,9,2012,No_Event,No_Event,No_Event,No_Event,0,36225.28571428572,35361.71428571428
593,d_594,30142,2012-09-13,Thursday,9,2012,No_Event,No_Event,No_Event,No_Event,0,35877.71428571428,35209.46428571428
594,d_595,36359,2012-09-14,Friday,9,2012,No_Event,No_Event,No_Event,No_Event,0,36104.0,35241.67857142857
595,d_596,45959,2012-09-15,Saturday,9,2012,No_Event,No_Event,No_Event,No_Event,0,36495.57142857143,35400.17857142857
596,d_597,44286,2012-09-16,Sunday,9,2012,No_Event,No_Event,No_Event,No_Event,0,36158.0,35433.107142857145
597,d_598,31860,2012-09-17,Monday,9,2012,No_Event,No_Event,No_Event,No_Event,0,35999.142857142855,35413.46428571428
598,d_599,29276,2012-09-18,Tuesday,9,2012,No_Event,No_Event,No_Event,No_Event,0,35557.142857142855,35380.25
599,d_600,27065,2012-09-19,Wednesday,9,2012,No_Event,No_Event,No_Event,No_Event,0,34992.42857142857,35313.92857142857
600,d_601,28557,2012-09-20,Thursday,9,2012,No_Event,No_Event,No_Event,No_Event,0,34766.0,35314.107142857145
601,d_602,33634,2012-09-21,Friday,9,2012,No_Event,No_Event,No_Event,No_Event,0,34376.71428571428,35335.17857142857
602,d_603,41889,2012-09-22,Saturday,9,2012,No_Event,No_Event,No_Event,No_Event,0,33795.28571428572,35403.92857142857
603,d_604,41362,2012-09-23,Sunday,9,2012,No_Event,No_Event,No_Event,No_Event,0,33377.57142857143,35416.107142857145
604,d_605,29176,2012-09-24,Monday,9,2012,No_Event,No_Event,No_Event,No_Event,0,32994.142857142855,35350.607142857145
605,d_606,27979,2012-09-25,Tuesday,9,2012,No_Event,No_Event,No_Event,No_Event,0,32808.857142857145,35333.0
606,d_607,26932,2012-09-26,Wednesday,9,2012,No_Event,No_Event,No_Event,No_Event,0,32789.857142857145,35326.96428571428
607,d_608,27231,2012-09-27,Thursday,9,2012,No_Event,No_Event,No_Event,No_Event,0,32600.428571428572,35288.67857142857
608,d_609,32656,2012-09-28,Friday,9,2012,No_Event,No_Event,No_Event,No_Event,0,32460.714285714286,35130.25
609,d_610,40981,2012-09-29,Saturday,9,2012,No_Event,No_Event,No_Event,No_Event,0,32331.0,34999.92857142857
610,d_611,39736,2012-09-30,Sunday,9,2012,No_Event,No_Event,No_Event,No_Event,0,32098.714285714286,34889.82142857143
611,d_612,34841,2012-10-01,Monday,10,2012,No_Event,No_Event,No_Event,No_Event,0,32908.0,34543.96428571428
612,d_613,33830,2012-10-02,Tuesday,10,2012,No_Event,No_Event,No_Event,No_Event,0,33743.857142857145,34613.642857142855
613,d_614,34220,2012-10-03,Wednesday,10,2012,No_Event,No_Event,No_Event,No_Event,0,34785.0,34698.142857142855
614,d_615,30075,2012-10-04,Thursday,10,2012,No_Event,No_Event,No_Event,No_Event,0,35191.28571428572,34608.857142857145
615,d_616,34588,2012-10-05,Friday,10,2012,No_Event,No_Event,No_Event,No_Event,0,35467.28571428572,34602.17857142857
616,d_617,44040,2012-10-06,Saturday,10,2012,No_Event,No_Event,No_Event,No_Event,0,35904.28571428572,34631.53571428572
617,d_618,41872,2012-10-07,Sunday,10,2012,No_Event,No_Event,No_Event,No_Event,0,36209.42857142857,34460.92857142857
618,d_619,33790,2012-10-08,Monday,10,2012,ColumbusDay,National,No_Event,No_Event,1,36059.28571428572,34490.142857142855
619,d_620,32295,2012-10-09,Tuesday,10,2012,No_Event,No_Event,No_Event,No_Event,0,35840.0,34487.46428571428
620,d_621,29969,2012-10-10,Wednesday,10,2012,No_Event,No_Event,No_Event,No_Event,0,35232.71428571428,34450.0
621,d_622,29998,2012-10-11,Thursday,10,2012,No_Event,No_Event,No_Event,No_Event,0,35221.71428571428,34444.857142857145
622,d_623,35052,2012-10-12,Friday,10,2012,No_Event,No_Event,No_Event,No_Event,0,35288.0,34398.17857142857
623,d_624,42226,2012-10-13,Saturday,10,2012,No_Event,No_Event,No_Event,No_Event,0,35028.857142857145,34264.857142857145
624,d_625,42237,2012-10-14,Sunday,10,2012,No_Event,No_Event,No_Event,No_Event,0,35081.0,34191.67857142857
625,d_626,33684,2012-10-15,Monday,10,2012,No_Event,No_Event,No_Event,No_Event,0,35065.857142857145,34256.82142857143
626,d_627,27869,2012-10-16,Tuesday,10,2012,No_Event,No_Event,No_Event,No_Event,0,34433.57142857143,34206.57142857143
627,d_628,27103,2012-10-17,Wednesday,10,2012,No_Event,No_Event,No_Event,No_Event,0,34024.142857142855,34207.92857142857
628,d_629,26169,2012-10-18,Thursday,10,2012,No_Event,No_Event,No_Event,No_Event,0,33477.142857142855,34122.642857142855
629,d_630,29711,2012-10-19,Friday,10,2012,No_Event,No_Event,No_Event,No_Event,0,32714.14285714286,33982.53571428572
630,d_631,36689,2012-10-20,Saturday,10,2012,No_Event,No_Event,No_Event,No_Event,0,31923.14285714286,33796.82142857143
631,d_632,36987,2012-10-21,Sunday,10,2012,No_Event,No_Event,No_Event,No_Event,0,31173.14285714286,33640.57142857143
632,d_633,26712,2012-10-22,Monday,10,2012,No_Event,No_Event,No_Event,No_Event,0,30177.14285714286,33552.57142857143
633,d_634,25419,2012-10-23,Tuesday,10,2012,No_Event,No_Event,No_Event,No_Event,0,29827.14285714286,33461.142857142855
634,d_635,24390,2012-10-24,Wednesday,10,2012,No_Event,No_Event,No_Event,No_Event,0,29439.571428571428,33370.357142857145
635,d_636,24312,2012-10-25,Thursday,10,2012,No_Event,No_Event,No_Event,No_Event,0,29174.285714285714,33266.107142857145
636,d_637,31863,2012-10-26,Friday,10,2012,EidAlAdha,Religious,No_Event,No_Event,1,29481.714285714286,33237.78571428572
637,d_638,38547,2012-10-27,Saturday,10,2012,No_Event,No_Event,No_Event,No_Event,0,29747.14285714286,33150.857142857145
638,d_639,37184,2012-10-28,Sunday,10,2012,No_Event,No_Event,No_Event,No_Event,0,29775.285714285714,33059.71428571428
639,d_640,27581,2012-10-29,Monday,10,2012,No_Event,No_Event,No_Event,No_Event,0,29899.428571428572,32800.42857142857
640,d_641,28080,2012-10-30,Tuesday,10,2012,No_Event,No_Event,No_Event,No_Event,0,30279.571428571428,32595.071428571428
641,d_642,24975,2012-10-31,Wednesday,10,2012,Halloween,Cultural,No_Event,No_Event,1,30363.14285714286,32264.89285714286
642,d_643,31051,2012-11-01,Thursday,11,2012,No_Event,No_Event,No_Event,No_Event,0,31325.85714285714,32299.75
643,d_644,35514,2012-11-02,Friday,11,2012,No_Event,No_Event,No_Event,No_Event,0,31847.428571428572,32332.821428571428
644,d_645,45079,2012-11-03,Saturday,11,2012,No_Event,No_Event,No_Event,No_Event,0,32780.57142857143,32369.928571428572
645,d_646,42545,2012-11-04,Sunday,11,2012,No_Event,No_Event,No_Event,No_Event,0,33546.42857142857,32393.964285714286
646,d_647,33057,2012-11-05,Monday,11,2012,No_Event,No_Event,No_Event,No_Event,0,34328.71428571428,32367.785714285714
647,d_648,30514,2012-11-06,Tuesday,11,2012,No_Event,No_Event,No_Event,No_Event,0,34676.42857142857,32304.178571428572
648,d_649,29683,2012-11-07,Wednesday,11,2012,No_Event,No_Event,No_Event,No_Event,0,35349.0,32293.964285714286
649,d_650,30757,2012-11-08,Thursday,11,2012,No_Event,No_Event,No_Event,No_Event,0,35307.0,32321.071428571428
650,d_651,35722,2012-11-09,Friday,11,2012,No_Event,No_Event,No_Event,No_Event,0,35336.71428571428,32345.0
651,d_652,42884,2012-11-10,Saturday,11,2012,No_Event,No_Event,No_Event,No_Event,0,35023.142857142855,32368.5
652,d_653,43517,2012-11-11,Sunday,11,2012,VeteransDay,National,No_Event,No_Event,1,35162.0,32414.214285714286
653,d_654,33213,2012-11-12,Monday,11,2012,No_Event,No_Event,No_Event,No_Event,0,35184.28571428572,32397.39285714286
654,d_655,28308,2012-11-13,Tuesday,11,2012,No_Event,No_Event,No_Event,No_Event,0,34869.142857142855,32413.071428571428
655,d_656,27835,2012-11-14,Wednesday,11,2012,No_Event,No_Event,No_Event,No_Event,0,34605.142857142855,32439.214285714286
656,d_657,29713,2012-11-15,Thursday,11,2012,No_Event,No_Event,No_Event,No_Event,0,34456.0,32565.785714285714
657,d_658,31616,2012-11-16,Friday,11,2012,No_Event,No_Event,No_Event,No_Event,0,33869.42857142857,32633.821428571428
658,d_659,40441,2012-11-17,Saturday,11,2012,No_Event,No_Event,No_Event,No_Event,0,33520.42857142857,32767.821428571428
659,d_660,37576,2012-11-18,Sunday,11,2012,No_Event,No_Event,No_Event,No_Event,0,32671.714285714286,32788.857142857145
660,d_661,29330,2012-11-19,Monday,11,2012,No_Event,No_Event,No_Event,No_Event,0,32117.0,32882.357142857145
661,d_662,30274,2012-11-20,Tuesday,11,2012,No_Event,No_Event,No_Event,No_Event,0,32397.85714285714,33055.75
662,d_663,35208,2012-11-21,Wednesday,11,2012,No_Event,No_Event,No_Event,No_Event,0,33451.142857142855,33442.107142857145
663,d_664,21909,2012-11-22,Thursday,11,2012,Thanksgiving,National,No_Event,No_Event,1,32336.285714285714,33356.28571428572
664,d_665,23423,2012-11-23,Friday,11,2012,No_Event,No_Event,No_Event,No_Event,0,31165.85714285714,33054.857142857145
665,d_666,30016,2012-11-24,Saturday,11,2012,No_Event,No_Event,No_Event,No_Event,0,29676.571428571428,32750.178571428572
666,d_667,32732,2012-11-25,Sunday,11,2012,No_Event,No_Event,No_Event,No_Event,0,28984.571428571428,32591.178571428572
667,d_668,26476,2012-11-26,Monday,11,2012,No_Event,No_Event,No_Event,No_Event,0,28576.85714285714,32551.714285714286
668,d_669,24489,2012-11-27,Tuesday,11,2012,No_Event,No_Event,No_Event,No_Event,0,27750.428571428572,32423.464285714286
669,d_670,23545,2012-11-28,Wednesday,11,2012,No_Event,No_Event,No_Event,No_Event,0,26084.285714285714,32372.39285714286
670,d_671,23868,2012-11-29,Thursday,11,2012,No_Event,No_Event,No_Event,No_Event,0,26364.14285714286,32115.85714285714
671,d_672,30389,2012-11-30,Friday,11,2012,No_Event,No_Event,No_Event,No_Event,0,27359.285714285714,31932.821428571428
672,d_673,42496,2012-12-01,Saturday,12,2012,No_Event,No_Event,No_Event,No_Event,0,29142.14285714286,31840.571428571428
673,d_674,40940,2012-12-02,Sunday,12,2012,No_Event,No_Event,No_Event,No_Event,0,30314.714285714286,31783.25
674,d_675,35337,2012-12-03,Monday,12,2012,No_Event,No_Event,No_Event,No_Event,0,31580.571428571428,31864.678571428572
675,d_676,28819,2012-12-04,Tuesday,12,2012,No_Event,No_Event,No_Event,No_Event,0,32199.14285714286,31804.14285714286
676,d_677,31184,2012-12-05,Wednesday,12,2012,No_Event,No_Event,No_Event,No_Event,0,33290.42857142857,31857.75
677,d_678,31124,2012-12-06,Thursday,12,2012,No_Event,No_Event,No_Event,No_Event,0,34327.0,31870.85714285714
678,d_679,33594,2012-12-07,Friday,12,2012,No_Event,No_Event,No_Event,No_Event,0,34784.857142857145,31794.85714285714
679,d_680,41573,2012-12-08,Saturday,12,2012,No_Event,No_Event,No_Event,No_Event,0,34653.0,31748.035714285714
680,d_681,42526,2012-12-09,Sunday,12,2012,No_Event,No_Event,No_Event,No_Event,0,34879.57142857143,31712.64285714286
681,d_682,31089,2012-12-10,Monday,12,2012,No_Event,No_Event,No_Event,No_Event,0,34272.71428571428,31636.785714285714
682,d_683,30298,2012-12-11,Tuesday,12,2012,No_Event,No_Event,No_Event,No_Event,0,34484.0,31707.85714285714
683,d_684,30016,2012-12-12,Wednesday,12,2012,No_Event,No_Event,No_Event,No_Event,0,34317.142857142855,31785.75
684,d_685,28671,2012-12-13,Thursday,12,2012,No_Event,No_Event,No_Event,No_Event,0,33966.71428571428,31748.535714285714
685,d_686,32902,2012-12-14,Friday,12,2012,No_Event,No_Event,No_Event,No_Event,0,33867.857142857145,31794.464285714286
686,d_687,42390,2012-12-15,Saturday,12,2012,No_Event,No_Event,No_Event,No_Event,0,33984.57142857143,31864.071428571428
687,d_688,40053,2012-12-16,Sunday,12,2012,Chanukah End,Religious,No_Event,No_Event,1,33631.28571428572,31952.535714285714
688,d_689,31025,2012-12-17,Monday,12,2012,No_Event,No_Event,No_Event,No_Event,0,33622.142857142855,32013.071428571428
689,d_690,30254,2012-12-18,Tuesday,12,2012,No_Event,No_Event,No_Event,No_Event,0,33615.857142857145,32012.35714285714
690,d_691,31782,2012-12-19,Wednesday,12,2012,No_Event,No_Event,No_Event,No_Event,0,33868.142857142855,31890.0
691,d_692,30872,2012-12-20,Thursday,12,2012,No_Event,No_Event,No_Event,No_Event,0,34182.57142857143,32210.10714285714
692,d_693,32848,2012-12-21,Friday,12,2012,No_Event,No_Event,No_Event,No_Event,0,34174.857142857145,32546.714285714286
693,d_694,40015,2012-12-22,Saturday,12,2012,No_Event,No_Event,No_Event,No_Event,0,33835.57142857143,32903.82142857143
694,d_695,38987,2012-12-23,Sunday,12,2012,No_Event,No_Event,No_Event,No_Event,0,33683.28571428572,33127.21428571428
695,d_696,32623,2012-12-24,Monday,12,2012,No_Event,No_Event,No_Event,No_Event,0,33911.57142857143,33346.75
696,d_697,11,2012-12-25,Tuesday,12,2012,Christmas,National,No_Event,No_Event,1,29591.14285714286,32472.535714285714
697,d_698,29701,2012-12-26,Wednesday,12,2012,No_Event,No_Event,No_Event,No_Event,0,29293.85714285714,32692.39285714286
698,d_699,29086,2012-12-27,Thursday,12,2012,No_Event,No_Event,No_Event,No_Event,0,29038.714285714286,32878.75
699,d_700,32347,2012-12-28,Friday,12,2012,No_Event,No_Event,No_Event,No_Event,0,28967.14285714286,32948.67857142857
700,d_701,37154,2012-12-29,Saturday,12,2012,No_Event,No_Event,No_Event,No_Event,0,28558.428571428572,32757.89285714286
701,d_702,35699,2012-12-30,Sunday,12,2012,No_Event,No_Event,No_Event,No_Event,0,28088.714285714286,32570.714285714286
702,d_703,35036,2012-12-31,Monday,12,2012,No_Event,No_Event,No_Event,No_Event,0,28433.428571428572,32559.964285714286
703,d_704,24087,2013-01-01,Tuesday,1,2013,NewYear,National,No_Event,No_Event,1,31872.85714285714,32390.964285714286
704,d_705,32184,2013-01-02,Wednesday,1,2013,No_Event,No_Event,No_Event,No_Event,0,32227.571428571428,32426.678571428572
705,d_706,36241,2013-01-03,Thursday,1,2013,No_Event,No_Event,No_Event,No_Event,0,33249.71428571428,32609.428571428572
706,d_707,33742,2013-01-04,Friday,1,2013,No_Event,No_Event,No_Event,No_Event,0,33449.0,32614.714285714286
707,d_708,43287,2013-01-05,Saturday,1,2013,No_Event,No_Event,No_Event,No_Event,0,34325.142857142855,32675.928571428572
708,d_709,43994,2013-01-06,Sunday,1,2013,No_Event,No_Event,No_Event,No_Event,0,35510.142857142855,32728.35714285714
709,d_710,33517,2013-01-07,Monday,1,2013,OrthodoxChristmas,Religious,No_Event,No_Event,1,35293.142857142855,32815.07142857143
710,d_711,31220,2013-01-08,Tuesday,1,2013,No_Event,No_Event,No_Event,No_Event,0,36312.142857142855,32848.0
711,d_712,29532,2013-01-09,Wednesday,1,2013,No_Event,No_Event,No_Event,No_Event,0,35933.28571428572,32830.71428571428
712,d_713,29793,2013-01-10,Thursday,1,2013,No_Event,No_Event,No_Event,No_Event,0,35012.142857142855,32870.78571428572
713,d_714,34476,2013-01-11,Friday,1,2013,No_Event,No_Event,No_Event,No_Event,0,35117.0,32927.0
714,d_715,45878,2013-01-12,Saturday,1,2013,No_Event,No_Event,No_Event,No_Event,0,35487.142857142855,33051.57142857143
715,d_716,40207,2013-01-13,Sunday,1,2013,No_Event,No_Event,No_Event,No_Event,0,34946.142857142855,33057.07142857143
716,d_717,30614,2013-01-14,Monday,1,2013,No_Event,No_Event,No_Event,No_Event,0,34531.42857142857,33042.392857142855
717,d_718,30901,2013-01-15,Tuesday,1,2013,No_Event,No_Event,No_Event,No_Event,0,34485.857142857145,33065.5
718,d_719,28802,2013-01-16,Wednesday,1,2013,No_Event,No_Event,No_Event,No_Event,0,34381.57142857143,32959.07142857143
719,d_720,28370,2013-01-17,Thursday,1,2013,No_Event,No_Event,No_Event,No_Event,0,34178.28571428572,32869.71428571428
720,d_721,32812,2013-01-18,Friday,1,2013,No_Event,No_Event,No_Event,No_Event,0,33940.57142857143,32868.42857142857
721,d_722,42267,2013-01-19,Saturday,1,2013,No_Event,No_Event,No_Event,No_Event,0,33424.71428571428,32948.857142857145
722,d_723,37041,2013-01-20,Sunday,1,2013,No_Event,No_Event,No_Event,No_Event,0,32972.42857142857,32879.357142857145
723,d_724,30887,2013-01-21,Monday,1,2013,MartinLutherKingDay,National,No_Event,No_Event,1,33011.42857142857,32817.357142857145
724,d_725,25556,2013-01-22,Tuesday,1,2013,No_Event,No_Event,No_Event,No_Event,0,32247.85714285714,33729.67857142857
725,d_726,25594,2013-01-23,Wednesday,1,2013,No_Event,No_Event,No_Event,No_Event,0,31789.571428571428,33583.0
726,d_727,24967,2013-01-24,Thursday,1,2013,No_Event,No_Event,No_Event,No_Event,0,31303.428571428572,33435.892857142855
727,d_728,29852,2013-01-25,Friday,1,2013,No_Event,No_Event,No_Event,No_Event,0,30880.571428571428,33346.78571428572
728,d_729,40693,2013-01-26,Saturday,1,2013,No_Event,No_Event,No_Event,No_Event,0,30655.714285714286,33473.17857142857
729,d_730,38427,2013-01-27,Sunday,1,2013,No_Event,No_Event,No_Event,No_Event,0,30853.714285714286,33570.607142857145
730,d_731,27796,2013-01-28,Monday,1,2013,No_Event,No_Event,No_Event,No_Event,0,30412.14285714286,33312.03571428572
731,d_732,25549,2013-01-29,Tuesday,1,2013,No_Event,No_Event,No_Event,No_Event,0,30411.14285714286,33364.25
732,d_733,23523,2013-01-30,Wednesday,1,2013,No_Event,No_Event,No_Event,No_Event,0,30115.285714285714,33054.92857142857
733,d_734,26751,2013-01-31,Thursday,1,2013,No_Event,No_Event,No_Event,No_Event,0,30370.14285714286,32716.0
734,d_735,39076,2013-02-01,Friday,2,2013,No_Event,No_Event,No_Event,No_Event,0,31687.85714285714,32906.5
735,d_736,51032,2013-02-02,Saturday,2,2013,No_Event,No_Event,No_Event,No_Event,0,33164.857142857145,33183.107142857145
736,d_737,41558,2013-02-03,Sunday,2,2013,SuperBowl,Sporting,No_Event,No_Event,1,33612.142857142855,33096.107142857145
737,d_738,28992,2013-02-04,Monday,2,2013,No_Event,No_Event,No_Event,No_Event,0,33783.0,32934.5
738,d_739,31633,2013-02-05,Tuesday,2,2013,No_Event,No_Event,No_Event,No_Event,0,34652.142857142855,32949.25
739,d_740,31937,2013-02-06,Wednesday,2,2013,No_Event,No_Event,No_Event,No_Event,0,35854.142857142855,33035.142857142855
740,d_741,29699,2013-02-07,Thursday,2,2013,No_Event,No_Event,No_Event,No_Event,0,36275.28571428572,33031.78571428572
741,d_742,35546,2013-02-08,Friday,2,2013,No_Event,No_Event,No_Event,No_Event,0,35771.0,33070.0
742,d_743,45852,2013-02-09,Saturday,2,2013,No_Event,No_Event,No_Event,No_Event,0,35031.0,33069.07142857143
743,d_744,43910,2013-02-10,Sunday,2,2013,No_Event,No_Event,No_Event,No_Event,0,35367.0,33201.32142857143
744,d_745,36617,2013-02-11,Monday,2,2013,No_Event,No_Event,No_Event,No_Event,0,36456.28571428572,33415.71428571428
745,d_746,36141,2013-02-12,Tuesday,2,2013,No_Event,No_Event,No_Event,No_Event,0,37100.28571428572,33602.857142857145
746,d_747,38551,2013-02-13,Wednesday,2,2013,LentStart,Religious,No_Event,No_Event,1,38045.142857142855,33951.03571428572
747,d_748,30209,2013-02-14,Thursday,2,2013,ValentinesDay,Cultural,No_Event,No_Event,1,38118.0,34016.71428571428
748,d_749,38260,2013-02-15,Friday,2,2013,No_Event,No_Event,No_Event,No_Event,0,38505.71428571428,34211.28571428572
749,d_750,45157,2013-02-16,Saturday,2,2013,No_Event,No_Event,No_Event,No_Event,0,38406.42857142857,34314.5
750,d_751,44653,2013-02-17,Sunday,2,2013,No_Event,No_Event,No_Event,No_Event,0,38512.57142857143,34586.357142857145
751,d_752,34638,2013-02-18,Monday,2,2013,PresidentsDay,National,No_Event,No_Event,1,38229.857142857145,34720.32142857143
752,d_753,28248,2013-02-19,Tuesday,2,2013,No_Event,No_Event,No_Event,No_Event,0,37102.28571428572,34816.46428571428
753,d_754,30201,2013-02-20,Wednesday,2,2013,LentWeek2,Religious,No_Event,No_Event,1,35909.42857142857,34981.0
754,d_755,31408,2013-02-21,Thursday,2,2013,No_Event,No_Event,No_Event,No_Event,0,36080.71428571428,35211.03571428572
755,d_756,32563,2013-02-22,Friday,2,2013,No_Event,No_Event,No_Event,No_Event,0,35266.857142857145,35307.857142857145
756,d_757,43031,2013-02-23,Saturday,2,2013,No_Event,No_Event,No_Event,No_Event,0,34963.142857142855,35391.357142857145
757,d_758,44142,2013-02-24,Sunday,2,2013,Purim End,Religious,No_Event,No_Event,1,34890.142857142855,35595.46428571428
758,d_759,32020,2013-02-25,Monday,2,2013,No_Event,No_Event,No_Event,No_Event,0,34516.142857142855,35746.32142857143
759,d_760,27328,2013-02-26,Tuesday,2,2013,No_Event,No_Event,No_Event,No_Event,0,34384.71428571428,35809.857142857145
760,d_761,27884,2013-02-27,Wednesday,2,2013,No_Event,No_Event,No_Event,No_Event,0,34053.71428571428,35965.607142857145
761,d_762,30374,2013-02-28,Thursday,2,2013,No_Event,No_Event,No_Event,No_Event,0,33906.0,36095.0
762,d_763,39451,2013-03-01,Friday,3,2013,No_Event,No_Event,No_Event,No_Event,0,34890.0,36108.392857142855
763,d_764,49772,2013-03-02,Saturday,3,2013,No_Event,No_Event,No_Event,No_Event,0,35853.0,36063.392857142855
764,d_765,48247,2013-03-03,Sunday,3,2013,No_Event,No_Event,No_Event,No_Event,0,36439.42857142857,36302.28571428572
765,d_766,35817,2013-03-04,Monday,3,2013,No_Event,No_Event,No_Event,No_Event,0,36981.857142857145,36546.03571428572
766,d_767,31236,2013-03-05,Tuesday,3,2013,No_Event,No_Event,No_Event,No_Event,0,37540.142857142855,36531.857142857145
767,d_768,32028,2013-03-06,Wednesday,3,2013,No_Event,No_Event,No_Event,No_Event,0,38132.142857142855,36535.107142857145
768,d_769,29770,2013-03-07,Thursday,3,2013,No_Event,No_Event,No_Event,No_Event,0,38045.857142857145,36537.642857142855
769,d_770,34292,2013-03-08,Friday,3,2013,No_Event,No_Event,No_Event,No_Event,0,37308.857142857145,36492.857142857145
770,d_771,44889,2013-03-09,Saturday,3,2013,No_Event,No_Event,No_Event,No_Event,0,36611.28571428572,36458.46428571428
771,d_772,44108,2013-03-10,Sunday,3,2013,No_Event,No_Event,No_Event,No_Event,0,36020.0,36465.53571428572
772,d_773,36438,2013-03-11,Monday,3,2013,No_Event,No_Event,No_Event,No_Event,0,36108.71428571428,36459.142857142855
773,d_774,33792,2013-03-12,Tuesday,3,2013,No_Event,No_Event,No_Event,No_Event,0,36473.857142857145,36375.25
774,d_775,31808,2013-03-13,Wednesday,3,2013,No_Event,No_Event,No_Event,No_Event,0,36442.42857142857,36134.42857142857
775,d_776,33167,2013-03-14,Thursday,3,2013,No_Event,No_Event,No_Event,No_Event,0,36927.71428571428,36240.07142857143
776,d_777,37501,2013-03-15,Friday,3,2013,No_Event,No_Event,No_Event,No_Event,0,37386.142857142855,36212.96428571428
777,d_778,43652,2013-03-16,Saturday,3,2013,No_Event,No_Event,No_Event,No_Event,0,37209.42857142857,36159.21428571428
778,d_779,42570,2013-03-17,Sunday,3,2013,StPatricksDay,Cultural,No_Event,No_Event,1,36989.71428571428,36084.82142857143
779,d_780,31365,2013-03-18,Monday,3,2013,No_Event,No_Event,No_Event,No_Event,0,36265.0,35967.92857142857
780,d_781,29012,2013-03-19,Tuesday,3,2013,No_Event,No_Event,No_Event,No_Event,0,35582.142857142855,35995.21428571428
781,d_782,29456,2013-03-20,Wednesday,3,2013,No_Event,No_Event,No_Event,No_Event,0,35246.142857142855,35968.607142857145
782,d_783,29642,2013-03-21,Thursday,3,2013,No_Event,No_Event,No_Event,No_Event,0,34742.57142857143,35905.53571428572
783,d_784,33168,2013-03-22,Friday,3,2013,No_Event,No_Event,No_Event,No_Event,0,34123.57142857143,35927.142857142855
784,d_785,40620,2013-03-23,Saturday,3,2013,No_Event,No_Event,No_Event,No_Event,0,33690.42857142857,35841.03571428572
785,d_786,40633,2013-03-24,Sunday,3,2013,No_Event,No_Event,No_Event,No_Event,0,33413.71428571428,35715.71428571428
786,d_787,29667,2013-03-25,Monday,3,2013,No_Event,No_Event,No_Event,No_Event,0,33171.142857142855,35631.67857142857
787,d_788,28632,2013-03-26,Tuesday,3,2013,No_Event,No_Event,No_Event,No_Event,0,33116.857142857145,35678.25
788,d_789,28258,2013-03-27,Wednesday,3,2013,No_Event,No_Event,No_Event,No_Event,0,32945.71428571428,35691.607142857145
789,d_790,29654,2013-03-28,Thursday,3,2013,No_Event,No_Event,No_Event,No_Event,0,32947.42857142857,35665.892857142855
790,d_791,38067,2013-03-29,Friday,3,2013,No_Event,No_Event,No_Event,No_Event,0,33647.28571428572,35616.46428571428
791,d_792,46410,2013-03-30,Saturday,3,2013,No_Event,No_Event,No_Event,No_Event,0,34474.42857142857,35496.392857142855
792,d_793,34448,2013-03-31,Sunday,3,2013,Easter,Cultural,No_Event,No_Event,1,33590.857142857145,35003.57142857143
793,d_794,34522,2013-04-01,Monday,4,2013,No_Event,No_Event,No_Event,No_Event,0,34284.42857142857,34957.32142857143
794,d_795,34642,2013-04-02,Tuesday,4,2013,Pesach End,Religious,No_Event,No_Event,1,35143.0,35078.96428571428
795,d_796,35594,2013-04-03,Wednesday,4,2013,No_Event,No_Event,No_Event,No_Event,0,36191.0,35206.32142857143
796,d_797,32174,2013-04-04,Thursday,4,2013,No_Event,No_Event,No_Event,No_Event,0,36551.0,35292.17857142857
797,d_798,38056,2013-04-05,Friday,4,2013,No_Event,No_Event,No_Event,No_Event,0,36549.42857142857,35426.607142857145
798,d_799,46821,2013-04-06,Saturday,4,2013,No_Event,No_Event,No_Event,No_Event,0,36608.142857142855,35495.607142857145
799,d_800,46444,2013-04-07,Sunday,4,2013,No_Event,No_Event,No_Event,No_Event,0,38321.857142857145,35579.03571428572
800,d_801,35017,2013-04-08,Monday,4,2013,No_Event,No_Event,No_Event,No_Event,0,38392.57142857143,35528.28571428572
801,d_802,33750,2013-04-09,Tuesday,4,2013,No_Event,No_Event,No_Event,No_Event,0,38265.142857142855,35526.78571428572
802,d_803,31441,2013-04-10,Wednesday,4,2013,No_Event,No_Event,No_Event,No_Event,0,37671.857142857145,35513.67857142857
803,d_804,32692,2013-04-11,Thursday,4,2013,No_Event,No_Event,No_Event,No_Event,0,37745.857142857145,35496.71428571428
804,d_805,36082,2013-04-12,Friday,4,2013,No_Event,No_Event,No_Event,No_Event,0,37463.857142857145,35446.03571428572
805,d_806,43645,2013-04-13,Saturday,4,2013,No_Event,No_Event,No_Event,No_Event,0,37010.142857142855,35445.78571428572
806,d_807,43990,2013-04-14,Sunday,4,2013,No_Event,No_Event,No_Event,No_Event,0,36659.57142857143,35496.5
807,d_808,34102,2013-04-15,Monday,4,2013,No_Event,No_Event,No_Event,No_Event,0,36528.857142857145,35594.25
808,d_809,31039,2013-04-16,Tuesday,4,2013,No_Event,No_Event,No_Event,No_Event,0,36141.57142857143,35666.642857142855
809,d_810,28815,2013-04-17,Wednesday,4,2013,No_Event,No_Event,No_Event,No_Event,0,35766.42857142857,35643.75
810,d_811,28474,2013-04-18,Thursday,4,2013,No_Event,No_Event,No_Event,No_Event,0,35163.857142857145,35602.03571428572
811,d_812,32829,2013-04-19,Friday,4,2013,No_Event,No_Event,No_Event,No_Event,0,34699.142857142855,35589.92857142857
812,d_813,40857,2013-04-20,Saturday,4,2013,No_Event,No_Event,No_Event,No_Event,0,34300.857142857145,35598.392857142855
813,d_814,39931,2013-04-21,Sunday,4,2013,No_Event,No_Event,No_Event,No_Event,0,33721.0,35573.32142857143
814,d_815,29951,2013-04-22,Monday,4,2013,No_Event,No_Event,No_Event,No_Event,0,33128.0,35583.46428571428
815,d_816,27059,2013-04-23,Tuesday,4,2013,No_Event,No_Event,No_Event,No_Event,0,32559.428571428572,35527.28571428572
816,d_817,27607,2013-04-24,Wednesday,4,2013,No_Event,No_Event,No_Event,No_Event,0,32386.85714285714,35504.03571428572
817,d_818,27476,2013-04-25,Thursday,4,2013,No_Event,No_Event,No_Event,No_Event,0,32244.285714285714,35426.25
818,d_819,31206,2013-04-26,Friday,4,2013,No_Event,No_Event,No_Event,No_Event,0,32012.428571428572,35181.21428571428
819,d_820,35329,2013-04-27,Saturday,4,2013,No_Event,No_Event,No_Event,No_Event,0,31222.714285714286,34785.46428571428
820,d_821,38902,2013-04-28,Sunday,4,2013,No_Event,No_Event,No_Event,No_Event,0,31075.714285714286,34944.53571428572
821,d_822,27445,2013-04-29,Monday,4,2013,No_Event,No_Event,No_Event,No_Event,0,30717.714285714286,34691.78571428572
822,d_823,28144,2013-04-30,Tuesday,4,2013,No_Event,No_Event,No_Event,No_Event,0,30872.714285714286,34459.71428571428
823,d_824,31358,2013-05-01,Wednesday,5,2013,No_Event,No_Event,No_Event,No_Event,0,31408.571428571428,34308.42857142857
824,d_825,31741,2013-05-02,Thursday,5,2013,No_Event,No_Event,No_Event,No_Event,0,32017.85714285714,34292.96428571428
825,d_826,36950,2013-05-03,Friday,5,2013,No_Event,No_Event,No_Event,No_Event,0,32838.42857142857,34253.46428571428
826,d_827,40812,2013-05-04,Saturday,5,2013,No_Event,No_Event,No_Event,No_Event,0,33621.71428571428,34038.857142857145
827,d_828,43203,2013-05-05,Sunday,5,2013,OrthodoxEaster,Religious,Cinco De Mayo,Cultural,1,34236.142857142855,33923.107142857145
828,d_829,35368,2013-05-06,Monday,5,2013,No_Event,No_Event,No_Event,No_Event,0,35368.0,33935.642857142855
829,d_830,31673,2013-05-07,Tuesday,5,2013,No_Event,No_Event,No_Event,No_Event,0,35872.142857142855,33861.46428571428
830,d_831,31346,2013-05-08,Wednesday,5,2013,No_Event,No_Event,No_Event,No_Event,0,35870.42857142857,33858.07142857143
831,d_832,32938,2013-05-09,Thursday,5,2013,No_Event,No_Event,No_Event,No_Event,0,36041.42857142857,33866.857142857145
832,d_833,33497,2013-05-10,Friday,5,2013,No_Event,No_Event,No_Event,No_Event,0,35548.142857142855,33774.53571428572
833,d_834,45385,2013-05-11,Saturday,5,2013,No_Event,No_Event,No_Event,No_Event,0,36201.42857142857,33836.67857142857
834,d_835,37390,2013-05-12,Sunday,5,2013,Mother's day,Cultural,No_Event,No_Event,1,35371.0,33600.96428571428
835,d_836,34609,2013-05-13,Monday,5,2013,No_Event,No_Event,No_Event,No_Event,0,35262.57142857143,33619.07142857143
836,d_837,32885,2013-05-14,Tuesday,5,2013,No_Event,No_Event,No_Event,No_Event,0,35435.71428571428,33685.0
837,d_838,34611,2013-05-15,Wednesday,5,2013,No_Event,No_Event,No_Event,No_Event,0,35902.142857142855,33892.0
838,d_839,31937,2013-05-16,Thursday,5,2013,No_Event,No_Event,No_Event,No_Event,0,35759.142857142855,34015.67857142857
839,d_840,34682,2013-05-17,Friday,5,2013,No_Event,No_Event,No_Event,No_Event,0,35928.42857142857,34081.857142857145
840,d_841,40830,2013-05-18,Saturday,5,2013,No_Event,No_Event,No_Event,No_Event,0,35277.71428571428,34080.892857142855
841,d_842,42673,2013-05-19,Sunday,5,2013,No_Event,No_Event,No_Event,No_Event,0,36032.42857142857,34178.82142857143
842,d_843,33646,2013-05-20,Monday,5,2013,No_Event,No_Event,No_Event,No_Event,0,35894.857142857145,34310.78571428572
843,d_844,30286,2013-05-21,Tuesday,5,2013,No_Event,No_Event,No_Event,No_Event,0,35523.57142857143,34426.03571428572
844,d_845,28935,2013-05-22,Wednesday,5,2013,No_Event,No_Event,No_Event,No_Event,0,34712.71428571428,34473.46428571428
845,d_846,30902,2013-05-23,Thursday,5,2013,No_Event,No_Event,No_Event,No_Event,0,34564.857142857145,34595.82142857143
846,d_847,35081,2013-05-24,Friday,5,2013,No_Event,No_Event,No_Event,No_Event,0,34621.857142857145,34734.21428571428
847,d_848,39143,2013-05-25,Saturday,5,2013,No_Event,No_Event,No_Event,No_Event,0,34380.857142857145,34870.42857142857
848,d_849,36049,2013-05-26,Sunday,5,2013,No_Event,No_Event,No_Event,No_Event,0,33434.57142857143,34768.53571428572
849,d_850,36277,2013-05-27,Monday,5,2013,MemorialDay,National,No_Event,No_Event,1,33810.42857142857,35083.96428571428
850,d_851,29298,2013-05-28,Tuesday,5,2013,No_Event,No_Event,No_Event,No_Event,0,33669.28571428572,35125.17857142857
851,d_852,26967,2013-05-29,Wednesday,5,2013,No_Event,No_Event,No_Event,No_Event,0,33388.142857142855,34968.357142857145
852,d_853,28125,2013-05-30,Thursday,5,2013,No_Event,No_Event,No_Event,No_Event,0,32991.42857142857,34839.21428571428
853,d_854,36086,2013-05-31,Friday,5,2013,No_Event,No_Event,No_Event,No_Event,0,33135.0,34808.357142857145
854,d_855,44808,2013-06-01,Saturday,6,2013,No_Event,No_Event,No_Event,No_Event,0,33944.28571428572,34951.07142857143
855,d_856,47502,2013-06-02,Sunday,6,2013,No_Event,No_Event,No_Event,No_Event,0,35580.42857142857,35104.607142857145
856,d_857,39245,2013-06-03,Monday,6,2013,No_Event,No_Event,No_Event,No_Event,0,36004.42857142857,35243.07142857143
857,d_858,33809,2013-06-04,Tuesday,6,2013,No_Event,No_Event,No_Event,No_Event,0,36648.857142857145,35319.357142857145
858,d_859,35911,2013-06-05,Wednesday,6,2013,No_Event,No_Event,No_Event,No_Event,0,37926.57142857143,35482.392857142855
859,d_860,34166,2013-06-06,Thursday,6,2013,NBAFinalsStart,Sporting,No_Event,No_Event,1,38789.57142857143,35526.25
860,d_861,37602,2013-06-07,Friday,6,2013,No_Event,No_Event,No_Event,No_Event,0,39006.142857142855,35672.857142857145
861,d_862,44647,2013-06-08,Saturday,6,2013,No_Event,No_Event,No_Event,No_Event,0,38983.142857142855,35646.5
862,d_863,48164,2013-06-09,Sunday,6,2013,No_Event,No_Event,No_Event,No_Event,0,39077.71428571428,36031.28571428572
863,d_864,36769,2013-06-10,Monday,6,2013,No_Event,No_Event,No_Event,No_Event,0,38724.0,36108.42857142857
864,d_865,34625,2013-06-11,Tuesday,6,2013,No_Event,No_Event,No_Event,No_Event,0,38840.57142857143,36170.57142857143
865,d_866,33942,2013-06-12,Wednesday,6,2013,No_Event,No_Event,No_Event,No_Event,0,38559.28571428572,36146.67857142857
866,d_867,34188,2013-06-13,Thursday,6,2013,No_Event,No_Event,No_Event,No_Event,0,38562.42857142857,36227.07142857143
867,d_868,39767,2013-06-14,Friday,6,2013,No_Event,No_Event,No_Event,No_Event,0,38871.71428571428,36408.67857142857
868,d_869,46309,2013-06-15,Saturday,6,2013,No_Event,No_Event,No_Event,No_Event,0,39109.142857142855,36604.357142857145
869,d_870,39690,2013-06-16,Sunday,6,2013,Father's day,Cultural,No_Event,No_Event,1,37898.57142857143,36497.82142857143
870,d_871,34118,2013-06-17,Monday,6,2013,No_Event,No_Event,No_Event,No_Event,0,37519.857142857145,36514.67857142857
871,d_872,31177,2013-06-18,Tuesday,6,2013,No_Event,No_Event,No_Event,No_Event,0,37027.28571428572,36546.5
872,d_873,31070,2013-06-19,Wednesday,6,2013,No_Event,No_Event,No_Event,No_Event,0,36617.0,36622.75
873,d_874,31771,2013-06-20,Thursday,6,2013,NBAFinalsEnd,Sporting,No_Event,No_Event,1,36271.71428571428,36653.78571428572
874,d_875,36703,2013-06-21,Friday,6,2013,No_Event,No_Event,No_Event,No_Event,0,35834.0,36711.71428571428
875,d_876,42276,2013-06-22,Saturday,6,2013,No_Event,No_Event,No_Event,No_Event,0,35257.857142857145,36823.607142857145
876,d_877,43275,2013-06-23,Sunday,6,2013,No_Event,No_Event,No_Event,No_Event,0,35770.0,37081.67857142857
877,d_878,34118,2013-06-24,Monday,6,2013,No_Event,No_Event,No_Event,No_Event,0,35770.0,37004.57142857143
878,d_879,31603,2013-06-25,Tuesday,6,2013,No_Event,No_Event,No_Event,No_Event,0,35830.857142857145,37086.892857142855
879,d_880,30356,2013-06-26,Wednesday,6,2013,No_Event,No_Event,No_Event,No_Event,0,35728.857142857145,37207.92857142857
880,d_881,31457,2013-06-27,Thursday,6,2013,No_Event,No_Event,No_Event,No_Event,0,35684.0,37326.92857142857
881,d_882,36753,2013-06-28,Friday,6,2013,No_Event,No_Event,No_Event,No_Event,0,35691.142857142855,37350.75
882,d_883,44949,2013-06-29,Saturday,6,2013,No_Event,No_Event,No_Event,No_Event,0,36073.0,37355.78571428572
883,d_884,44823,2013-06-30,Sunday,6,2013,No_Event,No_Event,No_Event,No_Event,0,36294.142857142855,37260.107142857145
884,d_885,38716,2013-07-01,Monday,7,2013,No_Event,No_Event,No_Event,No_Event,0,36951.0,37241.21428571428
885,d_886,37242,2013-07-02,Tuesday,7,2013,No_Event,No_Event,No_Event,No_Event,0,37756.57142857143,37363.82142857143
886,d_887,43999,2013-07-03,Wednesday,7,2013,No_Event,No_Event,No_Event,No_Event,0,39705.57142857143,37652.67857142857
887,d_888,36783,2013-07-04,Thursday,7,2013,IndependenceDay,National,No_Event,No_Event,1,40466.42857142857,37746.142857142855
888,d_889,40807,2013-07-05,Friday,7,2013,No_Event,No_Event,No_Event,No_Event,0,41045.57142857143,37860.607142857145
889,d_890,41832,2013-07-06,Saturday,7,2013,No_Event,No_Event,No_Event,No_Event,0,40600.28571428572,37760.07142857143
890,d_891,44624,2013-07-07,Sunday,7,2013,No_Event,No_Event,No_Event,No_Event,0,40571.857142857145,37633.642857142855
891,d_892,37460,2013-07-08,Monday,7,2013,No_Event,No_Event,No_Event,No_Event,0,40392.42857142857,37658.32142857143
892,d_893,37253,2013-07-09,Tuesday,7,2013,Ramadan starts,Religious,No_Event,No_Event,1,40394.0,37752.17857142857
893,d_894,34579,2013-07-10,Wednesday,7,2013,No_Event,No_Event,No_Event,No_Event,0,39048.28571428572,37774.92857142857
894,d_895,36361,2013-07-11,Thursday,7,2013,No_Event,No_Event,No_Event,No_Event,0,38988.0,37852.53571428572
895,d_896,41279,2013-07-12,Friday,7,2013,No_Event,No_Event,No_Event,No_Event,0,39055.42857142857,37906.53571428572
896,d_897,45185,2013-07-13,Saturday,7,2013,No_Event,No_Event,No_Event,No_Event,0,39534.42857142857,37866.392857142855
897,d_898,46672,2013-07-14,Sunday,7,2013,No_Event,No_Event,No_Event,No_Event,0,39827.0,38115.75
898,d_899,37624,2013-07-15,Monday,7,2013,No_Event,No_Event,No_Event,No_Event,0,39850.42857142857,38240.96428571428
899,d_900,33937,2013-07-16,Tuesday,7,2013,No_Event,No_Event,No_Event,No_Event,0,39376.71428571428,38339.53571428572
900,d_901,32467,2013-07-17,Wednesday,7,2013,No_Event,No_Event,No_Event,No_Event,0,39075.0,38389.42857142857
901,d_902,33921,2013-07-18,Thursday,7,2013,No_Event,No_Event,No_Event,No_Event,0,38726.42857142857,38466.21428571428
902,d_903,36194,2013-07-19,Friday,7,2013,No_Event,No_Event,No_Event,No_Event,0,38000.0,38448.03571428572
903,d_904,41527,2013-07-20,Saturday,7,2013,No_Event,No_Event,No_Event,No_Event,0,37477.42857142857,38421.28571428572
904,d_905,42039,2013-07-21,Sunday,7,2013,No_Event,No_Event,No_Event,No_Event,0,36815.57142857143,38377.142857142855
905,d_906,32203,2013-07-22,Monday,7,2013,No_Event,No_Event,No_Event,No_Event,0,36041.142857142855,38308.75
906,d_907,31304,2013-07-23,Tuesday,7,2013,No_Event,No_Event,No_Event,No_Event,0,35665.0,38298.07142857143
907,d_908,31468,2013-07-24,Wednesday,7,2013,No_Event,No_Event,No_Event,No_Event,0,35522.28571428572,38337.78571428572
908,d_909,31816,2013-07-25,Thursday,7,2013,No_Event,No_Event,No_Event,No_Event,0,35221.57142857143,38350.607142857145
909,d_910,36843,2013-07-26,Friday,7,2013,No_Event,No_Event,No_Event,No_Event,0,35314.28571428572,38353.82142857143
910,d_911,41672,2013-07-27,Saturday,7,2013,No_Event,No_Event,No_Event,No_Event,0,35335.0,38236.78571428572
911,d_912,40480,2013-07-28,Sunday,7,2013,No_Event,No_Event,No_Event,No_Event,0,35112.28571428572,38081.67857142857
912,d_913,31763,2013-07-29,Monday,7,2013,No_Event,No_Event,No_Event,No_Event,0,35049.42857142857,37833.357142857145
913,d_914,30162,2013-07-30,Tuesday,7,2013,No_Event,No_Event,No_Event,No_Event,0,34886.28571428572,37580.5
914,d_915,31255,2013-07-31,Wednesday,7,2013,No_Event,No_Event,No_Event,No_Event,0,34855.857142857145,37125.357142857145
915,d_916,37309,2013-08-01,Thursday,8,2013,No_Event,No_Event,No_Event,No_Event,0,35640.57142857143,37144.142857142855
916,d_917,41663,2013-08-02,Friday,8,2013,No_Event,No_Event,No_Event,No_Event,0,36329.142857142855,37174.71428571428
917,d_918,47105,2013-08-03,Saturday,8,2013,No_Event,No_Event,No_Event,No_Event,0,37105.28571428572,37363.03571428572
918,d_919,44439,2013-08-04,Sunday,8,2013,No_Event,No_Event,No_Event,No_Event,0,37670.857142857145,37356.42857142857
919,d_920,39149,2013-08-05,Monday,8,2013,No_Event,No_Event,No_Event,No_Event,0,38726.0,37416.75
920,d_921,36694,2013-08-06,Tuesday,8,2013,No_Event,No_Event,No_Event,No_Event,0,39659.142857142855,37396.78571428572
921,d_922,35079,2013-08-07,Wednesday,8,2013,No_Event,No_Event,No_Event,No_Event,0,40205.42857142857,37414.642857142855
922,d_923,34886,2013-08-08,Thursday,8,2013,Eid al-Fitr,Religious,No_Event,No_Event,1,39859.28571428572,37361.96428571428
923,d_924,40699,2013-08-09,Friday,8,2013,No_Event,No_Event,No_Event,No_Event,0,39721.57142857143,37341.25
924,d_925,44912,2013-08-10,Saturday,8,2013,No_Event,No_Event,No_Event,No_Event,0,39408.28571428572,37331.5
925,d_926,47520,2013-08-11,Sunday,8,2013,No_Event,No_Event,No_Event,No_Event,0,39848.42857142857,37361.78571428572
926,d_927,38753,2013-08-12,Monday,8,2013,No_Event,No_Event,No_Event,No_Event,0,39791.857142857145,37402.107142857145
927,d_928,35144,2013-08-13,Tuesday,8,2013,No_Event,No_Event,No_Event,No_Event,0,39570.42857142857,37445.21428571428
928,d_929,33732,2013-08-14,Wednesday,8,2013,No_Event,No_Event,No_Event,No_Event,0,39378.0,37490.392857142855
929,d_930,37643,2013-08-15,Thursday,8,2013,No_Event,No_Event,No_Event,No_Event,0,39771.857142857145,37623.32142857143
930,d_931,38025,2013-08-16,Friday,8,2013,No_Event,No_Event,No_Event,No_Event,0,39389.857142857145,37688.71428571428
931,d_932,44431,2013-08-17,Saturday,8,2013,No_Event,No_Event,No_Event,No_Event,0,39321.142857142855,37792.42857142857
932,d_933,44894,2013-08-18,Sunday,8,2013,No_Event,No_Event,No_Event,No_Event,0,38946.0,37894.392857142855
933,d_934,35237,2013-08-19,Monday,8,2013,No_Event,No_Event,No_Event,No_Event,0,38443.71428571428,38002.75
934,d_935,31625,2013-08-20,Tuesday,8,2013,No_Event,No_Event,No_Event,No_Event,0,37941.0,38014.21428571428
935,d_936,32633,2013-08-21,Wednesday,8,2013,No_Event,No_Event,No_Event,No_Event,0,37784.0,38055.82142857143
936,d_937,31793,2013-08-22,Thursday,8,2013,No_Event,No_Event,No_Event,No_Event,0,36948.28571428572,38055.0
937,d_938,37113,2013-08-23,Friday,8,2013,No_Event,No_Event,No_Event,No_Event,0,36818.0,38064.642857142855
938,d_939,44836,2013-08-24,Saturday,8,2013,No_Event,No_Event,No_Event,No_Event,0,36875.857142857145,38177.642857142855
939,d_940,48577,2013-08-25,Sunday,8,2013,No_Event,No_Event,No_Event,No_Event,0,37402.0,38466.82142857143
940,d_941,34200,2013-08-26,Monday,8,2013,No_Event,No_Event,No_Event,No_Event,0,37253.857142857145,38553.857142857145
941,d_942,32963,2013-08-27,Tuesday,8,2013,No_Event,No_Event,No_Event,No_Event,0,37445.0,38653.892857142855
942,d_943,32456,2013-08-28,Wednesday,8,2013,No_Event,No_Event,No_Event,No_Event,0,37419.71428571428,38696.78571428572
943,d_944,31710,2013-08-29,Thursday,8,2013,No_Event,No_Event,No_Event,No_Event,0,37407.857142857145,38496.82142857143
944,d_945,41621,2013-08-30,Friday,8,2013,No_Event,No_Event,No_Event,No_Event,0,38051.857142857145,38495.32142857143
945,d_946,47972,2013-08-31,Saturday,8,2013,No_Event,No_Event,No_Event,No_Event,0,38499.857142857145,38526.28571428572
946,d_947,44741,2013-09-01,Sunday,9,2013,No_Event,No_Event,No_Event,No_Event,0,37951.857142857145,38537.07142857143
947,d_948,47072,2013-09-02,Monday,9,2013,LaborDay,National,No_Event,No_Event,1,39790.71428571428,38820.03571428572
948,d_949,37799,2013-09-03,Tuesday,9,2013,No_Event,No_Event,No_Event,No_Event,0,40481.57142857143,38859.5
949,d_950,33328,2013-09-04,Wednesday,9,2013,No_Event,No_Event,No_Event,No_Event,0,40606.142857142855,38796.96428571428
950,d_951,35425,2013-09-05,Thursday,9,2013,No_Event,No_Event,No_Event,No_Event,0,41136.857142857145,38816.21428571428
951,d_952,38684,2013-09-06,Friday,9,2013,No_Event,No_Event,No_Event,No_Event,0,40717.28571428572,38744.25
952,d_953,47600,2013-09-07,Saturday,9,2013,No_Event,No_Event,No_Event,No_Event,0,40664.142857142855,38840.25
953,d_954,51740,2013-09-08,Sunday,9,2013,No_Event,No_Event,No_Event,No_Event,0,41664.0,38990.96428571428
954,d_955,39765,2013-09-09,Monday,9,2013,No_Event,No_Event,No_Event,No_Event,0,40620.142857142855,39027.107142857145
955,d_956,34663,2013-09-10,Tuesday,9,2013,No_Event,No_Event,No_Event,No_Event,0,40172.142857142855,39009.92857142857
956,d_957,36195,2013-09-11,Wednesday,9,2013,No_Event,No_Event,No_Event,No_Event,0,40581.71428571428,39097.892857142855
957,d_958,36767,2013-09-12,Thursday,9,2013,No_Event,No_Event,No_Event,No_Event,0,40773.42857142857,39066.607142857145
958,d_959,40971,2013-09-13,Friday,9,2013,No_Event,No_Event,No_Event,No_Event,0,41100.142857142855,39171.82142857143
959,d_960,49166,2013-09-14,Saturday,9,2013,No_Event,No_Event,No_Event,No_Event,0,41323.857142857145,39340.92857142857
960,d_961,50970,2013-09-15,Sunday,9,2013,No_Event,No_Event,No_Event,No_Event,0,41213.857142857145,39557.92857142857
961,d_962,36775,2013-09-16,Monday,9,2013,No_Event,No_Event,No_Event,No_Event,0,40786.71428571428,39612.857142857145
962,d_963,32571,2013-09-17,Tuesday,9,2013,No_Event,No_Event,No_Event,No_Event,0,40487.857142857145,39646.642857142855
963,d_964,31281,2013-09-18,Wednesday,9,2013,No_Event,No_Event,No_Event,No_Event,0,39785.857142857145,39598.357142857145
964,d_965,30823,2013-09-19,Thursday,9,2013,No_Event,No_Event,No_Event,No_Event,0,38936.71428571428,39563.71428571428
965,d_966,36281,2013-09-20,Friday,9,2013,No_Event,No_Event,No_Event,No_Event,0,38266.71428571428,39534.0
966,d_967,46001,2013-09-21,Saturday,9,2013,No_Event,No_Event,No_Event,No_Event,0,37814.57142857143,39575.607142857145
967,d_968,46210,2013-09-22,Sunday,9,2013,No_Event,No_Event,No_Event,No_Event,0,37134.57142857143,39491.07142857143
968,d_969,32784,2013-09-23,Monday,9,2013,No_Event,No_Event,No_Event,No_Event,0,36564.42857142857,39440.5
969,d_970,31064,2013-09-24,Tuesday,9,2013,No_Event,No_Event,No_Event,No_Event,0,36349.142857142855,39372.67857142857
970,d_971,29959,2013-09-25,Wednesday,9,2013,No_Event,No_Event,No_Event,No_Event,0,36160.28571428572,39283.5
971,d_972,30648,2013-09-26,Thursday,9,2013,No_Event,No_Event,No_Event,No_Event,0,36135.28571428572,39245.57142857143
972,d_973,35502,2013-09-27,Friday,9,2013,No_Event,No_Event,No_Event,No_Event,0,36024.0,39027.03571428572
973,d_974,44441,2013-09-28,Saturday,9,2013,No_Event,No_Event,No_Event,No_Event,0,35801.142857142855,38900.92857142857
974,d_975,44396,2013-09-29,Sunday,9,2013,No_Event,No_Event,No_Event,No_Event,0,35542.0,38888.607142857145
975,d_976,32893,2013-09-30,Monday,9,2013,No_Event,No_Event,No_Event,No_Event,0,35557.57142857143,38382.21428571428
976,d_977,36730,2013-10-01,Tuesday,10,2013,No_Event,No_Event,No_Event,No_Event,0,36367.0,38344.03571428572
977,d_978,33900,2013-10-02,Wednesday,10,2013,No_Event,No_Event,No_Event,No_Event,0,36930.0,38364.46428571428
978,d_979,37215,2013-10-03,Thursday,10,2013,No_Event,No_Event,No_Event,No_Event,0,37868.142857142855,38428.392857142855
979,d_980,37334,2013-10-04,Friday,10,2013,No_Event,No_Event,No_Event,No_Event,0,38129.857142857145,38380.17857142857
980,d_981,48777,2013-10-05,Saturday,10,2013,No_Event,No_Event,No_Event,No_Event,0,38749.28571428572,38422.21428571428
981,d_982,49888,2013-10-06,Sunday,10,2013,No_Event,No_Event,No_Event,No_Event,0,39533.857142857145,38356.07142857143
982,d_983,37003,2013-10-07,Monday,10,2013,No_Event,No_Event,No_Event,No_Event,0,40121.0,38257.42857142857
983,d_984,34544,2013-10-08,Tuesday,10,2013,No_Event,No_Event,No_Event,No_Event,0,39808.71428571428,38253.17857142857
984,d_985,34746,2013-10-09,Wednesday,10,2013,No_Event,No_Event,No_Event,No_Event,0,39929.57142857143,38201.42857142857
985,d_986,34019,2013-10-10,Thursday,10,2013,No_Event,No_Event,No_Event,No_Event,0,39473.0,38103.28571428572
986,d_987,38093,2013-10-11,Friday,10,2013,No_Event,No_Event,No_Event,No_Event,0,39581.42857142857,38000.5
987,d_988,46581,2013-10-12,Saturday,10,2013,No_Event,No_Event,No_Event,No_Event,0,39267.71428571428,37908.17857142857
988,d_989,46343,2013-10-13,Sunday,10,2013,No_Event,No_Event,No_Event,No_Event,0,38761.28571428572,37742.92857142857
989,d_990,36836,2013-10-14,Monday,10,2013,ColumbusDay,National,No_Event,No_Event,1,38737.42857142857,37745.107142857145
990,d_991,33213,2013-10-15,Tuesday,10,2013,EidAlAdha,Religious,No_Event,No_Event,1,38547.28571428572,37768.03571428572
991,d_992,32677,2013-10-16,Wednesday,10,2013,No_Event,No_Event,No_Event,No_Event,0,38251.71428571428,37817.892857142855
992,d_993,30538,2013-10-17,Thursday,10,2013,No_Event,No_Event,No_Event,No_Event,0,37754.42857142857,37807.71428571428
993,d_994,34337,2013-10-18,Friday,10,2013,No_Event,No_Event,No_Event,No_Event,0,37217.857142857145,37738.28571428572
994,d_995,42043,2013-10-19,Saturday,10,2013,No_Event,No_Event,No_Event,No_Event,0,36569.57142857143,37596.92857142857
995,d_996,43352,2013-10-20,Sunday,10,2013,No_Event,No_Event,No_Event,No_Event,0,36142.28571428572,37494.857142857145
996,d_997,31859,2013-10-21,Monday,10,2013,No_Event,No_Event,No_Event,No_Event,0,35431.28571428572,37461.82142857143
997,d_998,28957,2013-10-22,Tuesday,10,2013,No_Event,No_Event,No_Event,No_Event,0,34823.28571428572,37386.57142857143
998,d_999,29525,2013-10-23,Wednesday,10,2013,No_Event,No_Event,No_Event,No_Event,0,34373.0,37371.07142857143
999,d_1000,29260,2013-10-24,Thursday,10,2013,No_Event,No_Event,No_Event,No_Event,0,34190.42857142857,37321.5
1000,d_1001,33877,2013-10-25,Friday,10,2013,No_Event,No_Event,No_Event,No_Event,0,34124.71428571428,37263.46428571428
1001,d_1002,42454,2013-10-26,Saturday,10,2013,No_Event,No_Event,No_Event,No_Event,0,34183.42857142857,37192.5
1002,d_1003,40665,2013-10-27,Sunday,10,2013,No_Event,No_Event,No_Event,No_Event,0,33799.57142857143,37059.25
1003,d_1004,32058,2013-10-28,Monday,10,2013,No_Event,No_Event,No_Event,No_Event,0,33828.0,37029.42857142857
1004,d_1005,29529,2013-10-29,Tuesday,10,2013,No_Event,No_Event,No_Event,No_Event,0,33909.71428571428,36772.25
1005,d_1006,31136,2013-10-30,Wednesday,10,2013,No_Event,No_Event,No_Event,No_Event,0,34139.857142857145,36673.53571428572
1006,d_1007,27034,2013-10-31,Thursday,10,2013,Halloween,Cultural,No_Event,No_Event,1,33821.857142857145,36309.92857142857
1007,d_1008,39727,2013-11-01,Friday,11,2013,No_Event,No_Event,No_Event,No_Event,0,34657.57142857143,36395.392857142855
1008,d_1009,47093,2013-11-02,Saturday,11,2013,No_Event,No_Event,No_Event,No_Event,0,35320.28571428572,36335.25
1009,d_1010,48373,2013-11-03,Sunday,11,2013,No_Event,No_Event,No_Event,No_Event,0,36421.42857142857,36281.142857142855
1010,d_1011,32972,2013-11-04,Monday,11,2013,No_Event,No_Event,No_Event,No_Event,0,36552.0,36137.17857142857
1011,d_1012,34087,2013-11-05,Tuesday,11,2013,No_Event,No_Event,No_Event,No_Event,0,37203.142857142855,36120.857142857145
1012,d_1013,33030,2013-11-06,Wednesday,11,2013,No_Event,No_Event,No_Event,No_Event,0,37473.71428571428,36059.57142857143
1013,d_1014,31953,2013-11-07,Thursday,11,2013,No_Event,No_Event,No_Event,No_Event,0,38176.42857142857,35985.78571428572
1014,d_1015,35460,2013-11-08,Friday,11,2013,No_Event,No_Event,No_Event,No_Event,0,37566.857142857145,35891.75
1015,d_1016,45717,2013-11-09,Saturday,11,2013,No_Event,No_Event,No_Event,No_Event,0,37370.28571428572,35860.892857142855
1016,d_1017,43905,2013-11-10,Sunday,11,2013,No_Event,No_Event,No_Event,No_Event,0,36732.0,35773.82142857143
1017,d_1018,36396,2013-11-11,Monday,11,2013,VeteransDay,National,No_Event,No_Event,1,37221.142857142855,35758.107142857145
1018,d_1019,32275,2013-11-12,Tuesday,11,2013,No_Event,No_Event,No_Event,No_Event,0,36962.28571428572,35724.607142857145
1019,d_1020,29255,2013-11-13,Wednesday,11,2013,No_Event,No_Event,No_Event,No_Event,0,36423.0,35602.392857142855
1020,d_1021,29468,2013-11-14,Thursday,11,2013,No_Event,No_Event,No_Event,No_Event,0,36068.0,35564.17857142857
1021,d_1022,35775,2013-11-15,Friday,11,2013,No_Event,No_Event,No_Event,No_Event,0,36113.0,35615.53571428572
1022,d_1023,44587,2013-11-16,Saturday,11,2013,No_Event,No_Event,No_Event,No_Event,0,35951.57142857143,35706.392857142855
1023,d_1024,42589,2013-11-17,Sunday,11,2013,No_Event,No_Event,No_Event,No_Event,0,35763.57142857143,35679.142857142855
1024,d_1025,32110,2013-11-18,Monday,11,2013,No_Event,No_Event,No_Event,No_Event,0,35151.28571428572,35688.107142857145
1025,d_1026,28522,2013-11-19,Tuesday,11,2013,No_Event,No_Event,No_Event,No_Event,0,34615.142857142855,35672.57142857143
1026,d_1027,27915,2013-11-20,Wednesday,11,2013,No_Event,No_Event,No_Event,No_Event,0,34423.71428571428,35615.07142857143
1027,d_1028,28699,2013-11-21,Thursday,11,2013,No_Event,No_Event,No_Event,No_Event,0,34313.857142857145,35595.03571428572
1028,d_1029,32863,2013-11-22,Friday,11,2013,No_Event,No_Event,No_Event,No_Event,0,33897.857142857145,35558.82142857143
1029,d_1030,40047,2013-11-23,Saturday,11,2013,No_Event,No_Event,No_Event,No_Event,0,33249.28571428572,35472.857142857145
1030,d_1031,38446,2013-11-24,Sunday,11,2013,No_Event,No_Event,No_Event,No_Event,0,32657.428571428572,35393.607142857145
1031,d_1032,28645,2013-11-25,Monday,11,2013,No_Event,No_Event,No_Event,No_Event,0,32162.428571428572,35271.71428571428
1032,d_1033,31293,2013-11-26,Tuesday,11,2013,No_Event,No_Event,No_Event,No_Event,0,32558.285714285714,35334.71428571428
1033,d_1034,36139,2013-11-27,Wednesday,11,2013,No_Event,No_Event,No_Event,No_Event,0,33733.142857142855,35513.392857142855
1034,d_1035,19839,2013-11-28,Thursday,11,2013,Thanksgiving,National,No_Event,No_Event,1,32467.428571428572,35256.42857142857
1035,d_1036,26073,2013-11-29,Friday,11,2013,No_Event,No_Event,No_Event,No_Event,0,31497.428571428572,34768.78571428572
1036,d_1037,31546,2013-11-30,Saturday,11,2013,No_Event,No_Event,No_Event,No_Event,0,30283.0,34213.53571428572
1037,d_1038,38187,2013-12-01,Sunday,12,2013,No_Event,No_Event,No_Event,No_Event,0,30246.0,33849.75
1038,d_1039,37087,2013-12-02,Monday,12,2013,No_Event,No_Event,No_Event,No_Event,0,31452.0,33996.71428571428
1039,d_1040,38024,2013-12-03,Tuesday,12,2013,No_Event,No_Event,No_Event,No_Event,0,32413.571428571428,34137.32142857143
1040,d_1041,31519,2013-12-04,Wednesday,12,2013,No_Event,No_Event,No_Event,No_Event,0,31753.571428571428,34083.357142857145
1041,d_1042,35151,2013-12-05,Thursday,12,2013,Chanukah End,Religious,No_Event,No_Event,1,33941.0,34197.57142857143
1042,d_1043,36899,2013-12-06,Friday,12,2013,No_Event,No_Event,No_Event,No_Event,0,35487.57142857143,34248.96428571428
1043,d_1044,44450,2013-12-07,Saturday,12,2013,No_Event,No_Event,No_Event,No_Event,0,37331.0,34203.71428571428
1044,d_1045,40424,2013-12-08,Sunday,12,2013,No_Event,No_Event,No_Event,No_Event,0,37650.57142857143,34079.392857142855
1045,d_1046,33653,2013-12-09,Monday,12,2013,No_Event,No_Event,No_Event,No_Event,0,37160.0,33981.42857142857
1046,d_1047,31422,2013-12-10,Tuesday,12,2013,No_Event,No_Event,No_Event,No_Event,0,36216.857142857145,33950.96428571428
1047,d_1048,30911,2013-12-11,Wednesday,12,2013,No_Event,No_Event,No_Event,No_Event,0,36130.0,34010.107142857145
1048,d_1049,31669,2013-12-12,Thursday,12,2013,No_Event,No_Event,No_Event,No_Event,0,35632.57142857143,34088.71428571428
1049,d_1050,36163,2013-12-13,Friday,12,2013,No_Event,No_Event,No_Event,No_Event,0,35527.42857142857,34102.57142857143
1050,d_1051,41528,2013-12-14,Saturday,12,2013,No_Event,No_Event,No_Event,No_Event,0,35110.0,33993.32142857143
1051,d_1052,43097,2013-12-15,Sunday,12,2013,No_Event,No_Event,No_Event,No_Event,0,35491.857142857145,34011.46428571428
1052,d_1053,32474,2013-12-16,Monday,12,2013,No_Event,No_Event,No_Event,No_Event,0,35323.42857142857,34024.46428571428
1053,d_1054,30338,2013-12-17,Tuesday,12,2013,No_Event,No_Event,No_Event,No_Event,0,35168.57142857143,34089.32142857143
1054,d_1055,31692,2013-12-18,Wednesday,12,2013,No_Event,No_Event,No_Event,No_Event,0,35280.142857142855,34224.21428571428
1055,d_1056,32411,2013-12-19,Thursday,12,2013,No_Event,No_Event,No_Event,No_Event,0,35386.142857142855,34356.78571428572
1056,d_1057,32123,2013-12-20,Friday,12,2013,No_Event,No_Event,No_Event,No_Event,0,34809.0,34330.357142857145
1057,d_1058,40474,2013-12-21,Saturday,12,2013,No_Event,No_Event,No_Event,No_Event,0,34658.42857142857,34345.607142857145
1058,d_1059,34915,2013-12-22,Sunday,12,2013,No_Event,No_Event,No_Event,No_Event,0,33489.57142857143,34219.5
1059,d_1060,35289,2013-12-23,Monday,12,2013,No_Event,No_Event,No_Event,No_Event,0,33891.71428571428,34456.78571428572
1060,d_1061,31077,2013-12-24,Tuesday,12,2013,No_Event,No_Event,No_Event,No_Event,0,33997.28571428572,34449.07142857143
1061,d_1062,20,2013-12-25,Wednesday,12,2013,Christmas,National,No_Event,No_Event,1,29472.714285714286,33159.107142857145
1062,d_1063,32727,2013-12-26,Thursday,12,2013,No_Event,No_Event,No_Event,No_Event,0,29517.85714285714,33619.392857142855
1063,d_1064,33095,2013-12-27,Friday,12,2013,No_Event,No_Event,No_Event,No_Event,0,29656.714285714286,33870.17857142857
1064,d_1065,36490,2013-12-28,Saturday,12,2013,No_Event,No_Event,No_Event,No_Event,0,29087.571428571428,34046.75
1065,d_1066,34121,2013-12-29,Sunday,12,2013,No_Event,No_Event,No_Event,No_Event,0,28974.14285714286,33901.53571428572
1066,d_1067,32293,2013-12-30,Monday,12,2013,No_Event,No_Event,No_Event,No_Event,0,28546.14285714286,33730.32142857143
1067,d_1068,34811,2013-12-31,Tuesday,12,2013,No_Event,No_Event,No_Event,No_Event,0,29079.571428571428,33615.57142857143
1068,d_1069,23845,2014-01-01,Wednesday,1,2014,NewYear,National,No_Event,No_Event,1,32483.14285714286,33341.5
1069,d_1070,32653,2014-01-02,Thursday,1,2014,No_Event,No_Event,No_Event,No_Event,0,32472.571428571428,33252.28571428572
1070,d_1071,38870,2014-01-03,Friday,1,2014,No_Event,No_Event,No_Event,No_Event,0,33297.57142857143,33322.67857142857
1071,d_1072,44616,2014-01-04,Saturday,1,2014,No_Event,No_Event,No_Event,No_Event,0,34458.42857142857,33328.607142857145
1072,d_1073,45302,2014-01-05,Sunday,1,2014,No_Event,No_Event,No_Event,No_Event,0,36055.71428571428,33502.82142857143
1073,d_1074,32412,2014-01-06,Monday,1,2014,No_Event,No_Event,No_Event,No_Event,0,36072.71428571428,33458.5
1074,d_1075,30952,2014-01-07,Tuesday,1,2014,OrthodoxChristmas,Religious,No_Event,No_Event,1,35521.42857142857,33441.71428571428
1075,d_1076,32973,2014-01-08,Wednesday,1,2014,No_Event,No_Event,No_Event,No_Event,0,36825.42857142857,33515.357142857145
1076,d_1077,33197,2014-01-09,Thursday,1,2014,No_Event,No_Event,No_Event,No_Event,0,36903.142857142855,33569.92857142857
1077,d_1078,32766,2014-01-10,Friday,1,2014,No_Event,No_Event,No_Event,No_Event,0,36031.142857142855,33448.607142857145
1078,d_1079,47798,2014-01-11,Saturday,1,2014,No_Event,No_Event,No_Event,No_Event,0,36485.71428571428,33672.53571428572
1079,d_1080,46858,2014-01-12,Sunday,1,2014,No_Event,No_Event,No_Event,No_Event,0,36708.0,33806.857142857145
1080,d_1081,33714,2014-01-13,Monday,1,2014,No_Event,No_Event,No_Event,No_Event,0,36894.0,33851.142857142855
1081,d_1082,30223,2014-01-14,Tuesday,1,2014,No_Event,No_Event,No_Event,No_Event,0,36789.857142857145,33847.03571428572
1082,d_1083,31579,2014-01-15,Wednesday,1,2014,No_Event,No_Event,No_Event,No_Event,0,36590.71428571428,33843.0
1083,d_1084,31190,2014-01-16,Thursday,1,2014,No_Event,No_Event,No_Event,No_Event,0,36304.0,33799.392857142855
1084,d_1085,35240,2014-01-17,Friday,1,2014,No_Event,No_Event,No_Event,No_Event,0,36657.42857142857,33910.71428571428
1085,d_1086,43233,2014-01-18,Saturday,1,2014,No_Event,No_Event,No_Event,No_Event,0,36005.28571428572,34009.25
1086,d_1087,40427,2014-01-19,Sunday,1,2014,No_Event,No_Event,No_Event,No_Event,0,35086.57142857143,34206.107142857145
1087,d_1088,32706,2014-01-20,Monday,1,2014,MartinLutherKingDay,National,No_Event,No_Event,1,34942.57142857143,34113.857142857145
1088,d_1089,27854,2014-01-21,Tuesday,1,2014,No_Event,No_Event,No_Event,No_Event,0,34604.142857142855,33998.75
1089,d_1090,28197,2014-01-22,Wednesday,1,2014,No_Event,No_Event,No_Event,No_Event,0,34121.0,35005.07142857143
1090,d_1091,26244,2014-01-23,Thursday,1,2014,No_Event,No_Event,No_Event,No_Event,0,33414.42857142857,34773.53571428572
1091,d_1092,30888,2014-01-24,Friday,1,2014,No_Event,No_Event,No_Event,No_Event,0,32792.71428571428,34694.71428571428
1092,d_1093,40529,2014-01-25,Saturday,1,2014,No_Event,No_Event,No_Event,No_Event,0,32406.428571428572,34838.96428571428
1093,d_1094,40197,2014-01-26,Sunday,1,2014,No_Event,No_Event,No_Event,No_Event,0,32373.571428571428,35055.96428571428
1094,d_1095,30060,2014-01-27,Monday,1,2014,No_Event,No_Event,No_Event,No_Event,0,31995.571428571428,34976.21428571428
1095,d_1096,24000,2014-01-28,Tuesday,1,2014,No_Event,No_Event,No_Event,No_Event,0,31445.0,34590.107142857145
1096,d_1097,24983,2014-01-29,Wednesday,1,2014,No_Event,No_Event,No_Event,No_Event,0,30985.85714285714,34630.75
1097,d_1098,27017,2014-01-30,Thursday,1,2014,No_Event,No_Event,No_Event,No_Event,0,31096.285714285714,34429.46428571428
1098,d_1099,36489,2014-01-31,Friday,1,2014,No_Event,No_Event,No_Event,No_Event,0,31896.428571428572,34344.42857142857
1099,d_1100,45333,2014-02-01,Saturday,2,2014,No_Event,No_Event,No_Event,No_Event,0,32582.714285714286,34370.03571428572
1100,d_1101,43897,2014-02-02,Sunday,2,2014,SuperBowl,Sporting,No_Event,No_Event,1,33111.28571428572,34319.857142857145
1101,d_1102,37294,2014-02-03,Monday,2,2014,No_Event,No_Event,No_Event,No_Event,0,34144.71428571428,34494.21428571428
1102,d_1103,30577,2014-02-04,Tuesday,2,2014,No_Event,No_Event,No_Event,No_Event,0,35084.28571428572,34480.82142857143
1103,d_1104,31676,2014-02-05,Wednesday,2,2014,No_Event,No_Event,No_Event,No_Event,0,36040.42857142857,34434.5
1104,d_1105,32389,2014-02-06,Thursday,2,2014,No_Event,No_Event,No_Event,No_Event,0,36807.857142857145,34405.642857142855
1105,d_1106,34255,2014-02-07,Friday,2,2014,No_Event,No_Event,No_Event,No_Event,0,36488.71428571428,34458.82142857143
1106,d_1107,47108,2014-02-08,Saturday,2,2014,No_Event,No_Event,No_Event,No_Event,0,36742.28571428572,34434.17857142857
1107,d_1108,48040,2014-02-09,Sunday,2,2014,No_Event,No_Event,No_Event,No_Event,0,37334.142857142855,34476.392857142855
1108,d_1109,33147,2014-02-10,Monday,2,2014,No_Event,No_Event,No_Event,No_Event,0,36741.71428571428,34456.142857142855
1109,d_1110,33533,2014-02-11,Tuesday,2,2014,No_Event,No_Event,No_Event,No_Event,0,37164.0,34574.357142857145
1110,d_1111,36738,2014-02-12,Wednesday,2,2014,No_Event,No_Event,No_Event,No_Event,0,37887.142857142855,34758.607142857145
1111,d_1112,37483,2014-02-13,Thursday,2,2014,No_Event,No_Event,No_Event,No_Event,0,38614.857142857145,34983.357142857145
1112,d_1113,33910,2014-02-14,Friday,2,2014,ValentinesDay,Cultural,No_Event,No_Event,1,38565.57142857143,34935.857142857145
1113,d_1114,44965,2014-02-15,Saturday,2,2014,No_Event,No_Event,No_Event,No_Event,0,38259.42857142857,34997.71428571428
1114,d_1115,43832,2014-02-16,Sunday,2,2014,No_Event,No_Event,No_Event,No_Event,0,37658.28571428572,35119.32142857143
1115,d_1116,34557,2014-02-17,Monday,2,2014,PresidentsDay,National,No_Event,No_Event,1,37859.71428571428,35185.42857142857
1116,d_1117,30710,2014-02-18,Tuesday,2,2014,No_Event,No_Event,No_Event,No_Event,0,37456.42857142857,35287.42857142857
1117,d_1118,30411,2014-02-19,Wednesday,2,2014,No_Event,No_Event,No_Event,No_Event,0,36552.57142857143,35366.5
1118,d_1119,29703,2014-02-20,Thursday,2,2014,No_Event,No_Event,No_Event,No_Event,0,35441.142857142855,35490.03571428572
1119,d_1120,33326,2014-02-21,Friday,2,2014,No_Event,No_Event,No_Event,No_Event,0,35357.71428571428,35577.107142857145
1120,d_1121,41488,2014-02-22,Saturday,2,2014,No_Event,No_Event,No_Event,No_Event,0,34861.0,35611.357142857145
1121,d_1122,44427,2014-02-23,Sunday,2,2014,No_Event,No_Event,No_Event,No_Event,0,34946.0,35762.42857142857
1122,d_1123,31797,2014-02-24,Monday,2,2014,No_Event,No_Event,No_Event,No_Event,0,34551.71428571428,35824.46428571428
1123,d_1124,29725,2014-02-25,Tuesday,2,2014,No_Event,No_Event,No_Event,No_Event,0,34411.0,36028.92857142857
1124,d_1125,26351,2014-02-26,Wednesday,2,2014,No_Event,No_Event,No_Event,No_Event,0,33831.0,36077.78571428572
1125,d_1126,28890,2014-02-27,Thursday,2,2014,No_Event,No_Event,No_Event,No_Event,0,33714.857142857145,36144.67857142857
1126,d_1127,34198,2014-02-28,Friday,2,2014,No_Event,No_Event,No_Event,No_Event,0,33839.42857142857,36062.857142857145
1127,d_1128,45496,2014-03-01,Saturday,3,2014,No_Event,No_Event,No_Event,No_Event,0,34412.0,36068.67857142857
1128,d_1129,46777,2014-03-02,Sunday,3,2014,No_Event,No_Event,No_Event,No_Event,0,34747.71428571428,36171.53571428572
1129,d_1130,37201,2014-03-03,Monday,3,2014,No_Event,No_Event,No_Event,No_Event,0,35519.71428571428,36168.21428571428
1130,d_1131,30066,2014-03-04,Tuesday,3,2014,No_Event,No_Event,No_Event,No_Event,0,35568.42857142857,36149.96428571428
1131,d_1132,31278,2014-03-05,Wednesday,3,2014,LentStart,Religious,No_Event,No_Event,1,36272.28571428572,36135.75
1132,d_1133,32662,2014-03-06,Thursday,3,2014,No_Event,No_Event,No_Event,No_Event,0,36811.142857142855,36145.5
1133,d_1134,34864,2014-03-07,Friday,3,2014,No_Event,No_Event,No_Event,No_Event,0,36906.28571428572,36167.25
1134,d_1135,43485,2014-03-08,Saturday,3,2014,No_Event,No_Event,No_Event,No_Event,0,36619.0,36037.857142857145
1135,d_1136,50090,2014-03-09,Sunday,3,2014,No_Event,No_Event,No_Event,No_Event,0,37092.28571428572,36111.07142857143
1136,d_1137,37506,2014-03-10,Monday,3,2014,No_Event,No_Event,No_Event,No_Event,0,37135.857142857145,36266.75
1137,d_1138,34567,2014-03-11,Tuesday,3,2014,No_Event,No_Event,No_Event,No_Event,0,37778.857142857145,36303.67857142857
1138,d_1139,34942,2014-03-12,Wednesday,3,2014,LentWeek2,Religious,No_Event,No_Event,1,38302.28571428572,36239.53571428572
1139,d_1140,33084,2014-03-13,Thursday,3,2014,No_Event,No_Event,No_Event,No_Event,0,38362.57142857143,36082.42857142857
1140,d_1141,36946,2014-03-14,Friday,3,2014,No_Event,No_Event,No_Event,No_Event,0,38660.0,36190.857142857145
1141,d_1142,44708,2014-03-15,Saturday,3,2014,No_Event,No_Event,No_Event,No_Event,0,38834.71428571428,36181.67857142857
1142,d_1143,45376,2014-03-16,Sunday,3,2014,Purim End,Religious,No_Event,No_Event,1,38161.28571428572,36236.82142857143
1143,d_1144,32084,2014-03-17,Monday,3,2014,StPatricksDay,Cultural,No_Event,No_Event,1,37386.71428571428,36148.5
1144,d_1145,30095,2014-03-18,Tuesday,3,2014,No_Event,No_Event,No_Event,No_Event,0,36747.857142857145,36126.53571428572
1145,d_1146,29384,2014-03-19,Wednesday,3,2014,No_Event,No_Event,No_Event,No_Event,0,35953.857142857145,36089.857142857145
1146,d_1147,28809,2014-03-20,Thursday,3,2014,No_Event,No_Event,No_Event,No_Event,0,35343.142857142855,36057.92857142857
1147,d_1148,33202,2014-03-21,Friday,3,2014,No_Event,No_Event,No_Event,No_Event,0,34808.28571428572,36053.5
1148,d_1149,41441,2014-03-22,Saturday,3,2014,No_Event,No_Event,No_Event,No_Event,0,34341.57142857143,36051.82142857143
1149,d_1150,44171,2014-03-23,Sunday,3,2014,No_Event,No_Event,No_Event,No_Event,0,34169.42857142857,36042.67857142857
1150,d_1151,31843,2014-03-24,Monday,3,2014,No_Event,No_Event,No_Event,No_Event,0,34135.0,36044.32142857143
1151,d_1152,28466,2014-03-25,Tuesday,3,2014,No_Event,No_Event,No_Event,No_Event,0,33902.28571428572,35999.357142857145
1152,d_1153,27014,2014-03-26,Wednesday,3,2014,No_Event,No_Event,No_Event,No_Event,0,33563.71428571428,36023.03571428572
1153,d_1154,30210,2014-03-27,Thursday,3,2014,No_Event,No_Event,No_Event,No_Event,0,33763.857142857145,36070.17857142857
1154,d_1155,32918,2014-03-28,Friday,3,2014,No_Event,No_Event,No_Event,No_Event,0,33723.28571428572,36024.46428571428
1155,d_1156,41193,2014-03-29,Saturday,3,2014,No_Event,No_Event,No_Event,No_Event,0,33687.857142857145,35870.78571428572
1156,d_1157,43156,2014-03-30,Sunday,3,2014,No_Event,No_Event,No_Event,No_Event,0,33542.857142857145,35741.46428571428
1157,d_1158,30672,2014-03-31,Monday,3,2014,No_Event,No_Event,No_Event,No_Event,0,33375.57142857143,35508.28571428572
1158,d_1159,33708,2014-04-01,Tuesday,4,2014,No_Event,No_Event,No_Event,No_Event,0,34124.42857142857,35638.357142857145
1159,d_1160,33699,2014-04-02,Wednesday,4,2014,No_Event,No_Event,No_Event,No_Event,0,35079.42857142857,35724.82142857143
1160,d_1161,36604,2014-04-03,Thursday,4,2014,No_Event,No_Event,No_Event,No_Event,0,35992.857142857145,35865.607142857145
1161,d_1162,35685,2014-04-04,Friday,4,2014,No_Event,No_Event,No_Event,No_Event,0,36388.142857142855,35894.92857142857
1162,d_1163,46776,2014-04-05,Saturday,4,2014,No_Event,No_Event,No_Event,No_Event,0,37185.71428571428,36012.46428571428
1163,d_1164,48790,2014-04-06,Sunday,4,2014,No_Event,No_Event,No_Event,No_Event,0,37990.57142857143,35966.03571428572
1164,d_1165,36594,2014-04-07,Monday,4,2014,No_Event,No_Event,No_Event,No_Event,0,38836.57142857143,35933.46428571428
1165,d_1166,35248,2014-04-08,Tuesday,4,2014,No_Event,No_Event,No_Event,No_Event,0,39056.57142857143,35957.78571428572
1166,d_1167,35209,2014-04-09,Wednesday,4,2014,No_Event,No_Event,No_Event,No_Event,0,39272.28571428572,35967.32142857143
1167,d_1168,33038,2014-04-10,Thursday,4,2014,No_Event,No_Event,No_Event,No_Event,0,38762.857142857145,35965.67857142857
1168,d_1169,38439,2014-04-11,Friday,4,2014,No_Event,No_Event,No_Event,No_Event,0,39156.28571428572,36019.0
1169,d_1170,46155,2014-04-12,Saturday,4,2014,No_Event,No_Event,No_Event,No_Event,0,39067.57142857143,36070.67857142857
1170,d_1171,46083,2014-04-13,Sunday,4,2014,No_Event,No_Event,No_Event,No_Event,0,38680.857142857145,36095.92857142857
1171,d_1172,35751,2014-04-14,Monday,4,2014,No_Event,No_Event,No_Event,No_Event,0,38560.42857142857,36226.892857142855
1172,d_1173,36396,2014-04-15,Tuesday,4,2014,No_Event,No_Event,No_Event,No_Event,0,38724.42857142857,36451.92857142857
1173,d_1174,34228,2014-04-16,Wednesday,4,2014,No_Event,No_Event,No_Event,No_Event,0,38584.28571428572,36624.92857142857
1174,d_1175,33193,2014-04-17,Thursday,4,2014,No_Event,No_Event,No_Event,No_Event,0,38606.42857142857,36781.5
1175,d_1176,38905,2014-04-18,Friday,4,2014,No_Event,No_Event,No_Event,No_Event,0,38673.0,36985.17857142857
1176,d_1177,47819,2014-04-19,Saturday,4,2014,No_Event,No_Event,No_Event,No_Event,0,38910.71428571428,37212.96428571428
1177,d_1178,38934,2014-04-20,Sunday,4,2014,Easter,Cultural,OrthodoxEaster,Religious,1,37889.42857142857,37025.92857142857
1178,d_1179,31626,2014-04-21,Monday,4,2014,No_Event,No_Event,No_Event,No_Event,0,37300.142857142855,37018.17857142857
1179,d_1180,30678,2014-04-22,Tuesday,4,2014,Pesach End,Religious,No_Event,No_Event,1,36483.28571428572,37097.17857142857
1180,d_1181,30437,2014-04-23,Wednesday,4,2014,No_Event,No_Event,No_Event,No_Event,0,35941.71428571428,37219.42857142857
1181,d_1182,30792,2014-04-24,Thursday,4,2014,No_Event,No_Event,No_Event,No_Event,0,35598.71428571428,37240.21428571428
1182,d_1183,33427,2014-04-25,Friday,4,2014,No_Event,No_Event,No_Event,No_Event,0,34816.142857142855,37258.392857142855
1183,d_1184,42377,2014-04-26,Saturday,4,2014,No_Event,No_Event,No_Event,No_Event,0,34038.71428571428,37300.67857142857
1184,d_1185,43440,2014-04-27,Sunday,4,2014,No_Event,No_Event,No_Event,No_Event,0,34682.42857142857,37310.82142857143
1185,d_1186,31508,2014-04-28,Monday,4,2014,No_Event,No_Event,No_Event,No_Event,0,34665.57142857143,37340.67857142857
1186,d_1187,29865,2014-04-29,Tuesday,4,2014,No_Event,No_Event,No_Event,No_Event,0,34549.42857142857,37203.42857142857
1187,d_1188,28883,2014-04-30,Wednesday,4,2014,No_Event,No_Event,No_Event,No_Event,0,34327.42857142857,37031.42857142857
1188,d_1189,33859,2014-05-01,Thursday,5,2014,No_Event,No_Event,No_Event,No_Event,0,34765.57142857143,36933.392857142855
1189,d_1190,38951,2014-05-02,Friday,5,2014,No_Event,No_Event,No_Event,No_Event,0,35554.71428571428,37050.03571428572
1190,d_1191,46542,2014-05-03,Saturday,5,2014,No_Event,No_Event,No_Event,No_Event,0,36149.71428571428,37041.67857142857
1191,d_1192,45139,2014-05-04,Sunday,5,2014,No_Event,No_Event,No_Event,No_Event,0,36392.42857142857,36911.28571428572
1192,d_1193,35820,2014-05-05,Monday,5,2014,Cinco De Mayo,Cultural,No_Event,No_Event,1,37008.42857142857,36883.642857142855
1193,d_1194,33611,2014-05-06,Tuesday,5,2014,No_Event,No_Event,No_Event,No_Event,0,37543.57142857143,36825.17857142857
1194,d_1195,32146,2014-05-07,Wednesday,5,2014,No_Event,No_Event,No_Event,No_Event,0,38009.71428571428,36715.78571428572
1195,d_1196,31819,2014-05-08,Thursday,5,2014,No_Event,No_Event,No_Event,No_Event,0,37718.28571428572,36672.25
1196,d_1197,36363,2014-05-09,Friday,5,2014,No_Event,No_Event,No_Event,No_Event,0,37348.57142857143,36598.107142857145
1197,d_1198,42843,2014-05-10,Saturday,5,2014,No_Event,No_Event,No_Event,No_Event,0,36820.142857142855,36479.82142857143
1198,d_1199,38180,2014-05-11,Sunday,5,2014,Mother's day,Cultural,No_Event,No_Event,1,35826.0,36197.57142857143
1199,d_1200,37922,2014-05-12,Monday,5,2014,No_Event,No_Event,No_Event,No_Event,0,36126.28571428572,36275.107142857145
1200,d_1201,33844,2014-05-13,Tuesday,5,2014,No_Event,No_Event,No_Event,No_Event,0,36159.57142857143,36183.96428571428
1201,d_1202,32817,2014-05-14,Wednesday,5,2014,No_Event,No_Event,No_Event,No_Event,0,36255.42857142857,36133.57142857143
1202,d_1203,33522,2014-05-15,Thursday,5,2014,No_Event,No_Event,No_Event,No_Event,0,36498.71428571428,36145.32142857143
1203,d_1204,34589,2014-05-16,Friday,5,2014,No_Event,No_Event,No_Event,No_Event,0,36245.28571428572,35991.17857142857
1204,d_1205,40019,2014-05-17,Saturday,5,2014,No_Event,No_Event,No_Event,No_Event,0,35841.857142857145,35712.607142857145
1205,d_1206,43020,2014-05-18,Sunday,5,2014,No_Event,No_Event,No_Event,No_Event,0,36533.28571428572,35858.53571428572
1206,d_1207,32314,2014-05-19,Monday,5,2014,No_Event,No_Event,No_Event,No_Event,0,35732.142857142855,35883.107142857145
1207,d_1208,29926,2014-05-20,Tuesday,5,2014,No_Event,No_Event,No_Event,No_Event,0,35172.42857142857,35856.25
1208,d_1209,29083,2014-05-21,Wednesday,5,2014,No_Event,No_Event,No_Event,No_Event,0,34639.0,35807.892857142855
1209,d_1210,30386,2014-05-22,Thursday,5,2014,No_Event,No_Event,No_Event,No_Event,0,34191.0,35793.392857142855
1210,d_1211,33425,2014-05-23,Friday,5,2014,No_Event,No_Event,No_Event,No_Event,0,34024.71428571428,35793.32142857143
1211,d_1212,38386,2014-05-24,Saturday,5,2014,No_Event,No_Event,No_Event,No_Event,0,33791.42857142857,35650.78571428572
1212,d_1213,35965,2014-05-25,Sunday,5,2014,No_Event,No_Event,No_Event,No_Event,0,32783.57142857143,35383.82142857143
1213,d_1214,33459,2014-05-26,Monday,5,2014,MemorialDay,National,No_Event,No_Event,1,32947.142857142855,35453.5
1214,d_1215,28912,2014-05-27,Tuesday,5,2014,No_Event,No_Event,No_Event,No_Event,0,32802.28571428572,35419.46428571428
1215,d_1216,28109,2014-05-28,Wednesday,5,2014,No_Event,No_Event,No_Event,No_Event,0,32663.14285714286,35391.82142857143
1216,d_1217,27689,2014-05-29,Thursday,5,2014,No_Event,No_Event,No_Event,No_Event,0,32277.85714285714,35171.46428571428
1217,d_1218,33740,2014-05-30,Friday,5,2014,No_Event,No_Event,No_Event,No_Event,0,32322.85714285714,34985.357142857145
1218,d_1219,40692,2014-05-31,Saturday,5,2014,No_Event,No_Event,No_Event,No_Event,0,32652.285714285714,34776.42857142857
1219,d_1220,44602,2014-06-01,Sunday,6,2014,No_Event,No_Event,No_Event,No_Event,0,33886.142857142855,34757.25
1220,d_1221,37312,2014-06-02,Monday,6,2014,No_Event,No_Event,No_Event,No_Event,0,34436.57142857143,34810.53571428572
1221,d_1222,38357,2014-06-03,Tuesday,6,2014,No_Event,No_Event,No_Event,No_Event,0,35785.857142857145,34980.03571428572
1222,d_1223,32899,2014-06-04,Wednesday,6,2014,No_Event,No_Event,No_Event,No_Event,0,36470.142857142855,35006.92857142857
1223,d_1224,35655,2014-06-05,Thursday,6,2014,NBAFinalsStart,Sporting,No_Event,No_Event,1,37608.142857142855,35143.92857142857
1224,d_1225,37457,2014-06-06,Friday,6,2014,No_Event,No_Event,No_Event,No_Event,0,38139.142857142855,35183.0
1225,d_1226,44347,2014-06-07,Saturday,6,2014,No_Event,No_Event,No_Event,No_Event,0,38661.28571428572,35236.71428571428
1226,d_1227,45279,2014-06-08,Sunday,6,2014,No_Event,No_Event,No_Event,No_Event,0,38758.0,35490.25
1227,d_1228,38256,2014-06-09,Monday,6,2014,No_Event,No_Event,No_Event,No_Event,0,38892.857142857145,35502.17857142857
1228,d_1229,33658,2014-06-10,Tuesday,6,2014,No_Event,No_Event,No_Event,No_Event,0,38221.57142857143,35495.53571428572
1229,d_1230,34644,2014-06-11,Wednesday,6,2014,No_Event,No_Event,No_Event,No_Event,0,38470.857142857145,35560.78571428572
1230,d_1231,35077,2014-06-12,Thursday,6,2014,No_Event,No_Event,No_Event,No_Event,0,38388.28571428572,35616.32142857143
1231,d_1232,38356,2014-06-13,Friday,6,2014,No_Event,No_Event,No_Event,No_Event,0,38516.71428571428,35750.857142857145
1232,d_1233,44984,2014-06-14,Saturday,6,2014,No_Event,No_Event,No_Event,No_Event,0,38607.71428571428,35928.17857142857
1233,d_1234,42494,2014-06-15,Sunday,6,2014,NBAFinalsEnd,Sporting,Father's day,Cultural,1,38209.857142857145,35909.392857142855
1234,d_1235,35203,2014-06-16,Monday,6,2014,No_Event,No_Event,No_Event,No_Event,0,37773.71428571428,36012.57142857143
1235,d_1236,33542,2014-06-17,Tuesday,6,2014,No_Event,No_Event,No_Event,No_Event,0,37757.142857142855,36141.71428571428
1236,d_1237,32269,2014-06-18,Wednesday,6,2014,No_Event,No_Event,No_Event,No_Event,0,37417.857142857145,36255.5
1237,d_1238,33120,2014-06-19,Thursday,6,2014,No_Event,No_Event,No_Event,No_Event,0,37138.28571428572,36353.142857142855
1238,d_1239,37996,2014-06-20,Friday,6,2014,No_Event,No_Event,No_Event,No_Event,0,37086.857142857145,36516.392857142855
1239,d_1240,42420,2014-06-21,Saturday,6,2014,No_Event,No_Event,No_Event,No_Event,0,36720.57142857143,36660.46428571428
1240,d_1241,42460,2014-06-22,Sunday,6,2014,No_Event,No_Event,No_Event,No_Event,0,36715.71428571428,36892.42857142857
1241,d_1242,33158,2014-06-23,Monday,6,2014,No_Event,No_Event,No_Event,No_Event,0,36423.57142857143,36881.67857142857
1242,d_1243,30641,2014-06-24,Tuesday,6,2014,No_Event,No_Event,No_Event,No_Event,0,36009.142857142855,36943.42857142857
1243,d_1244,28821,2014-06-25,Wednesday,6,2014,No_Event,No_Event,No_Event,No_Event,0,35516.57142857143,36968.857142857145
1244,d_1245,29356,2014-06-26,Thursday,6,2014,No_Event,No_Event,No_Event,No_Event,0,34978.857142857145,37028.392857142855
1245,d_1246,34078,2014-06-27,Friday,6,2014,No_Event,No_Event,No_Event,No_Event,0,34419.142857142855,37040.46428571428
1246,d_1247,39930,2014-06-28,Saturday,6,2014,No_Event,No_Event,No_Event,No_Event,0,34063.42857142857,37013.25
1247,d_1248,40211,2014-06-29,Sunday,6,2014,Ramadan starts,Religious,No_Event,No_Event,1,33742.142857142855,36856.42857142857
1248,d_1249,33449,2014-06-30,Monday,6,2014,No_Event,No_Event,No_Event,No_Event,0,33783.71428571428,36718.46428571428
1249,d_1250,37739,2014-07-01,Tuesday,7,2014,No_Event,No_Event,No_Event,No_Event,0,34797.71428571428,36696.392857142855
1250,d_1251,37869,2014-07-02,Wednesday,7,2014,No_Event,No_Event,No_Event,No_Event,0,36090.28571428572,36873.892857142855
1251,d_1252,47028,2014-07-03,Thursday,7,2014,No_Event,No_Event,No_Event,No_Event,0,38614.857142857145,37280.07142857143
1252,d_1253,38593,2014-07-04,Friday,7,2014,IndependenceDay,National,No_Event,No_Event,1,39259.857142857145,37320.642857142855
1253,d_1254,40782,2014-07-05,Saturday,7,2014,No_Event,No_Event,No_Event,No_Event,0,39381.57142857143,37193.32142857143
1254,d_1255,45490,2014-07-06,Sunday,7,2014,No_Event,No_Event,No_Event,No_Event,0,40135.71428571428,37200.857142857145
1255,d_1256,37635,2014-07-07,Monday,7,2014,No_Event,No_Event,No_Event,No_Event,0,40733.71428571428,37178.67857142857
1256,d_1257,36448,2014-07-08,Tuesday,7,2014,No_Event,No_Event,No_Event,No_Event,0,40549.28571428572,37278.32142857143
1257,d_1258,37214,2014-07-09,Wednesday,7,2014,No_Event,No_Event,No_Event,No_Event,0,40455.71428571428,37370.107142857145
1258,d_1259,35179,2014-07-10,Thursday,7,2014,No_Event,No_Event,No_Event,No_Event,0,38763.0,37373.75
1259,d_1260,40253,2014-07-11,Friday,7,2014,No_Event,No_Event,No_Event,No_Event,0,39000.142857142855,37441.5
1260,d_1261,47696,2014-07-12,Saturday,7,2014,No_Event,No_Event,No_Event,No_Event,0,39987.857142857145,37538.357142857145
1261,d_1262,43675,2014-07-13,Sunday,7,2014,No_Event,No_Event,No_Event,No_Event,0,39728.57142857143,37580.53571428572
1262,d_1263,36281,2014-07-14,Monday,7,2014,No_Event,No_Event,No_Event,No_Event,0,39535.142857142855,37619.03571428572
1263,d_1264,35815,2014-07-15,Tuesday,7,2014,No_Event,No_Event,No_Event,No_Event,0,39444.71428571428,37700.21428571428
1264,d_1265,33011,2014-07-16,Wednesday,7,2014,No_Event,No_Event,No_Event,No_Event,0,38844.28571428572,37726.71428571428
1265,d_1266,32430,2014-07-17,Thursday,7,2014,No_Event,No_Event,No_Event,No_Event,0,38451.57142857143,37702.07142857143
1266,d_1267,36449,2014-07-18,Friday,7,2014,No_Event,No_Event,No_Event,No_Event,0,37908.142857142855,37646.82142857143
1267,d_1268,42480,2014-07-19,Saturday,7,2014,No_Event,No_Event,No_Event,No_Event,0,37163.0,37648.96428571428
1268,d_1269,42689,2014-07-20,Sunday,7,2014,No_Event,No_Event,No_Event,No_Event,0,37022.142857142855,37657.142857142855
1269,d_1270,33451,2014-07-21,Monday,7,2014,No_Event,No_Event,No_Event,No_Event,0,36617.857142857145,37667.607142857145
1270,d_1271,31512,2014-07-22,Tuesday,7,2014,No_Event,No_Event,No_Event,No_Event,0,36003.142857142855,37698.71428571428
1271,d_1272,30939,2014-07-23,Wednesday,7,2014,No_Event,No_Event,No_Event,No_Event,0,35707.142857142855,37774.357142857145
1272,d_1273,30525,2014-07-24,Thursday,7,2014,No_Event,No_Event,No_Event,No_Event,0,35435.0,37816.107142857145
1273,d_1274,33848,2014-07-25,Friday,7,2014,No_Event,No_Event,No_Event,No_Event,0,35063.42857142857,37807.892857142855
1274,d_1275,39008,2014-07-26,Saturday,7,2014,No_Event,No_Event,No_Event,No_Event,0,34567.42857142857,37774.96428571428
1275,d_1276,42214,2014-07-27,Sunday,7,2014,No_Event,No_Event,No_Event,No_Event,0,34499.57142857143,37846.5
1276,d_1277,32632,2014-07-28,Monday,7,2014,No_Event,No_Event,No_Event,No_Event,0,34382.57142857143,37817.32142857143
1277,d_1278,30705,2014-07-29,Tuesday,7,2014,Eid al-Fitr,Religious,No_Event,No_Event,1,34267.28571428572,37566.107142857145
1278,d_1279,30334,2014-07-30,Wednesday,7,2014,No_Event,No_Event,No_Event,No_Event,0,34180.857142857145,37297.0
1279,d_1280,31840,2014-07-31,Thursday,7,2014,No_Event,No_Event,No_Event,No_Event,0,34368.71428571428,36754.57142857143
1280,d_1281,43129,2014-08-01,Friday,8,2014,No_Event,No_Event,No_Event,No_Event,0,35694.57142857143,36916.57142857143
1281,d_1282,47011,2014-08-02,Saturday,8,2014,No_Event,No_Event,No_Event,No_Event,0,36837.857142857145,37139.03571428572
1282,d_1283,47572,2014-08-03,Sunday,8,2014,No_Event,No_Event,No_Event,No_Event,0,37603.28571428572,37213.392857142855
1283,d_1284,35799,2014-08-04,Monday,8,2014,No_Event,No_Event,No_Event,No_Event,0,38055.71428571428,37147.82142857143
1284,d_1285,36238,2014-08-05,Tuesday,8,2014,No_Event,No_Event,No_Event,No_Event,0,38846.142857142855,37140.32142857143
1285,d_1286,34547,2014-08-06,Wednesday,8,2014,No_Event,No_Event,No_Event,No_Event,0,39448.0,37045.07142857143
1286,d_1287,34577,2014-08-07,Thursday,8,2014,No_Event,No_Event,No_Event,No_Event,0,39839.0,37023.57142857143
1287,d_1288,38980,2014-08-08,Friday,8,2014,No_Event,No_Event,No_Event,No_Event,0,39246.28571428572,36978.107142857145
1288,d_1289,45258,2014-08-09,Saturday,8,2014,No_Event,No_Event,No_Event,No_Event,0,38995.857142857145,36891.03571428572
1289,d_1290,43249,2014-08-10,Sunday,8,2014,No_Event,No_Event,No_Event,No_Event,0,38378.28571428572,36875.82142857143
1290,d_1291,36122,2014-08-11,Monday,8,2014,No_Event,No_Event,No_Event,No_Event,0,38424.42857142857,36870.142857142855
1291,d_1292,36672,2014-08-12,Tuesday,8,2014,No_Event,No_Event,No_Event,No_Event,0,38486.42857142857,36900.75
1292,d_1293,34419,2014-08-13,Wednesday,8,2014,No_Event,No_Event,No_Event,No_Event,0,38468.142857142855,36951.03571428572
1293,d_1294,34536,2014-08-14,Thursday,8,2014,No_Event,No_Event,No_Event,No_Event,0,38462.28571428572,37026.25
1294,d_1295,38258,2014-08-15,Friday,8,2014,No_Event,No_Event,No_Event,No_Event,0,38359.142857142855,37090.857142857145
1295,d_1296,44555,2014-08-16,Saturday,8,2014,No_Event,No_Event,No_Event,No_Event,0,38258.71428571428,37164.96428571428
1296,d_1297,46673,2014-08-17,Sunday,8,2014,No_Event,No_Event,No_Event,No_Event,0,38747.857142857145,37307.25
1297,d_1298,35379,2014-08-18,Monday,8,2014,No_Event,No_Event,No_Event,No_Event,0,38641.71428571428,37376.107142857145
1298,d_1299,31959,2014-08-19,Tuesday,8,2014,No_Event,No_Event,No_Event,No_Event,0,37968.42857142857,37392.07142857143
1299,d_1300,31847,2014-08-20,Wednesday,8,2014,No_Event,No_Event,No_Event,No_Event,0,37601.0,37424.5
1300,d_1301,32399,2014-08-21,Thursday,8,2014,No_Event,No_Event,No_Event,No_Event,0,37295.71428571428,37491.42857142857
1301,d_1302,37116,2014-08-22,Friday,8,2014,No_Event,No_Event,No_Event,No_Event,0,37132.57142857143,37608.142857142855
1302,d_1303,44673,2014-08-23,Saturday,8,2014,No_Event,No_Event,No_Event,No_Event,0,37149.42857142857,37810.46428571428
1303,d_1304,47443,2014-08-24,Sunday,8,2014,No_Event,No_Event,No_Event,No_Event,0,37259.42857142857,37997.21428571428
1304,d_1305,34667,2014-08-25,Monday,8,2014,No_Event,No_Event,No_Event,No_Event,0,37157.71428571428,38069.892857142855
1305,d_1306,31402,2014-08-26,Tuesday,8,2014,No_Event,No_Event,No_Event,No_Event,0,37078.142857142855,38094.78571428572
1306,d_1307,29506,2014-08-27,Wednesday,8,2014,No_Event,No_Event,No_Event,No_Event,0,36743.71428571428,38065.21428571428
1307,d_1308,29976,2014-08-28,Thursday,8,2014,No_Event,No_Event,No_Event,No_Event,0,36397.57142857143,37998.642857142855
1308,d_1309,37693,2014-08-29,Friday,8,2014,No_Event,No_Event,No_Event,No_Event,0,36480.0,37804.5
1309,d_1310,43237,2014-08-30,Saturday,8,2014,No_Event,No_Event,No_Event,No_Event,0,36274.857142857145,37669.71428571428
1310,d_1311,39210,2014-08-31,Sunday,8,2014,No_Event,No_Event,No_Event,No_Event,0,35098.71428571428,37371.07142857143
1311,d_1312,43256,2014-09-01,Monday,9,2014,LaborDay,National,No_Event,No_Event,1,36325.71428571428,37637.392857142855
1312,d_1313,34299,2014-09-02,Tuesday,9,2014,No_Event,No_Event,No_Event,No_Event,0,36739.57142857143,37568.142857142855
1313,d_1314,37397,2014-09-03,Wednesday,9,2014,No_Event,No_Event,No_Event,No_Event,0,37866.857142857145,37669.92857142857
1314,d_1315,31483,2014-09-04,Thursday,9,2014,No_Event,No_Event,No_Event,No_Event,0,38082.142857142855,37559.42857142857
1315,d_1316,35966,2014-09-05,Friday,9,2014,No_Event,No_Event,No_Event,No_Event,0,37835.42857142857,37451.78571428572
1316,d_1317,46017,2014-09-06,Saturday,9,2014,No_Event,No_Event,No_Event,No_Event,0,38232.57142857143,37478.892857142855
1317,d_1318,45953,2014-09-07,Sunday,9,2014,No_Event,No_Event,No_Event,No_Event,0,39195.857142857145,37575.46428571428
1318,d_1319,35580,2014-09-08,Monday,9,2014,No_Event,No_Event,No_Event,No_Event,0,38099.28571428572,37556.107142857145
1319,d_1320,34167,2014-09-09,Tuesday,9,2014,No_Event,No_Event,No_Event,No_Event,0,38080.42857142857,37466.642857142855
1320,d_1321,31792,2014-09-10,Wednesday,9,2014,No_Event,No_Event,No_Event,No_Event,0,37279.71428571428,37372.82142857143
1321,d_1322,34480,2014-09-11,Thursday,9,2014,No_Event,No_Event,No_Event,No_Event,0,37707.857142857145,37370.82142857143
1322,d_1323,38359,2014-09-12,Friday,9,2014,No_Event,No_Event,No_Event,No_Event,0,38049.71428571428,37374.42857142857
1323,d_1324,47579,2014-09-13,Saturday,9,2014,No_Event,No_Event,No_Event,No_Event,0,38272.857142857145,37482.42857142857
1324,d_1325,45747,2014-09-14,Sunday,9,2014,No_Event,No_Event,No_Event,No_Event,0,38243.42857142857,37449.357142857145
1325,d_1326,36559,2014-09-15,Monday,9,2014,No_Event,No_Event,No_Event,No_Event,0,38383.28571428572,37491.5
1326,d_1327,31037,2014-09-16,Tuesday,9,2014,No_Event,No_Event,No_Event,No_Event,0,37936.142857142855,37458.57142857143
1327,d_1328,29831,2014-09-17,Wednesday,9,2014,No_Event,No_Event,No_Event,No_Event,0,37656.0,37386.57142857143
1328,d_1329,28861,2014-09-18,Thursday,9,2014,No_Event,No_Event,No_Event,No_Event,0,36853.28571428572,37260.21428571428
1329,d_1330,34832,2014-09-19,Friday,9,2014,No_Event,No_Event,No_Event,No_Event,0,36349.42857142857,37178.642857142855
1330,d_1331,43032,2014-09-20,Saturday,9,2014,No_Event,No_Event,No_Event,No_Event,0,35699.857142857145,37120.03571428572
1331,d_1332,44402,2014-09-21,Sunday,9,2014,No_Event,No_Event,No_Event,No_Event,0,35507.71428571428,37011.42857142857
1332,d_1333,31510,2014-09-22,Monday,9,2014,No_Event,No_Event,No_Event,No_Event,0,34786.42857142857,36898.67857142857
1333,d_1334,29410,2014-09-23,Tuesday,9,2014,No_Event,No_Event,No_Event,No_Event,0,34554.0,36827.53571428572
1334,d_1335,29001,2014-09-24,Wednesday,9,2014,No_Event,No_Event,No_Event,No_Event,0,34435.42857142857,36809.5
1335,d_1336,29511,2014-09-25,Thursday,9,2014,No_Event,No_Event,No_Event,No_Event,0,34528.28571428572,36792.892857142855
1336,d_1337,33127,2014-09-26,Friday,9,2014,No_Event,No_Event,No_Event,No_Event,0,34284.71428571428,36629.82142857143
1337,d_1338,40839,2014-09-27,Saturday,9,2014,No_Event,No_Event,No_Event,No_Event,0,33971.42857142857,36544.17857142857
1338,d_1339,42924,2014-09-28,Sunday,9,2014,No_Event,No_Event,No_Event,No_Event,0,33760.28571428572,36676.82142857143
1339,d_1340,31473,2014-09-29,Monday,9,2014,No_Event,No_Event,No_Event,No_Event,0,33755.0,36256.0
1340,d_1341,29990,2014-09-30,Tuesday,9,2014,No_Event,No_Event,No_Event,No_Event,0,33837.857142857145,36102.107142857145
1341,d_1342,34602,2014-10-01,Wednesday,10,2014,No_Event,No_Event,No_Event,No_Event,0,34638.0,36002.28571428572
1342,d_1343,34249,2014-10-02,Thursday,10,2014,No_Event,No_Event,No_Event,No_Event,0,35314.857142857145,36101.07142857143
1343,d_1344,41836,2014-10-03,Friday,10,2014,No_Event,No_Event,No_Event,No_Event,0,36559.0,36310.71428571428
1344,d_1345,47199,2014-10-04,Saturday,10,2014,EidAlAdha,Religious,No_Event,No_Event,1,37467.57142857143,36352.92857142857
1345,d_1346,48361,2014-10-05,Sunday,10,2014,No_Event,No_Event,No_Event,No_Event,0,38244.28571428572,36438.92857142857
1346,d_1347,37719,2014-10-06,Monday,10,2014,No_Event,No_Event,No_Event,No_Event,0,39136.57142857143,36515.32142857143
1347,d_1348,33151,2014-10-07,Tuesday,10,2014,No_Event,No_Event,No_Event,No_Event,0,39588.142857142855,36479.03571428572
1348,d_1349,33185,2014-10-08,Wednesday,10,2014,No_Event,No_Event,No_Event,No_Event,0,39385.71428571428,36528.78571428572
1349,d_1350,33738,2014-10-09,Thursday,10,2014,No_Event,No_Event,No_Event,No_Event,0,39312.71428571428,36502.28571428572
1350,d_1351,35001,2014-10-10,Friday,10,2014,No_Event,No_Event,No_Event,No_Event,0,38336.28571428572,36382.357142857145
1351,d_1352,44561,2014-10-11,Saturday,10,2014,No_Event,No_Event,No_Event,No_Event,0,37959.42857142857,36274.57142857143
1352,d_1353,46735,2014-10-12,Sunday,10,2014,No_Event,No_Event,No_Event,No_Event,0,37727.142857142855,36309.857142857145
1353,d_1354,33557,2014-10-13,Monday,10,2014,ColumbusDay,National,No_Event,No_Event,1,37132.57142857143,36202.642857142855
1354,d_1355,32451,2014-10-14,Tuesday,10,2014,No_Event,No_Event,No_Event,No_Event,0,37032.57142857143,36253.142857142855
1355,d_1356,34193,2014-10-15,Wednesday,10,2014,No_Event,No_Event,No_Event,No_Event,0,37176.57142857143,36408.92857142857
1356,d_1357,29936,2014-10-16,Thursday,10,2014,No_Event,No_Event,No_Event,No_Event,0,36633.42857142857,36447.32142857143
1357,d_1358,33430,2014-10-17,Friday,10,2014,No_Event,No_Event,No_Event,No_Event,0,36409.0,36397.25
1358,d_1359,43755,2014-10-18,Saturday,10,2014,No_Event,No_Event,No_Event,No_Event,0,36293.857142857145,36423.07142857143
1359,d_1360,43456,2014-10-19,Sunday,10,2014,No_Event,No_Event,No_Event,No_Event,0,35825.42857142857,36389.28571428572
1360,d_1361,32233,2014-10-20,Monday,10,2014,No_Event,No_Event,No_Event,No_Event,0,35636.28571428572,36415.107142857145
1361,d_1362,29367,2014-10-21,Tuesday,10,2014,No_Event,No_Event,No_Event,No_Event,0,35195.71428571428,36413.57142857143
1362,d_1363,27926,2014-10-22,Wednesday,10,2014,No_Event,No_Event,No_Event,No_Event,0,34300.42857142857,36375.17857142857
1363,d_1364,28506,2014-10-23,Thursday,10,2014,No_Event,No_Event,No_Event,No_Event,0,34096.142857142855,36339.28571428572
1364,d_1365,32790,2014-10-24,Friday,10,2014,No_Event,No_Event,No_Event,No_Event,0,34004.71428571428,36327.25
1365,d_1366,40753,2014-10-25,Saturday,10,2014,No_Event,No_Event,No_Event,No_Event,0,33575.857142857145,36324.17857142857
1366,d_1367,40197,2014-10-26,Sunday,10,2014,No_Event,No_Event,No_Event,No_Event,0,33110.28571428572,36226.78571428572
1367,d_1368,31203,2014-10-27,Monday,10,2014,No_Event,No_Event,No_Event,No_Event,0,32963.142857142855,36217.142857142855
1368,d_1369,28340,2014-10-28,Tuesday,10,2014,No_Event,No_Event,No_Event,No_Event,0,32816.42857142857,36158.21428571428
1369,d_1370,27563,2014-10-29,Wednesday,10,2014,No_Event,No_Event,No_Event,No_Event,0,32764.571428571428,35906.82142857143
1370,d_1371,30235,2014-10-30,Thursday,10,2014,No_Event,No_Event,No_Event,No_Event,0,33011.57142857143,35763.46428571428
1371,d_1372,32850,2014-10-31,Friday,10,2014,Halloween,Cultural,No_Event,No_Event,1,33020.142857142855,35442.53571428572
1372,d_1373,44249,2014-11-01,Saturday,11,2014,No_Event,No_Event,No_Event,No_Event,0,33519.57142857143,35337.17857142857
1373,d_1374,46072,2014-11-02,Sunday,11,2014,No_Event,No_Event,No_Event,No_Event,0,34358.857142857145,35255.42857142857
1374,d_1375,38564,2014-11-03,Monday,11,2014,No_Event,No_Event,No_Event,No_Event,0,35410.42857142857,35285.607142857145
1375,d_1376,31952,2014-11-04,Tuesday,11,2014,No_Event,No_Event,No_Event,No_Event,0,35926.42857142857,35242.78571428572
1376,d_1377,30832,2014-11-05,Wednesday,11,2014,No_Event,No_Event,No_Event,No_Event,0,36393.42857142857,35158.75
1377,d_1378,33223,2014-11-06,Thursday,11,2014,No_Event,No_Event,No_Event,No_Event,0,36820.28571428572,35140.357142857145
1378,d_1379,34763,2014-11-07,Friday,11,2014,No_Event,No_Event,No_Event,No_Event,0,37093.57142857143,35131.857142857145
1379,d_1380,44270,2014-11-08,Saturday,11,2014,No_Event,No_Event,No_Event,No_Event,0,37096.57142857143,35121.46428571428
1380,d_1381,47415,2014-11-09,Sunday,11,2014,No_Event,No_Event,No_Event,No_Event,0,37288.42857142857,35145.75
1381,d_1382,34449,2014-11-10,Monday,11,2014,No_Event,No_Event,No_Event,No_Event,0,36700.57142857143,35177.607142857145
1382,d_1383,32588,2014-11-11,Tuesday,11,2014,VeteransDay,National,No_Event,No_Event,1,36791.42857142857,35182.5
1383,d_1384,30490,2014-11-12,Wednesday,11,2014,No_Event,No_Event,No_Event,No_Event,0,36742.57142857143,35050.25
1384,d_1385,28711,2014-11-13,Thursday,11,2014,No_Event,No_Event,No_Event,No_Event,0,36098.0,35006.5
1385,d_1386,34739,2014-11-14,Friday,11,2014,No_Event,No_Event,No_Event,No_Event,0,36094.57142857143,35053.25
1386,d_1387,44383,2014-11-15,Saturday,11,2014,No_Event,No_Event,No_Event,No_Event,0,36110.71428571428,35075.67857142857
1387,d_1388,43516,2014-11-16,Sunday,11,2014,No_Event,No_Event,No_Event,No_Event,0,35553.71428571428,35077.82142857143
1388,d_1389,31811,2014-11-17,Monday,11,2014,No_Event,No_Event,No_Event,No_Event,0,35176.857142857145,35062.75
1389,d_1390,28014,2014-11-18,Tuesday,11,2014,No_Event,No_Event,No_Event,No_Event,0,34523.42857142857,35014.42857142857
1390,d_1391,28047,2014-11-19,Wednesday,11,2014,No_Event,No_Event,No_Event,No_Event,0,34174.42857142857,35018.75
1391,d_1392,28247,2014-11-20,Thursday,11,2014,No_Event,No_Event,No_Event,No_Event,0,34108.142857142855,35009.5
1392,d_1393,32863,2014-11-21,Friday,11,2014,No_Event,No_Event,No_Event,No_Event,0,33840.142857142855,35012.107142857145
1393,d_1394,42402,2014-11-22,Saturday,11,2014,No_Event,No_Event,No_Event,No_Event,0,33557.142857142855,35071.0
1394,d_1395,40630,2014-11-23,Sunday,11,2014,No_Event,No_Event,No_Event,No_Event,0,33144.857142857145,35086.46428571428
1395,d_1396,31598,2014-11-24,Monday,11,2014,No_Event,No_Event,No_Event,No_Event,0,33114.42857142857,35100.57142857143
1396,d_1397,31888,2014-11-25,Tuesday,11,2014,No_Event,No_Event,No_Event,No_Event,0,33667.857142857145,35227.28571428572
1397,d_1398,36903,2014-11-26,Wednesday,11,2014,No_Event,No_Event,No_Event,No_Event,0,34933.0,35560.857142857145
1398,d_1399,21844,2014-11-27,Thursday,11,2014,Thanksgiving,National,No_Event,No_Event,1,34018.28571428572,35261.17857142857
1399,d_1400,26354,2014-11-28,Friday,11,2014,No_Event,No_Event,No_Event,No_Event,0,33088.42857142857,35029.17857142857
1400,d_1401,34456,2014-11-29,Saturday,11,2014,No_Event,No_Event,No_Event,No_Event,0,31953.285714285714,34679.42857142857
1401,d_1402,35805,2014-11-30,Sunday,11,2014,No_Event,No_Event,No_Event,No_Event,0,31264.0,34312.75
1402,d_1403,34305,2014-12-01,Monday,12,2014,No_Event,No_Event,No_Event,No_Event,0,31650.714285714286,34160.642857142855
1403,d_1404,30569,2014-12-02,Tuesday,12,2014,No_Event,No_Event,No_Event,No_Event,0,31462.285714285714,34111.25
1404,d_1405,32605,2014-12-03,Wednesday,12,2014,No_Event,No_Event,No_Event,No_Event,0,30848.285714285714,34174.57142857143
1405,d_1406,31516,2014-12-04,Thursday,12,2014,No_Event,No_Event,No_Event,No_Event,0,32230.0,34113.607142857145
1406,d_1407,36963,2014-12-05,Friday,12,2014,No_Event,No_Event,No_Event,No_Event,0,33745.57142857143,34192.17857142857
1407,d_1408,43815,2014-12-06,Saturday,12,2014,No_Event,No_Event,No_Event,No_Event,0,35082.57142857143,34175.92857142857
1408,d_1409,42527,2014-12-07,Sunday,12,2014,No_Event,No_Event,No_Event,No_Event,0,36042.857142857145,34001.357142857145
1409,d_1410,33114,2014-12-08,Monday,12,2014,No_Event,No_Event,No_Event,No_Event,0,35872.71428571428,33953.67857142857
1410,d_1411,32667,2014-12-09,Tuesday,12,2014,No_Event,No_Event,No_Event,No_Event,0,36172.42857142857,33956.5
1411,d_1412,31898,2014-12-10,Wednesday,12,2014,No_Event,No_Event,No_Event,No_Event,0,36071.42857142857,34006.78571428572
1412,d_1413,26115,2014-12-11,Thursday,12,2014,No_Event,No_Event,No_Event,No_Event,0,35299.857142857145,33914.07142857143
1413,d_1414,33502,2014-12-12,Friday,12,2014,No_Event,No_Event,No_Event,No_Event,0,34805.42857142857,33869.892857142855
1414,d_1415,40036,2014-12-13,Saturday,12,2014,No_Event,No_Event,No_Event,No_Event,0,34265.57142857143,33714.642857142855
1415,d_1416,42006,2014-12-14,Sunday,12,2014,No_Event,No_Event,No_Event,No_Event,0,34191.142857142855,33660.71428571428
1416,d_1417,34127,2014-12-15,Monday,12,2014,No_Event,No_Event,No_Event,No_Event,0,34335.857142857145,33743.42857142857
1417,d_1418,29936,2014-12-16,Tuesday,12,2014,No_Event,No_Event,No_Event,No_Event,0,33945.71428571428,33812.07142857143
1418,d_1419,30152,2014-12-17,Wednesday,12,2014,No_Event,No_Event,No_Event,No_Event,0,33696.28571428572,33887.25
1419,d_1420,32367,2014-12-18,Thursday,12,2014,No_Event,No_Event,No_Event,No_Event,0,34589.42857142857,34034.392857142855
1420,d_1421,29834,2014-12-19,Friday,12,2014,No_Event,No_Event,No_Event,No_Event,0,34065.42857142857,33926.21428571428
1421,d_1422,38421,2014-12-20,Saturday,12,2014,No_Event,No_Event,No_Event,No_Event,0,33834.71428571428,33784.03571428572
1422,d_1423,38488,2014-12-21,Sunday,12,2014,No_Event,No_Event,No_Event,No_Event,0,33332.142857142855,33707.53571428572
1423,d_1424,33736,2014-12-22,Monday,12,2014,No_Event,No_Event,No_Event,No_Event,0,33276.28571428572,33783.892857142855
1424,d_1425,34862,2014-12-23,Tuesday,12,2014,No_Event,No_Event,No_Event,No_Event,0,33980.0,33890.107142857145
1425,d_1426,29617,2014-12-24,Wednesday,12,2014,Chanukah End,Religious,No_Event,No_Event,1,33903.57142857143,33629.892857142855
1426,d_1427,20,2014-12-25,Thursday,12,2014,Christmas,National,No_Event,No_Event,1,29282.571428571428,32850.46428571428
1427,d_1428,32909,2014-12-26,Friday,12,2014,No_Event,No_Event,No_Event,No_Event,0,29721.85714285714,33084.57142857143
1428,d_1429,32594,2014-12-27,Saturday,12,2014,No_Event,No_Event,No_Event,No_Event,0,28889.428571428572,33018.07142857143
1429,d_1430,31894,2014-12-28,Sunday,12,2014,No_Event,No_Event,No_Event,No_Event,0,27947.428571428572,32878.392857142855
1430,d_1431,29990,2014-12-29,Monday,12,2014,No_Event,No_Event,No_Event,No_Event,0,27412.285714285714,32724.285714285714
1431,d_1432,29417,2014-12-30,Tuesday,12,2014,No_Event,No_Event,No_Event,No_Event,0,26634.428571428572,32683.14285714286
1432,d_1433,33450,2014-12-31,Wednesday,12,2014,No_Event,No_Event,No_Event,No_Event,0,27182.0,32713.321428571428
1433,d_1434,26452,2015-01-01,Thursday,1,2015,NewYear,National,No_Event,No_Event,1,30958.0,32532.464285714286
1434,d_1435,39633,2015-01-02,Friday,1,2015,No_Event,No_Event,No_Event,No_Event,0,31918.571428571428,32627.821428571428
1435,d_1436,41085,2015-01-03,Saturday,1,2015,No_Event,No_Event,No_Event,No_Event,0,33131.57142857143,32530.321428571428
1436,d_1437,39647,2015-01-04,Sunday,1,2015,No_Event,No_Event,No_Event,No_Event,0,34239.142857142855,32427.464285714286
1437,d_1438,34691,2015-01-05,Monday,1,2015,No_Event,No_Event,No_Event,No_Event,0,34910.71428571428,32483.785714285714
1438,d_1439,32682,2015-01-06,Tuesday,1,2015,No_Event,No_Event,No_Event,No_Event,0,35377.142857142855,32484.321428571428
1439,d_1440,29165,2015-01-07,Wednesday,1,2015,OrthodoxChristmas,Religious,No_Event,No_Event,1,34765.0,32386.714285714286
1440,d_1441,29029,2015-01-08,Thursday,1,2015,No_Event,No_Event,No_Event,No_Event,0,35133.142857142855,32490.785714285714
1441,d_1442,34385,2015-01-09,Friday,1,2015,No_Event,No_Event,No_Event,No_Event,0,34383.42857142857,32522.321428571428
1442,d_1443,43946,2015-01-10,Saturday,1,2015,No_Event,No_Event,No_Event,No_Event,0,34792.142857142855,32661.964285714286
1443,d_1444,45066,2015-01-11,Sunday,1,2015,No_Event,No_Event,No_Event,No_Event,0,35566.28571428572,32771.25
1444,d_1445,35574,2015-01-12,Monday,1,2015,No_Event,No_Event,No_Event,No_Event,0,35692.42857142857,32822.92857142857
1445,d_1446,30324,2015-01-13,Tuesday,1,2015,No_Event,No_Event,No_Event,No_Event,0,35355.57142857143,32836.78571428572
1446,d_1447,31059,2015-01-14,Wednesday,1,2015,No_Event,No_Event,No_Event,No_Event,0,35626.142857142855,32869.17857142857
1447,d_1448,33063,2015-01-15,Thursday,1,2015,No_Event,No_Event,No_Event,No_Event,0,36202.42857142857,32894.03571428572
1448,d_1449,34889,2015-01-16,Friday,1,2015,No_Event,No_Event,No_Event,No_Event,0,36274.42857142857,33074.57142857143
1449,d_1450,45169,2015-01-17,Saturday,1,2015,No_Event,No_Event,No_Event,No_Event,0,36449.142857142855,33315.57142857143
1450,d_1451,40724,2015-01-18,Sunday,1,2015,No_Event,No_Event,No_Event,No_Event,0,35828.857142857145,33395.42857142857
1451,d_1452,34412,2015-01-19,Monday,1,2015,MartinLutherKingDay,National,No_Event,No_Event,1,35662.857142857145,33419.57142857143
1452,d_1453,28363,2015-01-20,Tuesday,1,2015,No_Event,No_Event,No_Event,No_Event,0,35382.71428571428,33187.46428571428
1453,d_1454,28109,2015-01-21,Wednesday,1,2015,No_Event,No_Event,No_Event,No_Event,0,34961.28571428572,33133.607142857145
1454,d_1455,25795,2015-01-22,Thursday,1,2015,No_Event,No_Event,No_Event,No_Event,0,33923.0,34054.142857142855
1455,d_1456,32221,2015-01-23,Friday,1,2015,No_Event,No_Event,No_Event,No_Event,0,33541.857142857145,34029.57142857143
1456,d_1457,42181,2015-01-24,Saturday,1,2015,No_Event,No_Event,No_Event,No_Event,0,33115.0,34371.96428571428
1457,d_1458,42623,2015-01-25,Sunday,1,2015,No_Event,No_Event,No_Event,No_Event,0,33386.28571428572,34755.142857142855
1458,d_1459,30358,2015-01-26,Monday,1,2015,No_Event,No_Event,No_Event,No_Event,0,32807.142857142855,34768.28571428572
1459,d_1460,27873,2015-01-27,Tuesday,1,2015,No_Event,No_Event,No_Event,No_Event,0,32737.14285714286,34713.142857142855
1460,d_1461,28104,2015-01-28,Wednesday,1,2015,No_Event,No_Event,No_Event,No_Event,0,32736.428571428572,34522.21428571428
1461,d_1462,28225,2015-01-29,Thursday,1,2015,No_Event,No_Event,No_Event,No_Event,0,33083.57142857143,34585.53571428572
1462,d_1463,37440,2015-01-30,Friday,1,2015,No_Event,No_Event,No_Event,No_Event,0,33829.142857142855,34507.21428571428
1463,d_1464,50828,2015-01-31,Saturday,1,2015,No_Event,No_Event,No_Event,No_Event,0,35064.42857142857,34855.17857142857
1464,d_1465,40385,2015-02-01,Sunday,2,2015,SuperBowl,Sporting,No_Event,No_Event,1,34744.71428571428,34881.53571428572
1465,d_1466,35006,2015-02-02,Monday,2,2015,No_Event,No_Event,No_Event,No_Event,0,35408.71428571428,34892.78571428572
1466,d_1467,37405,2015-02-03,Tuesday,2,2015,No_Event,No_Event,No_Event,No_Event,0,36770.42857142857,35061.46428571428
1467,d_1468,33992,2015-02-04,Wednesday,2,2015,No_Event,No_Event,No_Event,No_Event,0,37611.57142857143,35233.857142857145
1468,d_1469,34647,2015-02-05,Thursday,2,2015,No_Event,No_Event,No_Event,No_Event,0,38529.0,35434.5
1469,d_1470,36809,2015-02-06,Friday,2,2015,No_Event,No_Event,No_Event,No_Event,0,38438.857142857145,35521.07142857143
1470,d_1471,50836,2015-02-07,Saturday,2,2015,No_Event,No_Event,No_Event,No_Event,0,38440.0,35767.142857142855
1471,d_1472,49719,2015-02-08,Sunday,2,2015,No_Event,No_Event,No_Event,No_Event,0,39773.42857142857,35933.32142857143
1472,d_1473,39170,2015-02-09,Monday,2,2015,No_Event,No_Event,No_Event,No_Event,0,40368.28571428572,36061.75
1473,d_1474,35464,2015-02-10,Tuesday,2,2015,No_Event,No_Event,No_Event,No_Event,0,40091.0,36245.32142857143
1474,d_1475,35701,2015-02-11,Wednesday,2,2015,No_Event,No_Event,No_Event,No_Event,0,40335.142857142855,36411.107142857145
1475,d_1476,38570,2015-02-12,Thursday,2,2015,No_Event,No_Event,No_Event,No_Event,0,40895.57142857143,36607.78571428572
1476,d_1477,36936,2015-02-13,Friday,2,2015,No_Event,No_Event,No_Event,No_Event,0,40913.71428571428,36680.892857142855
1477,d_1478,41614,2015-02-14,Saturday,2,2015,ValentinesDay,Cultural,No_Event,No_Event,1,39596.28571428572,36553.92857142857
1478,d_1479,44007,2015-02-15,Sunday,2,2015,No_Event,No_Event,No_Event,No_Event,0,38780.28571428572,36671.17857142857
1479,d_1480,37147,2015-02-16,Monday,2,2015,PresidentsDay,National,No_Event,No_Event,1,38491.28571428572,36768.857142857145
1480,d_1481,30697,2015-02-17,Tuesday,2,2015,No_Event,No_Event,No_Event,No_Event,0,37810.28571428572,36852.21428571428
1481,d_1482,28505,2015-02-18,Wednesday,2,2015,LentStart,Religious,No_Event,No_Event,1,36782.28571428572,36866.357142857145
1482,d_1483,28808,2015-02-19,Thursday,2,2015,No_Event,No_Event,No_Event,No_Event,0,35387.71428571428,36973.96428571428
1483,d_1484,33119,2015-02-20,Friday,2,2015,No_Event,No_Event,No_Event,No_Event,0,34842.42857142857,37006.03571428572
1484,d_1485,42109,2015-02-21,Saturday,2,2015,No_Event,No_Event,No_Event,No_Event,0,34913.142857142855,37003.46428571428
1485,d_1486,43759,2015-02-22,Sunday,2,2015,No_Event,No_Event,No_Event,No_Event,0,34877.71428571428,37044.03571428572
1486,d_1487,31522,2015-02-23,Monday,2,2015,No_Event,No_Event,No_Event,No_Event,0,34074.142857142855,37085.607142857145
1487,d_1488,29780,2015-02-24,Tuesday,2,2015,No_Event,No_Event,No_Event,No_Event,0,33943.142857142855,37153.71428571428
1488,d_1489,29227,2015-02-25,Wednesday,2,2015,LentWeek2,Religious,No_Event,No_Event,1,34046.28571428572,37193.82142857143
1489,d_1490,29223,2015-02-26,Thursday,2,2015,No_Event,No_Event,No_Event,No_Event,0,34105.57142857143,37229.46428571428
1490,d_1491,33566,2015-02-27,Friday,2,2015,No_Event,No_Event,No_Event,No_Event,0,34169.42857142857,37091.107142857145
1491,d_1492,44154,2015-02-28,Saturday,2,2015,No_Event,No_Event,No_Event,No_Event,0,34461.57142857143,36852.75
1492,d_1493,45186,2015-03-01,Sunday,3,2015,No_Event,No_Event,No_Event,No_Event,0,34665.42857142857,37024.21428571428
1493,d_1494,35398,2015-03-02,Monday,3,2015,No_Event,No_Event,No_Event,No_Event,0,35219.142857142855,37038.21428571428
1494,d_1495,34387,2015-03-03,Tuesday,3,2015,No_Event,No_Event,No_Event,No_Event,0,35877.28571428572,36930.42857142857
1495,d_1496,31774,2015-03-04,Wednesday,3,2015,No_Event,No_Event,No_Event,No_Event,0,36241.142857142855,36851.21428571428
1496,d_1497,32819,2015-03-05,Thursday,3,2015,Purim End,Religious,No_Event,No_Event,1,36754.857142857145,36785.92857142857
1497,d_1498,35937,2015-03-06,Friday,3,2015,No_Event,No_Event,No_Event,No_Event,0,37093.57142857143,36754.78571428572
1498,d_1499,44229,2015-03-07,Saturday,3,2015,No_Event,No_Event,No_Event,No_Event,0,37104.28571428572,36518.82142857143
1499,d_1500,47379,2015-03-08,Sunday,3,2015,No_Event,No_Event,No_Event,No_Event,0,37417.57142857143,36435.25
1500,d_1501,36020,2015-03-09,Monday,3,2015,No_Event,No_Event,No_Event,No_Event,0,37506.42857142857,36322.75
1501,d_1502,33597,2015-03-10,Tuesday,3,2015,No_Event,No_Event,No_Event,No_Event,0,37393.57142857143,36256.07142857143
1502,d_1503,32891,2015-03-11,Wednesday,3,2015,No_Event,No_Event,No_Event,No_Event,0,37553.142857142855,36155.71428571428
1503,d_1504,34391,2015-03-12,Thursday,3,2015,No_Event,No_Event,No_Event,No_Event,0,37777.71428571428,36006.46428571428
1504,d_1505,36623,2015-03-13,Friday,3,2015,No_Event,No_Event,No_Event,No_Event,0,37875.71428571428,35995.28571428572
1505,d_1506,44471,2015-03-14,Saturday,3,2015,No_Event,No_Event,No_Event,No_Event,0,37910.28571428572,36097.32142857143
1506,d_1507,48827,2015-03-15,Sunday,3,2015,No_Event,No_Event,No_Event,No_Event,0,38117.142857142855,36269.46428571428
1507,d_1508,35495,2015-03-16,Monday,3,2015,No_Event,No_Event,No_Event,No_Event,0,38042.142857142855,36210.46428571428
1508,d_1509,31412,2015-03-17,Tuesday,3,2015,StPatricksDay,Cultural,No_Event,No_Event,1,37730.0,36236.0
1509,d_1510,29947,2015-03-18,Wednesday,3,2015,No_Event,No_Event,No_Event,No_Event,0,37309.42857142857,36287.5
1510,d_1511,29369,2015-03-19,Thursday,3,2015,No_Event,No_Event,No_Event,No_Event,0,36592.0,36307.53571428572
1511,d_1512,32999,2015-03-20,Friday,3,2015,No_Event,No_Event,No_Event,No_Event,0,36074.28571428572,36303.25
1512,d_1513,41982,2015-03-21,Saturday,3,2015,No_Event,No_Event,No_Event,No_Event,0,35718.71428571428,36298.71428571428
1513,d_1514,44014,2015-03-22,Sunday,3,2015,No_Event,No_Event,No_Event,No_Event,0,35031.142857142855,36307.82142857143
1514,d_1515,32338,2015-03-23,Monday,3,2015,No_Event,No_Event,No_Event,No_Event,0,34580.142857142855,36336.96428571428
1515,d_1516,26841,2015-03-24,Tuesday,3,2015,No_Event,No_Event,No_Event,No_Event,0,33927.142857142855,36232.0
1516,d_1517,31995,2015-03-25,Wednesday,3,2015,No_Event,No_Event,No_Event,No_Event,0,34219.71428571428,36330.857142857145
1517,d_1518,29902,2015-03-26,Thursday,3,2015,No_Event,No_Event,No_Event,No_Event,0,34295.857142857145,36355.107142857145
1518,d_1519,32535,2015-03-27,Friday,3,2015,No_Event,No_Event,No_Event,No_Event,0,34229.57142857143,36318.28571428572
1519,d_1520,41531,2015-03-28,Saturday,3,2015,No_Event,No_Event,No_Event,No_Event,0,34165.142857142855,36224.607142857145
1520,d_1521,42583,2015-03-29,Sunday,3,2015,No_Event,No_Event,No_Event,No_Event,0,33960.71428571428,36131.642857142855
1521,d_1522,31899,2015-03-30,Monday,3,2015,No_Event,No_Event,No_Event,No_Event,0,33898.0,36006.67857142857
1522,d_1523,30956,2015-03-31,Tuesday,3,2015,No_Event,No_Event,No_Event,No_Event,0,34485.857142857145,35884.142857142855
1523,d_1524,35060,2015-04-01,Wednesday,4,2015,No_Event,No_Event,No_Event,No_Event,0,34923.71428571428,36001.5
1524,d_1525,33817,2015-04-02,Thursday,4,2015,No_Event,No_Event,No_Event,No_Event,0,35483.0,36037.142857142855
1525,d_1526,44108,2015-04-03,Friday,4,2015,No_Event,No_Event,No_Event,No_Event,0,37136.28571428572,36328.96428571428
1526,d_1527,48419,2015-04-04,Saturday,4,2015,No_Event,No_Event,No_Event,No_Event,0,38120.28571428572,36478.607142857145
1527,d_1528,41636,2015-04-05,Sunday,4,2015,Easter,Cultural,No_Event,No_Event,1,37985.0,36273.5
1528,d_1529,36215,2015-04-06,Monday,4,2015,No_Event,No_Event,No_Event,No_Event,0,38601.57142857143,36280.46428571428
1529,d_1530,33911,2015-04-07,Tuesday,4,2015,No_Event,No_Event,No_Event,No_Event,0,39023.71428571428,36291.67857142857
1530,d_1531,34149,2015-04-08,Wednesday,4,2015,No_Event,No_Event,No_Event,No_Event,0,38893.57142857143,36336.607142857145
1531,d_1532,34437,2015-04-09,Thursday,4,2015,No_Event,No_Event,No_Event,No_Event,0,38982.142857142855,36338.25
1532,d_1533,36853,2015-04-10,Friday,4,2015,No_Event,No_Event,No_Event,No_Event,0,37945.71428571428,36346.46428571428
1533,d_1534,45272,2015-04-11,Saturday,4,2015,Pesach End,Religious,No_Event,No_Event,1,37496.142857142855,36375.07142857143
1534,d_1535,47180,2015-04-12,Sunday,4,2015,OrthodoxEaster,Religious,No_Event,No_Event,1,38288.142857142855,36316.25
1535,d_1536,34494,2015-04-13,Monday,4,2015,No_Event,No_Event,No_Event,No_Event,0,38042.28571428572,36280.5
1536,d_1537,33597,2015-04-14,Tuesday,4,2015,No_Event,No_Event,No_Event,No_Event,0,37997.42857142857,36358.53571428572
1537,d_1538,34690,2015-04-15,Wednesday,4,2015,No_Event,No_Event,No_Event,No_Event,0,38074.71428571428,36527.92857142857
1538,d_1539,31431,2015-04-16,Thursday,4,2015,No_Event,No_Event,No_Event,No_Event,0,37645.28571428572,36601.57142857143
1539,d_1540,33059,2015-04-17,Friday,4,2015,No_Event,No_Event,No_Event,No_Event,0,37103.28571428572,36603.71428571428
1540,d_1541,42516,2015-04-18,Saturday,4,2015,No_Event,No_Event,No_Event,No_Event,0,36709.57142857143,36622.78571428572
1541,d_1542,44359,2015-04-19,Sunday,4,2015,No_Event,No_Event,No_Event,No_Event,0,36306.57142857143,36635.107142857145
1542,d_1543,33118,2015-04-20,Monday,4,2015,No_Event,No_Event,No_Event,No_Event,0,36110.0,36662.96428571428
1543,d_1544,30227,2015-04-21,Tuesday,4,2015,No_Event,No_Event,No_Event,No_Event,0,35628.57142857143,36783.892857142855
1544,d_1545,30382,2015-04-22,Wednesday,4,2015,No_Event,No_Event,No_Event,No_Event,0,35013.142857142855,36726.28571428572
1545,d_1546,30658,2015-04-23,Thursday,4,2015,No_Event,No_Event,No_Event,No_Event,0,34902.71428571428,36753.28571428572
1546,d_1547,34423,2015-04-24,Friday,4,2015,No_Event,No_Event,No_Event,No_Event,0,35097.57142857143,36820.71428571428
1547,d_1548,43598,2015-04-25,Saturday,4,2015,No_Event,No_Event,No_Event,No_Event,0,35252.142857142855,36894.53571428572
1548,d_1549,43406,2015-04-26,Sunday,4,2015,No_Event,No_Event,No_Event,No_Event,0,35116.0,36923.92857142857
1549,d_1550,33444,2015-04-27,Monday,4,2015,No_Event,No_Event,No_Event,No_Event,0,35162.57142857143,36979.107142857145
1550,d_1551,29750,2015-04-28,Tuesday,4,2015,No_Event,No_Event,No_Event,No_Event,0,35094.42857142857,36936.03571428572
1551,d_1552,28667,2015-04-29,Wednesday,4,2015,No_Event,No_Event,No_Event,No_Event,0,34849.42857142857,36707.71428571428
1552,d_1553,30553,2015-04-30,Thursday,4,2015,No_Event,No_Event,No_Event,No_Event,0,34834.42857142857,36591.142857142855
1553,d_1554,40976,2015-05-01,Friday,5,2015,No_Event,No_Event,No_Event,No_Event,0,35770.57142857143,36479.28571428572
1554,d_1555,47052,2015-05-02,Saturday,5,2015,No_Event,No_Event,No_Event,No_Event,0,36264.0,36430.46428571428
1555,d_1556,49102,2015-05-03,Sunday,5,2015,No_Event,No_Event,No_Event,No_Event,0,37077.71428571428,36697.107142857145
1556,d_1557,38169,2015-05-04,Monday,5,2015,No_Event,No_Event,No_Event,No_Event,0,37752.71428571428,36766.892857142855
1557,d_1558,35089,2015-05-05,Tuesday,5,2015,Cinco De Mayo,Cultural,No_Event,No_Event,1,38515.42857142857,36808.96428571428
1558,d_1559,35296,2015-05-06,Wednesday,5,2015,No_Event,No_Event,No_Event,No_Event,0,39462.42857142857,36849.92857142857
1559,d_1560,33321,2015-05-07,Thursday,5,2015,No_Event,No_Event,No_Event,No_Event,0,39857.857142857145,36810.07142857143
1560,d_1561,37424,2015-05-08,Friday,5,2015,No_Event,No_Event,No_Event,No_Event,0,39350.42857142857,36830.46428571428
1561,d_1562,47269,2015-05-09,Saturday,5,2015,No_Event,No_Event,No_Event,No_Event,0,39381.42857142857,36901.78571428572
1562,d_1563,38030,2015-05-10,Sunday,5,2015,Mother's day,Cultural,No_Event,No_Event,1,37799.71428571428,36575.0
1563,d_1564,37192,2015-05-11,Monday,5,2015,No_Event,No_Event,No_Event,No_Event,0,37660.142857142855,36671.357142857145
1564,d_1565,35033,2015-05-12,Tuesday,5,2015,No_Event,No_Event,No_Event,No_Event,0,37652.142857142855,36722.642857142855
1565,d_1566,33685,2015-05-13,Wednesday,5,2015,No_Event,No_Event,No_Event,No_Event,0,37422.0,36686.75
1566,d_1567,32054,2015-05-14,Thursday,5,2015,No_Event,No_Event,No_Event,No_Event,0,37241.0,36709.0
1567,d_1568,37764,2015-05-15,Friday,5,2015,No_Event,No_Event,No_Event,No_Event,0,37289.57142857143,36877.03571428572
1568,d_1569,44336,2015-05-16,Saturday,5,2015,No_Event,No_Event,No_Event,No_Event,0,36870.57142857143,36942.03571428572
1569,d_1570,44493,2015-05-17,Sunday,5,2015,No_Event,No_Event,No_Event,No_Event,0,37793.857142857145,36946.82142857143
1570,d_1571,34296,2015-05-18,Monday,5,2015,No_Event,No_Event,No_Event,No_Event,0,37380.142857142855,36988.892857142855
1571,d_1572,30671,2015-05-19,Tuesday,5,2015,No_Event,No_Event,No_Event,No_Event,0,36757.0,37004.75
1572,d_1573,31158,2015-05-20,Wednesday,5,2015,No_Event,No_Event,No_Event,No_Event,0,36396.0,37032.46428571428
1573,d_1574,30601,2015-05-21,Thursday,5,2015,No_Event,No_Event,No_Event,No_Event,0,36188.42857142857,37030.42857142857
1574,d_1575,36267,2015-05-22,Friday,5,2015,No_Event,No_Event,No_Event,No_Event,0,35974.57142857143,37096.28571428572
1575,d_1576,39975,2015-05-23,Saturday,5,2015,No_Event,No_Event,No_Event,No_Event,0,35351.57142857143,36966.892857142855
1576,d_1577,37426,2015-05-24,Sunday,5,2015,No_Event,No_Event,No_Event,No_Event,0,34342.0,36753.32142857143
1577,d_1578,37817,2015-05-25,Monday,5,2015,MemorialDay,National,No_Event,No_Event,1,34845.0,36909.5
1578,d_1579,30879,2015-05-26,Tuesday,5,2015,No_Event,No_Event,No_Event,No_Event,0,34874.71428571428,36949.82142857143
1579,d_1580,30097,2015-05-27,Wednesday,5,2015,No_Event,No_Event,No_Event,No_Event,0,34723.142857142855,37000.892857142855
1580,d_1581,30216,2015-05-28,Thursday,5,2015,No_Event,No_Event,No_Event,No_Event,0,34668.142857142855,36988.857142857145
1581,d_1582,32925,2015-05-29,Friday,5,2015,No_Event,No_Event,No_Event,No_Event,0,34190.71428571428,36701.32142857143
1582,d_1583,40938,2015-05-30,Saturday,5,2015,No_Event,No_Event,No_Event,No_Event,0,34328.28571428572,36482.96428571428
1583,d_1584,43463,2015-05-31,Sunday,5,2015,No_Event,No_Event,No_Event,No_Event,0,35190.71428571428,36281.57142857143
1584,d_1585,38654,2015-06-01,Monday,6,2015,No_Event,No_Event,No_Event,No_Event,0,35310.28571428572,36298.892857142855
1585,d_1586,37424,2015-06-02,Tuesday,6,2015,No_Event,No_Event,No_Event,No_Event,0,36245.28571428572,36382.28571428572
1586,d_1587,37990,2015-06-03,Wednesday,6,2015,No_Event,No_Event,No_Event,No_Event,0,37372.857142857145,36478.5
1587,d_1588,34922,2015-06-04,Thursday,6,2015,NBAFinalsStart,Sporting,No_Event,No_Event,1,38045.142857142855,36535.67857142857
1588,d_1589,39889,2015-06-05,Friday,6,2015,No_Event,No_Event,No_Event,No_Event,0,39040.0,36623.71428571428
1589,d_1590,47507,2015-06-06,Saturday,6,2015,No_Event,No_Event,No_Event,No_Event,0,39978.42857142857,36632.21428571428
1590,d_1591,48426,2015-06-07,Sunday,6,2015,No_Event,No_Event,No_Event,No_Event,0,40687.42857142857,37003.5
1591,d_1592,39922,2015-06-08,Monday,6,2015,No_Event,No_Event,No_Event,No_Event,0,40868.57142857143,37101.0
1592,d_1593,38184,2015-06-09,Tuesday,6,2015,No_Event,No_Event,No_Event,No_Event,0,40977.142857142855,37213.53571428572
1593,d_1594,35176,2015-06-10,Wednesday,6,2015,No_Event,No_Event,No_Event,No_Event,0,40575.142857142855,37266.78571428572
1594,d_1595,35585,2015-06-11,Thursday,6,2015,No_Event,No_Event,No_Event,No_Event,0,40669.857142857145,37392.892857142855
1595,d_1596,40282,2015-06-12,Friday,6,2015,No_Event,No_Event,No_Event,No_Event,0,40726.0,37482.82142857143
1596,d_1597,44853,2015-06-13,Saturday,6,2015,No_Event,No_Event,No_Event,No_Event,0,40346.857142857145,37501.28571428572
1597,d_1598,48981,2015-06-14,Sunday,6,2015,No_Event,No_Event,No_Event,No_Event,0,40426.142857142855,37661.57142857143
1598,d_1599,47580,2015-06-15,Monday,6,2015,No_Event,No_Event,No_Event,No_Event,0,41520.142857142855,38136.0
1599,d_1600,31698,2015-06-16,Tuesday,6,2015,NBAFinalsEnd,Sporting,No_Event,No_Event,1,40593.57142857143,38172.67857142857
1600,d_1601,31478,2015-06-17,Wednesday,6,2015,No_Event,No_Event,No_Event,No_Event,0,40065.28571428572,38184.107142857145
1601,d_1602,34425,2015-06-18,Thursday,6,2015,Ramadan starts,Religious,No_Event,No_Event,1,39899.57142857143,38320.67857142857
1602,d_1603,37829,2015-06-19,Friday,6,2015,No_Event,No_Event,No_Event,No_Event,0,39549.142857142855,38376.46428571428
1603,d_1604,44255,2015-06-20,Saturday,6,2015,No_Event,No_Event,No_Event,No_Event,0,39463.71428571428,38529.32142857143
1604,d_1605,41413,2015-06-21,Sunday,6,2015,Father's day,Cultural,No_Event,No_Event,1,38382.57142857143,38671.71428571428
1605,d_1606,34846,2015-06-22,Monday,6,2015,No_Event,No_Event,No_Event,No_Event,0,36563.42857142857,38565.607142857145
1606,d_1607,33071,2015-06-23,Tuesday,6,2015,No_Event,No_Event,No_Event,No_Event,0,36759.57142857143,38643.892857142855
1607,d_1608,31622,2015-06-24,Wednesday,6,2015,No_Event,No_Event,No_Event,No_Event,0,36780.142857142855,38698.357142857145
1608,d_1609,32376,2015-06-25,Thursday,6,2015,No_Event,No_Event,No_Event,No_Event,0,36487.42857142857,38775.5
1609,d_1610,35945,2015-06-26,Friday,6,2015,No_Event,No_Event,No_Event,No_Event,0,36218.28571428572,38883.357142857145
1610,d_1611,42213,2015-06-27,Saturday,6,2015,No_Event,No_Event,No_Event,No_Event,0,35926.57142857143,38928.892857142855
1611,d_1612,42946,2015-06-28,Sunday,6,2015,No_Event,No_Event,No_Event,No_Event,0,36145.57142857143,38910.42857142857
1612,d_1613,33928,2015-06-29,Monday,6,2015,No_Event,No_Event,No_Event,No_Event,0,36014.42857142857,38741.642857142855
1613,d_1614,32179,2015-06-30,Tuesday,6,2015,No_Event,No_Event,No_Event,No_Event,0,35887.0,38554.32142857143
1614,d_1615,38077,2015-07-01,Wednesday,7,2015,No_Event,No_Event,No_Event,No_Event,0,36809.142857142855,38557.42857142857
1615,d_1616,41844,2015-07-02,Thursday,7,2015,No_Event,No_Event,No_Event,No_Event,0,38161.71428571428,38804.642857142855
1616,d_1617,54154,2015-07-03,Friday,7,2015,No_Event,No_Event,No_Event,No_Event,0,40763.0,39314.107142857145
1617,d_1618,37489,2015-07-04,Saturday,7,2015,IndependenceDay,National,No_Event,No_Event,1,40088.142857142855,38956.32142857143
1618,d_1619,43532,2015-07-05,Sunday,7,2015,No_Event,No_Event,No_Event,No_Event,0,40171.857142857145,38781.53571428572
1619,d_1620,41538,2015-07-06,Monday,7,2015,No_Event,No_Event,No_Event,No_Event,0,41259.0,38839.25
1620,d_1621,37355,2015-07-07,Tuesday,7,2015,No_Event,No_Event,No_Event,No_Event,0,41998.42857142857,38809.642857142855
1621,d_1622,36049,2015-07-08,Wednesday,7,2015,No_Event,No_Event,No_Event,No_Event,0,41708.71428571428,38840.82142857143
1622,d_1623,38210,2015-07-09,Thursday,7,2015,No_Event,No_Event,No_Event,No_Event,0,41189.57142857143,38934.57142857143
1623,d_1624,39895,2015-07-10,Friday,7,2015,No_Event,No_Event,No_Event,No_Event,0,39152.57142857143,38920.75
1624,d_1625,47405,2015-07-11,Saturday,7,2015,No_Event,No_Event,No_Event,No_Event,0,40569.142857142855,39011.892857142855
1625,d_1626,49594,2015-07-12,Sunday,7,2015,No_Event,No_Event,No_Event,No_Event,0,41435.142857142855,39033.78571428572
1626,d_1627,39058,2015-07-13,Monday,7,2015,No_Event,No_Event,No_Event,No_Event,0,41080.857142857145,38729.42857142857
1627,d_1628,36831,2015-07-14,Tuesday,7,2015,No_Event,No_Event,No_Event,No_Event,0,41006.0,38912.75
1628,d_1629,38095,2015-07-15,Wednesday,7,2015,No_Event,No_Event,No_Event,No_Event,0,41298.28571428572,39149.07142857143
1629,d_1630,37478,2015-07-16,Thursday,7,2015,No_Event,No_Event,No_Event,No_Event,0,41193.71428571428,39258.107142857145
1630,d_1631,41847,2015-07-17,Friday,7,2015,No_Event,No_Event,No_Event,No_Event,0,41472.57142857143,39401.607142857145
1631,d_1632,45660,2015-07-18,Saturday,7,2015,Eid al-Fitr,Religious,No_Event,No_Event,1,41223.28571428572,39451.78571428572
1632,d_1633,47784,2015-07-19,Sunday,7,2015,No_Event,No_Event,No_Event,No_Event,0,40964.71428571428,39679.32142857143
1633,d_1634,37547,2015-07-20,Monday,7,2015,No_Event,No_Event,No_Event,No_Event,0,40748.857142857145,39775.78571428572
1634,d_1635,34138,2015-07-21,Tuesday,7,2015,No_Event,No_Event,No_Event,No_Event,0,40364.142857142855,39813.892857142855
1635,d_1636,33376,2015-07-22,Wednesday,7,2015,No_Event,No_Event,No_Event,No_Event,0,39690.0,39876.53571428572
1636,d_1637,34195,2015-07-23,Thursday,7,2015,No_Event,No_Event,No_Event,No_Event,0,39221.0,39941.5
1637,d_1638,38441,2015-07-24,Friday,7,2015,No_Event,No_Event,No_Event,No_Event,0,38734.42857142857,40030.642857142855
1638,d_1639,42624,2015-07-25,Saturday,7,2015,No_Event,No_Event,No_Event,No_Event,0,38300.71428571428,40045.32142857143
1639,d_1640,44192,2015-07-26,Sunday,7,2015,No_Event,No_Event,No_Event,No_Event,0,37787.57142857143,40089.82142857143
1640,d_1641,36126,2015-07-27,Monday,7,2015,No_Event,No_Event,No_Event,No_Event,0,37584.57142857143,40168.32142857143
1641,d_1642,32955,2015-07-28,Tuesday,7,2015,No_Event,No_Event,No_Event,No_Event,0,37415.57142857143,40196.03571428572
1642,d_1643,31593,2015-07-29,Wednesday,7,2015,No_Event,No_Event,No_Event,No_Event,0,37160.857142857145,39964.46428571428
1643,d_1644,33587,2015-07-30,Thursday,7,2015,No_Event,No_Event,No_Event,No_Event,0,37074.0,39669.57142857143
1644,d_1645,41478,2015-07-31,Friday,7,2015,No_Event,No_Event,No_Event,No_Event,0,37507.857142857145,39216.857142857145
1645,d_1646,49150,2015-08-01,Saturday,8,2015,No_Event,No_Event,No_Event,No_Event,0,38440.142857142855,39633.32142857143
1646,d_1647,51541,2015-08-02,Sunday,8,2015,No_Event,No_Event,No_Event,No_Event,0,39490.0,39919.357142857145
1647,d_1648,45257,2015-08-03,Monday,8,2015,No_Event,No_Event,No_Event,No_Event,0,40794.42857142857,40052.17857142857
1648,d_1649,37658,2015-08-04,Tuesday,8,2015,No_Event,No_Event,No_Event,No_Event,0,41466.28571428572,40063.0
1649,d_1650,38279,2015-08-05,Wednesday,8,2015,No_Event,No_Event,No_Event,No_Event,0,42421.42857142857,40142.642857142855
1650,d_1651,37798,2015-08-06,Thursday,8,2015,No_Event,No_Event,No_Event,No_Event,0,43023.0,40127.92857142857
1651,d_1652,40137,2015-08-07,Friday,8,2015,No_Event,No_Event,No_Event,No_Event,0,42831.42857142857,40136.57142857143
1652,d_1653,48104,2015-08-08,Saturday,8,2015,No_Event,No_Event,No_Event,No_Event,0,42682.0,40161.53571428572
1653,d_1654,51961,2015-08-09,Sunday,8,2015,No_Event,No_Event,No_Event,No_Event,0,42742.0,40246.07142857143
1654,d_1655,38324,2015-08-10,Monday,8,2015,No_Event,No_Event,No_Event,No_Event,0,41751.57142857143,40219.857142857145
1655,d_1656,36449,2015-08-11,Tuesday,8,2015,No_Event,No_Event,No_Event,No_Event,0,41578.857142857145,40206.21428571428
1656,d_1657,37351,2015-08-12,Wednesday,8,2015,No_Event,No_Event,No_Event,No_Event,0,41446.28571428572,40179.642857142855
1657,d_1658,36055,2015-08-13,Thursday,8,2015,No_Event,No_Event,No_Event,No_Event,0,41197.28571428572,40128.82142857143
1658,d_1659,40762,2015-08-14,Friday,8,2015,No_Event,No_Event,No_Event,No_Event,0,41286.57142857143,40090.07142857143
1659,d_1660,48436,2015-08-15,Saturday,8,2015,No_Event,No_Event,No_Event,No_Event,0,41334.0,40189.21428571428
1660,d_1661,50540,2015-08-16,Sunday,8,2015,No_Event,No_Event,No_Event,No_Event,0,41131.0,40287.642857142855
1661,d_1662,39112,2015-08-17,Monday,8,2015,No_Event,No_Event,No_Event,No_Event,0,41243.57142857143,40343.53571428572
1662,d_1663,35245,2015-08-18,Tuesday,8,2015,No_Event,No_Event,No_Event,No_Event,0,41071.57142857143,40383.07142857143
1663,d_1664,33707,2015-08-19,Wednesday,8,2015,No_Event,No_Event,No_Event,No_Event,0,40551.0,40394.892857142855
1664,d_1665,32516,2015-08-20,Thursday,8,2015,No_Event,No_Event,No_Event,No_Event,0,40045.42857142857,40334.92857142857
1665,d_1666,36963,2015-08-21,Friday,8,2015,No_Event,No_Event,No_Event,No_Event,0,39502.71428571428,40282.142857142855
1666,d_1667,45080,2015-08-22,Saturday,8,2015,No_Event,No_Event,No_Event,No_Event,0,39023.28571428572,40369.857142857145
1667,d_1668,47596,2015-08-23,Sunday,8,2015,No_Event,No_Event,No_Event,No_Event,0,38602.71428571428,40491.42857142857
1668,d_1669,35093,2015-08-24,Monday,8,2015,No_Event,No_Event,No_Event,No_Event,0,38028.57142857143,40454.53571428572
1669,d_1670,31295,2015-08-25,Tuesday,8,2015,No_Event,No_Event,No_Event,No_Event,0,37464.28571428572,40395.25
1670,d_1671,31967,2015-08-26,Wednesday,8,2015,No_Event,No_Event,No_Event,No_Event,0,37215.71428571428,40408.607142857145
1671,d_1672,32076,2015-08-27,Thursday,8,2015,No_Event,No_Event,No_Event,No_Event,0,37152.857142857145,40354.642857142855
1672,d_1673,36251,2015-08-28,Friday,8,2015,No_Event,No_Event,No_Event,No_Event,0,37051.142857142855,40167.96428571428
1673,d_1674,45236,2015-08-29,Saturday,8,2015,No_Event,No_Event,No_Event,No_Event,0,37073.42857142857,40028.17857142857
1674,d_1675,48517,2015-08-30,Sunday,8,2015,No_Event,No_Event,No_Event,No_Event,0,37205.0,39920.17857142857
1675,d_1676,35885,2015-08-31,Monday,8,2015,No_Event,No_Event,No_Event,No_Event,0,37318.142857142855,39585.46428571428
1676,d_1677,37955,2015-09-01,Tuesday,9,2015,No_Event,No_Event,No_Event,No_Event,0,38269.57142857143,39596.07142857143
1677,d_1678,36590,2015-09-02,Wednesday,9,2015,No_Event,No_Event,No_Event,No_Event,0,38930.0,39535.75
1678,d_1679,39619,2015-09-03,Thursday,9,2015,No_Event,No_Event,No_Event,No_Event,0,40007.57142857143,39600.78571428572
1679,d_1680,39270,2015-09-04,Friday,9,2015,No_Event,No_Event,No_Event,No_Event,0,40438.857142857145,39569.82142857143
1680,d_1681,47487,2015-09-05,Saturday,9,2015,No_Event,No_Event,No_Event,No_Event,0,40760.42857142857,39547.78571428572
1681,d_1682,45248,2015-09-06,Sunday,9,2015,No_Event,No_Event,No_Event,No_Event,0,40293.42857142857,39308.03571428572
1682,d_1683,45762,2015-09-07,Monday,9,2015,LaborDay,National,No_Event,No_Event,1,41704.42857142857,39573.67857142857
1683,d_1684,36169,2015-09-08,Tuesday,9,2015,No_Event,No_Event,No_Event,No_Event,0,41449.28571428572,39563.67857142857
1684,d_1685,38102,2015-09-09,Wednesday,9,2015,No_Event,No_Event,No_Event,No_Event,0,41665.28571428572,39590.5
1685,d_1686,35693,2015-09-10,Thursday,9,2015,No_Event,No_Event,No_Event,No_Event,0,41104.42857142857,39577.57142857143
1686,d_1687,40286,2015-09-11,Friday,9,2015,No_Event,No_Event,No_Event,No_Event,0,41249.57142857143,39560.57142857143
1687,d_1688,50103,2015-09-12,Saturday,9,2015,No_Event,No_Event,No_Event,No_Event,0,41623.28571428572,39620.107142857145
1688,d_1689,51340,2015-09-13,Sunday,9,2015,No_Event,No_Event,No_Event,No_Event,0,42493.57142857143,39648.67857142857
1689,d_1690,38071,2015-09-14,Monday,9,2015,No_Event,No_Event,No_Event,No_Event,0,41394.857142857145,39611.5
1690,d_1691,37425,2015-09-15,Tuesday,9,2015,No_Event,No_Event,No_Event,No_Event,0,41574.28571428572,39689.357142857145
1691,d_1692,33645,2015-09-16,Wednesday,9,2015,No_Event,No_Event,No_Event,No_Event,0,40937.57142857143,39687.142857142855
1692,d_1693,33998,2015-09-17,Thursday,9,2015,No_Event,No_Event,No_Event,No_Event,0,40695.42857142857,39740.07142857143
1693,d_1694,38689,2015-09-18,Friday,9,2015,No_Event,No_Event,No_Event,No_Event,0,40467.28571428572,39801.71428571428
1694,d_1695,48279,2015-09-19,Saturday,9,2015,No_Event,No_Event,No_Event,No_Event,0,40206.71428571428,39915.96428571428
1695,d_1696,49979,2015-09-20,Sunday,9,2015,No_Event,No_Event,No_Event,No_Event,0,40012.28571428572,40001.07142857143
1696,d_1697,36145,2015-09-21,Monday,9,2015,No_Event,No_Event,No_Event,No_Event,0,39737.142857142855,40038.642857142855
1697,d_1698,33518,2015-09-22,Tuesday,9,2015,No_Event,No_Event,No_Event,No_Event,0,39179.0,40118.03571428572
1698,d_1699,33497,2015-09-23,Wednesday,9,2015,No_Event,No_Event,No_Event,No_Event,0,39157.857142857145,40172.67857142857
1699,d_1700,32967,2015-09-24,Thursday,9,2015,EidAlAdha,Religious,No_Event,No_Event,1,39010.57142857143,40204.5
1700,d_1701,38680,2015-09-25,Friday,9,2015,No_Event,No_Event,No_Event,No_Event,0,39009.28571428572,40291.25
1701,d_1702,46636,2015-09-26,Saturday,9,2015,No_Event,No_Event,No_Event,No_Event,0,38774.57142857143,40341.25
1702,d_1703,47613,2015-09-27,Sunday,9,2015,No_Event,No_Event,No_Event,No_Event,0,38436.57142857143,40308.96428571428
1703,d_1704,34262,2015-09-28,Monday,9,2015,No_Event,No_Event,No_Event,No_Event,0,38167.57142857143,40251.0
1704,d_1705,30615,2015-09-29,Tuesday,9,2015,No_Event,No_Event,No_Event,No_Event,0,37752.857142857145,39988.857142857145
1705,d_1706,31270,2015-09-30,Wednesday,9,2015,No_Event,No_Event,No_Event,No_Event,0,37434.71428571428,39798.857142857145
1706,d_1707,37677,2015-10-01,Thursday,10,2015,No_Event,No_Event,No_Event,No_Event,0,38107.57142857143,39729.5
1707,d_1708,44376,2015-10-02,Friday,10,2015,No_Event,No_Event,No_Event,No_Event,0,38921.28571428572,39911.857142857145
1708,d_1709,54687,2015-10-03,Saturday,10,2015,No_Event,No_Event,No_Event,No_Event,0,40071.42857142857,40169.0
1709,d_1710,52895,2015-10-04,Sunday,10,2015,No_Event,No_Event,No_Event,No_Event,0,40826.0,40442.107142857145
1710,d_1711,42474,2015-10-05,Monday,10,2015,No_Event,No_Event,No_Event,No_Event,0,41999.142857142855,40324.67857142857
1711,d_1712,38855,2015-10-06,Tuesday,10,2015,No_Event,No_Event,No_Event,No_Event,0,43176.28571428572,40420.607142857145
1712,d_1713,35887,2015-10-07,Wednesday,10,2015,No_Event,No_Event,No_Event,No_Event,0,43835.857142857145,40341.5
1713,d_1714,37819,2015-10-08,Thursday,10,2015,No_Event,No_Event,No_Event,No_Event,0,43856.142857142855,40417.42857142857
1714,d_1715,43595,2015-10-09,Friday,10,2015,No_Event,No_Event,No_Event,No_Event,0,43744.57142857143,40535.607142857145
1715,d_1716,48787,2015-10-10,Saturday,10,2015,No_Event,No_Event,No_Event,No_Event,0,42901.71428571428,40488.607142857145
1716,d_1717,49704,2015-10-11,Sunday,10,2015,No_Event,No_Event,No_Event,No_Event,0,42445.857142857145,40430.17857142857
1717,d_1718,42240,2015-10-12,Monday,10,2015,ColumbusDay,National,No_Event,No_Event,1,42412.42857142857,40579.07142857143
1718,d_1719,35681,2015-10-13,Tuesday,10,2015,No_Event,No_Event,No_Event,No_Event,0,41959.0,40516.78571428572
1719,d_1720,34248,2015-10-14,Wednesday,10,2015,No_Event,No_Event,No_Event,No_Event,0,41724.857142857145,40538.32142857143
1720,d_1721,36353,2015-10-15,Thursday,10,2015,No_Event,No_Event,No_Event,No_Event,0,41515.42857142857,40622.42857142857
1721,d_1722,38422,2015-10-16,Friday,10,2015,No_Event,No_Event,No_Event,No_Event,0,40776.42857142857,40612.892857142855
1722,d_1723,47813,2015-10-17,Saturday,10,2015,No_Event,No_Event,No_Event,No_Event,0,40637.28571428572,40596.25
1723,d_1724,48964,2015-10-18,Sunday,10,2015,No_Event,No_Event,No_Event,No_Event,0,40531.57142857143,40560.0
1724,d_1725,35302,2015-10-19,Monday,10,2015,No_Event,No_Event,No_Event,No_Event,0,39540.42857142857,40529.892857142855
1725,d_1726,33104,2015-10-20,Tuesday,10,2015,No_Event,No_Event,No_Event,No_Event,0,39172.28571428572,40515.107142857145
1726,d_1727,32411,2015-10-21,Wednesday,10,2015,No_Event,No_Event,No_Event,No_Event,0,38909.857142857145,40476.32142857143
1727,d_1728,32770,2015-10-22,Thursday,10,2015,No_Event,No_Event,No_Event,No_Event,0,38398.0,40469.28571428572
1728,d_1729,38021,2015-10-23,Friday,10,2015,No_Event,No_Event,No_Event,No_Event,0,38340.71428571428,40445.75
1729,d_1730,45006,2015-10-24,Saturday,10,2015,No_Event,No_Event,No_Event,No_Event,0,37939.71428571428,40387.53571428572
1730,d_1731,46179,2015-10-25,Sunday,10,2015,No_Event,No_Event,No_Event,No_Event,0,37541.857142857145,40336.32142857143
1731,d_1732,35092,2015-10-26,Monday,10,2015,No_Event,No_Event,No_Event,No_Event,0,37511.857142857145,40365.96428571428
1732,d_1733,32319,2015-10-27,Tuesday,10,2015,No_Event,No_Event,No_Event,No_Event,0,37399.71428571428,40426.82142857143
1733,d_1734,31267,2015-10-28,Wednesday,10,2015,No_Event,No_Event,No_Event,No_Event,0,37236.28571428572,40426.71428571428
1734,d_1735,33232,2015-10-29,Thursday,10,2015,No_Event,No_Event,No_Event,No_Event,0,37302.28571428572,40267.96428571428
1735,d_1736,40514,2015-10-30,Friday,10,2015,No_Event,No_Event,No_Event,No_Event,0,37658.42857142857,40130.03571428572
1736,d_1737,42743,2015-10-31,Saturday,10,2015,Halloween,Cultural,No_Event,No_Event,1,37335.142857142855,39703.46428571428
1737,d_1738,46994,2015-11-01,Sunday,11,2015,No_Event,No_Event,No_Event,No_Event,0,37451.57142857143,39492.71428571428
1738,d_1739,36457,2015-11-02,Monday,11,2015,No_Event,No_Event,No_Event,No_Event,0,37646.57142857143,39277.82142857143
1739,d_1740,37997,2015-11-03,Tuesday,11,2015,No_Event,No_Event,No_Event,No_Event,0,38457.71428571428,39247.17857142857
1740,d_1741,32102,2015-11-04,Wednesday,11,2015,No_Event,No_Event,No_Event,No_Event,0,38577.0,39112.0
1741,d_1742,34675,2015-11-05,Thursday,11,2015,No_Event,No_Event,No_Event,No_Event,0,38783.142857142855,38999.71428571428
1742,d_1743,39621,2015-11-06,Friday,11,2015,No_Event,No_Event,No_Event,No_Event,0,38655.57142857143,38857.78571428572
1743,d_1744,47341,2015-11-07,Saturday,11,2015,No_Event,No_Event,No_Event,No_Event,0,39312.42857142857,38806.142857142855
1744,d_1745,48411,2015-11-08,Sunday,11,2015,No_Event,No_Event,No_Event,No_Event,0,39514.857142857145,38759.96428571428
1745,d_1746,36915,2015-11-09,Monday,11,2015,No_Event,No_Event,No_Event,No_Event,0,39580.28571428572,38569.78571428572
1746,d_1747,33374,2015-11-10,Tuesday,11,2015,No_Event,No_Event,No_Event,No_Event,0,38919.857142857145,38487.392857142855
1747,d_1748,33338,2015-11-11,Wednesday,11,2015,VeteransDay,National,No_Event,No_Event,1,39096.42857142857,38454.892857142855
1748,d_1749,33242,2015-11-12,Thursday,11,2015,No_Event,No_Event,No_Event,No_Event,0,38891.71428571428,38343.78571428572
1749,d_1750,36195,2015-11-13,Friday,11,2015,No_Event,No_Event,No_Event,No_Event,0,38402.28571428572,38264.25
1750,d_1751,47342,2015-11-14,Saturday,11,2015,No_Event,No_Event,No_Event,No_Event,0,38402.42857142857,38247.42857142857
1751,d_1752,49755,2015-11-15,Sunday,11,2015,No_Event,No_Event,No_Event,No_Event,0,38594.42857142857,38275.67857142857
1752,d_1753,35735,2015-11-16,Monday,11,2015,No_Event,No_Event,No_Event,No_Event,0,38425.857142857145,38291.142857142855
1753,d_1754,29174,2015-11-17,Tuesday,11,2015,No_Event,No_Event,No_Event,No_Event,0,37825.857142857145,38150.78571428572
1754,d_1755,32160,2015-11-18,Wednesday,11,2015,No_Event,No_Event,No_Event,No_Event,0,37657.57142857143,38141.82142857143
1755,d_1756,32365,2015-11-19,Thursday,11,2015,No_Event,No_Event,No_Event,No_Event,0,37532.28571428572,38127.357142857145
1756,d_1757,38357,2015-11-20,Friday,11,2015,No_Event,No_Event,No_Event,No_Event,0,37841.142857142855,38139.357142857145
1757,d_1758,42793,2015-11-21,Saturday,11,2015,No_Event,No_Event,No_Event,No_Event,0,37191.28571428572,38060.32142857143
1758,d_1759,44925,2015-11-22,Sunday,11,2015,No_Event,No_Event,No_Event,No_Event,0,36501.28571428572,38015.53571428572
1759,d_1760,35140,2015-11-23,Monday,11,2015,No_Event,No_Event,No_Event,No_Event,0,36416.28571428572,38017.25
1760,d_1761,34222,2015-11-24,Tuesday,11,2015,No_Event,No_Event,No_Event,No_Event,0,37137.42857142857,38085.21428571428
1761,d_1762,40124,2015-11-25,Wednesday,11,2015,No_Event,No_Event,No_Event,No_Event,0,38275.142857142855,38401.53571428572
1762,d_1763,23631,2015-11-26,Thursday,11,2015,Thanksgiving,National,No_Event,No_Event,1,37027.42857142857,38058.642857142855
1763,d_1764,27581,2015-11-27,Friday,11,2015,No_Event,No_Event,No_Event,No_Event,0,35488.0,37596.75
1764,d_1765,34212,2015-11-28,Saturday,11,2015,No_Event,No_Event,No_Event,No_Event,0,34262.142857142855,37292.07142857143
1765,d_1766,37782,2015-11-29,Sunday,11,2015,No_Event,No_Event,No_Event,No_Event,0,33241.71428571428,36963.07142857143
1766,d_1767,32016,2015-11-30,Monday,11,2015,No_Event,No_Event,No_Event,No_Event,0,32795.42857142857,36804.46428571428
1767,d_1768,34818,2015-12-01,Tuesday,12,2015,No_Event,No_Event,No_Event,No_Event,0,32880.57142857143,36690.92857142857
1768,d_1769,33732,2015-12-02,Wednesday,12,2015,No_Event,No_Event,No_Event,No_Event,0,31967.428571428572,36749.142857142855
1769,d_1770,38029,2015-12-03,Thursday,12,2015,No_Event,No_Event,No_Event,No_Event,0,34024.28571428572,36868.92857142857
1770,d_1771,38187,2015-12-04,Friday,12,2015,No_Event,No_Event,No_Event,No_Event,0,35539.42857142857,36817.71428571428
1771,d_1772,47025,2015-12-05,Saturday,12,2015,No_Event,No_Event,No_Event,No_Event,0,37369.857142857145,36806.42857142857
1772,d_1773,48415,2015-12-06,Sunday,12,2015,No_Event,No_Event,No_Event,No_Event,0,38888.857142857145,36806.57142857143
1773,d_1774,35408,2015-12-07,Monday,12,2015,No_Event,No_Event,No_Event,No_Event,0,39373.42857142857,36752.75
1774,d_1775,32913,2015-12-08,Tuesday,12,2015,No_Event,No_Event,No_Event,No_Event,0,39101.28571428572,36736.28571428572
1775,d_1776,33690,2015-12-09,Wednesday,12,2015,No_Event,No_Event,No_Event,No_Event,0,39095.28571428572,36748.857142857145
1776,d_1777,32159,2015-12-10,Thursday,12,2015,No_Event,No_Event,No_Event,No_Event,0,38256.71428571428,36710.17857142857
1777,d_1778,36343,2015-12-11,Friday,12,2015,No_Event,No_Event,No_Event,No_Event,0,37993.28571428572,36715.46428571428
1778,d_1779,45975,2015-12-12,Saturday,12,2015,No_Event,No_Event,No_Event,No_Event,0,37843.28571428572,36666.642857142855
1779,d_1780,45133,2015-12-13,Sunday,12,2015,No_Event,No_Event,No_Event,No_Event,0,37374.42857142857,36501.57142857143
1780,d_1781,37522,2015-12-14,Monday,12,2015,Chanukah End,Religious,No_Event,No_Event,1,37676.42857142857,36565.392857142855
1781,d_1782,36130,2015-12-15,Tuesday,12,2015,No_Event,No_Event,No_Event,No_Event,0,38136.0,36813.82142857143
1782,d_1783,34123,2015-12-16,Wednesday,12,2015,No_Event,No_Event,No_Event,No_Event,0,38197.857142857145,36883.92857142857
1783,d_1784,35454,2015-12-17,Thursday,12,2015,No_Event,No_Event,No_Event,No_Event,0,38668.57142857143,36994.25
1784,d_1785,34756,2015-12-18,Friday,12,2015,No_Event,No_Event,No_Event,No_Event,0,38441.857142857145,36865.642857142855
1785,d_1786,43488,2015-12-19,Saturday,12,2015,No_Event,No_Event,No_Event,No_Event,0,38086.57142857143,36890.46428571428
1786,d_1787,43011,2015-12-20,Sunday,12,2015,No_Event,No_Event,No_Event,No_Event,0,37783.42857142857,36822.107142857145
1787,d_1788,35522,2015-12-21,Monday,12,2015,No_Event,No_Event,No_Event,No_Event,0,37497.71428571428,36835.75
1788,d_1789,36612,2015-12-22,Tuesday,12,2015,No_Event,No_Event,No_Event,No_Event,0,37566.57142857143,36921.107142857145
1789,d_1790,38752,2015-12-23,Wednesday,12,2015,No_Event,No_Event,No_Event,No_Event,0,38227.857142857145,36872.107142857145
1790,d_1791,36227,2015-12-24,Thursday,12,2015,No_Event,No_Event,No_Event,No_Event,0,38338.28571428572,37321.96428571428
1791,d_1792,14,2015-12-25,Friday,12,2015,Christmas,National,No_Event,No_Event,1,33375.142857142855,36337.42857142857
1792,d_1793,38377,2015-12-26,Saturday,12,2015,No_Event,No_Event,No_Event,No_Event,0,32645.0,36486.17857142857
1793,d_1794,35378,2015-12-27,Sunday,12,2015,No_Event,No_Event,No_Event,No_Event,0,31554.571428571428,36400.32142857143
1794,d_1795,29964,2015-12-28,Monday,12,2015,No_Event,No_Event,No_Event,No_Event,0,30760.571428571428,36327.03571428572
1795,d_1796,31893,2015-12-29,Tuesday,12,2015,No_Event,No_Event,No_Event,No_Event,0,30086.428571428572,36222.57142857143
1796,d_1797,34127,2015-12-30,Wednesday,12,2015,No_Event,No_Event,No_Event,No_Event,0,29425.714285714286,36236.67857142857
1797,d_1798,43059,2015-12-31,Thursday,12,2015,No_Event,No_Event,No_Event,No_Event,0,30401.714285714286,36416.32142857143
1798,d_1799,32651,2016-01-01,Friday,1,2016,NewYear,National,No_Event,No_Event,1,35064.142857142855,36218.607142857145
1799,d_1800,44737,2016-01-02,Saturday,1,2016,No_Event,No_Event,No_Event,No_Event,0,35972.71428571428,36136.892857142855
1800,d_1801,44340,2016-01-03,Sunday,1,2016,No_Event,No_Event,No_Event,No_Event,0,37253.0,35991.357142857145
1801,d_1802,36693,2016-01-04,Monday,1,2016,No_Event,No_Event,No_Event,No_Event,0,38214.28571428572,36037.25
1802,d_1803,35306,2016-01-05,Tuesday,1,2016,No_Event,No_Event,No_Event,No_Event,0,38701.857142857145,36122.71428571428
1803,d_1804,32685,2016-01-06,Wednesday,1,2016,No_Event,No_Event,No_Event,No_Event,0,38495.857142857145,36086.82142857143
1804,d_1805,35944,2016-01-07,Thursday,1,2016,OrthodoxChristmas,Religious,No_Event,No_Event,1,37479.42857142857,36222.0
1805,d_1806,38936,2016-01-08,Friday,1,2016,No_Event,No_Event,No_Event,No_Event,0,38377.28571428572,36314.607142857145
1806,d_1807,52880,2016-01-09,Saturday,1,2016,No_Event,No_Event,No_Event,No_Event,0,39540.57142857143,36561.21428571428
1807,d_1808,47369,2016-01-10,Sunday,1,2016,No_Event,No_Event,No_Event,No_Event,0,39973.28571428572,36641.07142857143
1808,d_1809,37986,2016-01-11,Monday,1,2016,No_Event,No_Event,No_Event,No_Event,0,40158.0,36657.642857142855
1809,d_1810,35122,2016-01-12,Tuesday,1,2016,No_Event,No_Event,No_Event,No_Event,0,40131.71428571428,36621.642857142855
1810,d_1811,32231,2016-01-13,Wednesday,1,2016,No_Event,No_Event,No_Event,No_Event,0,40066.857142857145,36554.07142857143
1811,d_1812,35856,2016-01-14,Thursday,1,2016,No_Event,No_Event,No_Event,No_Event,0,40054.28571428572,36568.42857142857
1812,d_1813,41790,2016-01-15,Friday,1,2016,No_Event,No_Event,No_Event,No_Event,0,40462.0,36819.642857142855
1813,d_1814,51146,2016-01-16,Saturday,1,2016,No_Event,No_Event,No_Event,No_Event,0,40214.28571428572,37093.142857142855
1814,d_1815,45533,2016-01-17,Sunday,1,2016,No_Event,No_Event,No_Event,No_Event,0,39952.0,37183.21428571428
1815,d_1816,38340,2016-01-18,Monday,1,2016,MartinLutherKingDay,National,No_Event,No_Event,1,40002.57142857143,37283.857142857145
1816,d_1817,31988,2016-01-19,Tuesday,1,2016,No_Event,No_Event,No_Event,No_Event,0,39554.857142857145,37118.71428571428
1817,d_1818,32684,2016-01-20,Wednesday,1,2016,No_Event,No_Event,No_Event,No_Event,0,39619.57142857143,36902.0
1818,d_1819,31779,2016-01-21,Thursday,1,2016,No_Event,No_Event,No_Event,No_Event,0,39037.142857142855,36743.142857142855
1819,d_1820,36307,2016-01-22,Friday,1,2016,No_Event,No_Event,No_Event,No_Event,0,38253.857142857145,38039.32142857143
1820,d_1821,48927,2016-01-23,Saturday,1,2016,No_Event,No_Event,No_Event,No_Event,0,37936.857142857145,38416.107142857145
1821,d_1822,47832,2016-01-24,Sunday,1,2016,No_Event,No_Event,No_Event,No_Event,0,38265.28571428572,38860.892857142855
1822,d_1823,34389,2016-01-25,Monday,1,2016,No_Event,No_Event,No_Event,No_Event,0,37700.857142857145,39018.92857142857
1823,d_1824,30446,2016-01-26,Tuesday,1,2016,No_Event,No_Event,No_Event,No_Event,0,37480.57142857143,38967.25
1824,d_1825,31349,2016-01-27,Wednesday,1,2016,No_Event,No_Event,No_Event,No_Event,0,37289.857142857145,38868.03571428572
1825,d_1826,32466,2016-01-28,Thursday,1,2016,No_Event,No_Event,No_Event,No_Event,0,37388.0,38489.71428571428
1826,d_1827,37639,2016-01-29,Friday,1,2016,No_Event,No_Event,No_Event,No_Event,0,37578.28571428572,38667.857142857145
1827,d_1828,49104,2016-01-30,Saturday,1,2016,No_Event,No_Event,No_Event,No_Event,0,37603.57142857143,38823.82142857143
1828,d_1829,50831,2016-01-31,Sunday,1,2016,No_Event,No_Event,No_Event,No_Event,0,38032.0,39055.642857142855
1829,d_1830,41714,2016-02-01,Monday,2,2016,No_Event,No_Event,No_Event,No_Event,0,39078.42857142857,39234.96428571428
1830,d_1831,34928,2016-02-02,Tuesday,2,2016,No_Event,No_Event,No_Event,No_Event,0,39718.71428571428,39221.46428571428
1831,d_1832,39340,2016-02-03,Wednesday,2,2016,No_Event,No_Event,No_Event,No_Event,0,40860.28571428572,39459.142857142855
1832,d_1833,35424,2016-02-04,Thursday,2,2016,No_Event,No_Event,No_Event,No_Event,0,41282.857142857145,39440.57142857143
1833,d_1834,40193,2016-02-05,Friday,2,2016,No_Event,No_Event,No_Event,No_Event,0,41647.71428571428,39485.46428571428
1834,d_1835,55040,2016-02-06,Saturday,2,2016,No_Event,No_Event,No_Event,No_Event,0,42495.71428571428,39562.607142857145
1835,d_1836,46893,2016-02-07,Sunday,2,2016,SuperBowl,Sporting,No_Event,No_Event,1,41933.142857142855,39545.607142857145
1836,d_1837,36804,2016-02-08,Monday,2,2016,No_Event,No_Event,No_Event,No_Event,0,41231.71428571428,39503.392857142855
1837,d_1838,38513,2016-02-09,Tuesday,2,2016,No_Event,No_Event,No_Event,No_Event,0,41743.857142857145,39624.5
1838,d_1839,39353,2016-02-10,Wednesday,2,2016,LentStart,Religious,No_Event,No_Event,1,41745.71428571428,39878.857142857145
1839,d_1840,44584,2016-02-11,Thursday,2,2016,No_Event,No_Event,No_Event,No_Event,0,43054.28571428572,40190.57142857143
1840,d_1841,44222,2016-02-12,Friday,2,2016,No_Event,No_Event,No_Event,No_Event,0,43629.857142857145,40277.42857142857
1841,d_1842,53715,2016-02-13,Saturday,2,2016,No_Event,No_Event,No_Event,No_Event,0,43440.57142857143,40369.17857142857
1842,d_1843,48337,2016-02-14,Sunday,2,2016,ValentinesDay,Cultural,No_Event,No_Event,1,43646.857142857145,40469.32142857143
1843,d_1844,46152,2016-02-15,Monday,2,2016,PresidentsDay,National,No_Event,No_Event,1,44982.28571428572,40748.32142857143
1844,d_1845,37702,2016-02-16,Tuesday,2,2016,No_Event,No_Event,No_Event,No_Event,0,44866.42857142857,40952.392857142855
1845,d_1846,36545,2016-02-17,Wednesday,2,2016,LentWeek2,Religious,No_Event,No_Event,1,44465.28571428572,41090.28571428572
1846,d_1847,36436,2016-02-18,Thursday,2,2016,No_Event,No_Event,No_Event,No_Event,0,43301.28571428572,41256.607142857145
1847,d_1848,40392,2016-02-19,Friday,2,2016,No_Event,No_Event,No_Event,No_Event,0,42754.142857142855,41402.5
1848,d_1849,50857,2016-02-20,Saturday,2,2016,No_Event,No_Event,No_Event,No_Event,0,42345.857142857145,41471.42857142857
1849,d_1850,52081,2016-02-21,Sunday,2,2016,No_Event,No_Event,No_Event,No_Event,0,42880.71428571428,41623.17857142857
1850,d_1851,37328,2016-02-22,Monday,2,2016,No_Event,No_Event,No_Event,No_Event,0,41620.142857142855,41728.142857142855
1851,d_1852,33981,2016-02-23,Tuesday,2,2016,No_Event,No_Event,No_Event,No_Event,0,41088.57142857143,41854.392857142855
1852,d_1853,34068,2016-02-24,Wednesday,2,2016,No_Event,No_Event,No_Event,No_Event,0,40734.71428571428,41951.5
1853,d_1854,34615,2016-02-25,Thursday,2,2016,No_Event,No_Event,No_Event,No_Event,0,40474.57142857143,42028.25
1854,d_1855,37649,2016-02-26,Friday,2,2016,No_Event,No_Event,No_Event,No_Event,0,40082.71428571428,42028.607142857145
1855,d_1856,47887,2016-02-27,Saturday,2,2016,No_Event,No_Event,No_Event,No_Event,0,39658.42857142857,41985.142857142855
1856,d_1857,50915,2016-02-28,Sunday,2,2016,No_Event,No_Event,No_Event,No_Event,0,39491.857142857145,41988.142857142855
1857,d_1858,37259,2016-02-29,Monday,2,2016,No_Event,No_Event,No_Event,No_Event,0,39482.0,41829.03571428572
1858,d_1859,36536,2016-03-01,Tuesday,3,2016,No_Event,No_Event,No_Event,No_Event,0,39847.0,41886.46428571428
1859,d_1860,38458,2016-03-02,Wednesday,3,2016,No_Event,No_Event,No_Event,No_Event,0,40474.142857142855,41854.96428571428
1860,d_1861,41459,2016-03-03,Thursday,3,2016,No_Event,No_Event,No_Event,No_Event,0,41451.857142857145,42070.5
1861,d_1862,39325,2016-03-04,Friday,3,2016,No_Event,No_Event,No_Event,No_Event,0,41691.28571428572,42039.5
1862,d_1863,52322,2016-03-05,Saturday,3,2016,No_Event,No_Event,No_Event,No_Event,0,42324.857142857145,41942.42857142857
1863,d_1864,57218,2016-03-06,Sunday,3,2016,No_Event,No_Event,No_Event,No_Event,0,43225.28571428572,42311.17857142857
1864,d_1865,40562,2016-03-07,Monday,3,2016,No_Event,No_Event,No_Event,No_Event,0,43697.142857142855,42445.392857142855
1865,d_1866,37727,2016-03-08,Tuesday,3,2016,No_Event,No_Event,No_Event,No_Event,0,43867.28571428572,42417.32142857143
1866,d_1867,37032,2016-03-09,Wednesday,3,2016,No_Event,No_Event,No_Event,No_Event,0,43663.57142857143,42334.42857142857
1867,d_1868,38267,2016-03-10,Thursday,3,2016,No_Event,No_Event,No_Event,No_Event,0,43207.57142857143,42108.82142857143
1868,d_1869,40887,2016-03-11,Friday,3,2016,No_Event,No_Event,No_Event,No_Event,0,43430.71428571428,41989.71428571428
1869,d_1870,52711,2016-03-12,Saturday,3,2016,No_Event,No_Event,No_Event,No_Event,0,43486.28571428572,41953.857142857145
1870,d_1871,51421,2016-03-13,Sunday,3,2016,No_Event,No_Event,No_Event,No_Event,0,42658.142857142855,42064.0
1871,d_1872,42035,2016-03-14,Monday,3,2016,No_Event,No_Event,No_Event,No_Event,0,42868.57142857143,41916.96428571428
1872,d_1873,40117,2016-03-15,Tuesday,3,2016,No_Event,No_Event,No_Event,No_Event,0,43210.0,42003.21428571428
1873,d_1874,36606,2016-03-16,Wednesday,3,2016,No_Event,No_Event,No_Event,No_Event,0,43149.142857142855,42005.392857142855
1874,d_1875,35009,2016-03-17,Thursday,3,2016,StPatricksDay,Cultural,No_Event,No_Event,1,42683.71428571428,41954.42857142857
1875,d_1876,39652,2016-03-18,Friday,3,2016,No_Event,No_Event,No_Event,No_Event,0,42507.28571428572,41928.0
1876,d_1877,46181,2016-03-19,Saturday,3,2016,No_Event,No_Event,No_Event,No_Event,0,41574.42857142857,41761.0
1877,d_1878,47825,2016-03-20,Sunday,3,2016,No_Event,No_Event,No_Event,No_Event,0,41060.71428571428,41609.0
1878,d_1879,37360,2016-03-21,Monday,3,2016,No_Event,No_Event,No_Event,No_Event,0,40392.857142857145,41610.142857142855
1879,d_1880,35475,2016-03-22,Tuesday,3,2016,No_Event,No_Event,No_Event,No_Event,0,39729.71428571428,41663.5
1880,d_1881,34786,2016-03-23,Wednesday,3,2016,No_Event,No_Event,No_Event,No_Event,0,39469.71428571428,41689.142857142855
1881,d_1882,34003,2016-03-24,Thursday,3,2016,Purim End,Religious,No_Event,No_Event,1,39326.0,41667.28571428572
1882,d_1883,45611,2016-03-25,Friday,3,2016,No_Event,No_Event,No_Event,No_Event,0,40177.28571428572,41951.642857142855
1883,d_1884,53863,2016-03-26,Saturday,3,2016,No_Event,No_Event,No_Event,No_Event,0,41274.71428571428,42165.07142857143
1884,d_1885,46360,2016-03-27,Sunday,3,2016,Easter,Cultural,No_Event,No_Event,1,41065.42857142857,42002.392857142855
1885,d_1886,36041,2016-03-28,Monday,3,2016,No_Event,No_Event,No_Event,No_Event,0,40877.0,41958.892857142855
1886,d_1887,33857,2016-03-29,Tuesday,3,2016,No_Event,No_Event,No_Event,No_Event,0,40645.857142857145,41863.21428571428
1887,d_1888,32359,2016-03-30,Wednesday,3,2016,No_Event,No_Event,No_Event,No_Event,0,40299.142857142855,41645.392857142855
1888,d_1889,34681,2016-03-31,Thursday,3,2016,No_Event,No_Event,No_Event,No_Event,0,40396.0,41403.32142857143
1889,d_1890,45536,2016-04-01,Friday,4,2016,No_Event,No_Event,No_Event,No_Event,0,40385.28571428572,41625.142857142855
1890,d_1891,52672,2016-04-02,Saturday,4,2016,No_Event,No_Event,No_Event,No_Event,0,40215.142857142855,41637.642857142855
1891,d_1892,56425,2016-04-03,Sunday,4,2016,No_Event,No_Event,No_Event,No_Event,0,41653.0,41609.32142857143
1892,d_1893,40418,2016-04-04,Monday,4,2016,No_Event,No_Event,No_Event,No_Event,0,42278.28571428572,41604.17857142857
1893,d_1894,39683,2016-04-05,Tuesday,4,2016,No_Event,No_Event,No_Event,No_Event,0,43110.57142857143,41674.03571428572
1894,d_1895,39134,2016-04-06,Wednesday,4,2016,No_Event,No_Event,No_Event,No_Event,0,44078.42857142857,41749.107142857145
1895,d_1896,38116,2016-04-07,Thursday,4,2016,No_Event,No_Event,No_Event,No_Event,0,44569.142857142855,41743.71428571428
1896,d_1897,43220,2016-04-08,Friday,4,2016,No_Event,No_Event,No_Event,No_Event,0,44238.28571428572,41827.03571428572
1897,d_1898,56340,2016-04-09,Saturday,4,2016,No_Event,No_Event,No_Event,No_Event,0,44762.28571428572,41956.642857142855
1898,d_1899,53856,2016-04-10,Sunday,4,2016,No_Event,No_Event,No_Event,No_Event,0,44395.28571428572,42043.607142857145
1899,d_1900,42427,2016-04-11,Monday,4,2016,No_Event,No_Event,No_Event,No_Event,0,44682.28571428572,42057.607142857145
1900,d_1901,39069,2016-04-12,Tuesday,4,2016,No_Event,No_Event,No_Event,No_Event,0,44594.57142857143,42020.17857142857
1901,d_1902,35193,2016-04-13,Wednesday,4,2016,No_Event,No_Event,No_Event,No_Event,0,44031.57142857143,41969.71428571428
1902,d_1903,37529,2016-04-14,Thursday,4,2016,No_Event,No_Event,No_Event,No_Event,0,43947.71428571428,42059.71428571428
1903,d_1904,41789,2016-04-15,Friday,4,2016,No_Event,No_Event,No_Event,No_Event,0,43743.28571428572,42136.03571428572
1904,d_1905,48362,2016-04-16,Saturday,4,2016,No_Event,No_Event,No_Event,No_Event,0,42603.57142857143,42213.92857142857
1905,d_1906,51640,2016-04-17,Sunday,4,2016,No_Event,No_Event,No_Event,No_Event,0,42287.0,42350.17857142857
1906,d_1907,38059,2016-04-18,Monday,4,2016,No_Event,No_Event,No_Event,No_Event,0,41663.0,42375.142857142855
1907,d_1908,37570,2016-04-19,Tuesday,4,2016,No_Event,No_Event,No_Event,No_Event,0,41448.857142857145,42449.96428571428
1908,d_1909,35343,2016-04-20,Wednesday,4,2016,No_Event,No_Event,No_Event,No_Event,0,41470.28571428572,42469.857142857145
1909,d_1910,35033,2016-04-21,Thursday,4,2016,No_Event,No_Event,No_Event,No_Event,0,41113.71428571428,42506.642857142855
1910,d_1911,40517,2016-04-22,Friday,4,2016,No_Event,No_Event,No_Event,No_Event,0,40932.0,42324.71428571428
1911,d_1912,48962,2016-04-23,Saturday,4,2016,No_Event,No_Event,No_Event,No_Event,0,41017.71428571428,42149.67857142857
1912,d_1913,49795,2016-04-24,Sunday,4,2016,No_Event,No_Event,No_Event,No_Event,0,40754.142857142855,42272.357142857145
