transaction_id,quantity,transaction_amount,return_days,customer_frequency,previous_returns,is_fraud
6252,1,98.8022847991458,24.43540483607753,4,3,0
4684,2,19.037489234167428,15.048012207185081,5,0,0
1731,3,37.99554022433861,9.517964724155258,2,3,0
4742,6,116.01735780116282,18.465616359170866,3,3,0
4521,3,35.60128337502518,9.701444748159917,7,1,0
6340,3,38.02907525559491,14.048702711321011,3,1,0
576,3,92.7412695703588,1.9097755511666161,2,2,0
5202,5,126.34411701509237,4.9995211578462175,4,2,0
6363,3,37.15305906195915,14.939751942690426,8,0,0
439,2,38.366102521098576,14.19194117466716,4,1,0
2750,6,49.442920031689866,15.651097140173167,6,3,0
7487,2,120.57853595816319,9.639445334747109,4,3,0
5272,1,34.96484464247805,12.668714388664533,8,3,0
5653,6,19.589143301952237,14.182644052864259,6,2,0
3999,2,18.80810158827582,11.058012691721299,6,2,0
6033,2,57.88016276975367,6.975018590352981,6,2,0
582,4,112.87499165877558,17.779071391920898,8,3,0
9930,4,107.37469315462732,0.44179801950811903,6,4,1
7051,3,66.59357724608009,13.976090270144365,5,1,0
8158,2,79.30156717071982,14.612918919836037,2,2,0
9896,5,43.037686216105314,3.1733442412925235,6,5,1
2249,6,60.639362180906225,17.186338175362348,5,2,0
4640,7,22.418976137193802,27.702030074683396,5,3,0
9485,2,63.69936933332963,5.408511531402081,4,1,0
4947,3,42.73067452024493,18.204797962342518,6,3,0
9920,6,164.09747251529996,5.994838320437319,8,2,1
1963,2,83.10056714156536,9.048987774503699,3,0,0
8243,4,31.758656928561365,8.170088822239034,5,0,0
6590,5,20.025873750292302,11.811313331276928,4,1,0
8847,5,37.25036990709655,12.42590278447445,4,2,0
321,7,19.26226014445791,15.608871454035128,2,2,0
2678,2,83.59432244071752,19.074063266454576,1,2,0
4625,3,12.289838992697987,23.193255544608007,11,0,0
4949,4,34.530073515757245,7.2313717259536325,3,1,0
8328,3,61.26975088837464,11.875974586673383,3,2,0
3337,2,41.59802856258639,20.414568095964817,6,0,0
5589,4,43.895133929892296,8.391968124173438,6,2,0
251,3,47.99117417518324,0.0,4,1,0
3973,4,57.903471841860465,15.611448476519495,3,1,0
6630,7,24.880757722490127,1.9185896344970068,4,1,0
5547,5,84.20010999320459,10.467477725184114,8,0,0
35,2,189.56669605388979,7.343234730857877,2,2,0
8362,3,59.189191018093524,20.01612316027439,7,0,0
1513,3,48.77642197979637,21.742423923141857,5,2,0
9317,1,86.68397800021147,11.275009844544554,3,3,0
39,4,49.86508891910812,4.748105539620844,5,2,0
4819,8,54.978253104711754,10.56403077519424,4,1,0
3465,2,94.11296109533112,7.855450223698271,7,0,0
1760,2,58.423057930676,4.1221438688895695,4,3,0
2304,4,31.03087523320708,21.39288915627359,6,4,0
3723,2,37.85252556618459,3.1175928551234,10,4,0
8284,5,53.08057970021028,8.530259084542944,3,0,0
4993,3,48.226530243825536,14.407129616363063,4,2,0
8127,2,80.59157945525126,0.0,6,3,0
3032,5,91.26249907392783,11.400325826643112,4,2,0
7938,4,78.32518730430756,9.612354703774656,5,1,0
3039,1,33.24529169062964,13.657915759985851,2,2,0
9655,5,22.6864789061154,6.951659762874701,7,5,1
2545,2,45.126583198213,18.11066041824764,3,1,0
2592,3,10.85978924884577,10.22596691186602,4,0,0
1188,1,40.013965875111595,8.39040672166741,4,1,0
7966,4,116.3838190760531,16.018398283421593,8,3,0
6077,3,500.0,7.190473707704022,5,1,0
107,5,78.34593524443348,6.407099770881615,7,0,0
1315,5,39.293790861986245,16.211284834580553,6,2,0
8187,8,84.07580436964139,10.817725822392468,6,1,0
2753,4,21.986267686665535,11.976216979791431,3,2,0
9753,3,71.80294221791605,11.921852116101123,8,3,1
6231,3,125.22095616270111,12.854084939848239,5,0,0
2876,7,52.386404145606505,16.681851634760065,4,1,0
5323,2,18.125128456676613,8.700101693112114,1,3,0
799,4,72.94692921216345,10.70681922923282,2,1,0
3570,1,39.66808091831643,13.383548564536307,4,0,0
2894,2,19.733486350410693,3.2468344404987786,3,0,0
2927,2,127.57414412468015,16.898999558349978,4,1,0
8178,4,116.52818026440134,14.724444053604204,4,3,0
971,3,237.3939173485986,8.312424807517974,2,0,0
6687,5,43.1366783613009,1.30697002742345,3,1,0
8575,4,45.88370772972037,0.0,3,1,0
2020,4,34.711720096668145,22.782472126937712,5,3,0
9054,3,104.0301689388012,21.06200257669911,2,3,0
952,6,17.78731694803223,9.331204909466956,8,2,0
5359,2,29.844458519840718,20.82366652866972,5,0,0
3857,1,56.18123984845565,13.785581443993724,5,2,0
5861,6,60.399058560883404,5.541243914796157,5,2,0
3145,2,26.060565228735445,20.309854804079407,3,0,0
3305,4,27.704972655450664,12.22997268529851,7,1,0
3006,5,47.239679717862735,12.902595238427018,4,0,0
9001,4,47.79834441076753,27.99840942205865,6,1,0
7770,3,117.94814268027014,20.96292767124052,6,0,0
7438,4,21.681090593450133,16.115998912431394,5,2,0
7942,5,37.116080482675095,15.149612924419738,4,2,0
9238,3,14.353913015537014,0.0,5,1,0
1056,4,78.92763419777353,16.11080731238992,5,3,0
3154,8,38.087107851470854,15.217290720577871,4,1,0
3787,4,125.84453441402495,14.055892609370495,5,2,0
9189,3,22.731604886919303,4.33949878903336,2,0,0
7825,5,31.302396970281304,11.26315254750224,4,1,0
7539,2,80.44736617406585,12.018364945530632,7,3,0
7231,6,18.842518578908393,0.0,6,1,0
764,5,30.86536476257689,11.71609354170397,4,1,0
5019,4,40.510652593090306,8.353897358064717,7,0,0
4903,4,36.673199510139035,7.326564245008932,4,1,0
8093,3,55.317412047508554,14.69143074595001,7,0,0
6843,2,46.75472351790826,3.472111498762491,5,1,0
2165,1,44.44871747811315,5.68393000656258,4,3,0
1862,2,43.253934466837116,16.602241529203656,5,1,0
7850,3,18.438204424318076,6.481789524243097,6,1,0
9123,3,32.3808799098234,21.493316800068445,5,1,0
2340,2,18.401890783788883,14.942899286826947,3,1,0
5527,3,51.033105726703674,8.061639520297954,5,3,0
6743,3,31.895598625433507,11.17863354883603,5,4,0
4003,3,13.184942472803323,20.880837524146543,5,2,0
1123,4,30.482654858497593,18.09819833608367,11,1,0
8709,4,12.996891181936215,16.00301609049999,3,1,0
4049,3,17.88224499969286,18.21518179704664,6,2,0
7640,2,10.934855377158739,16.57812907252677,4,2,0
765,5,48.86871458743388,13.68355513151048,4,4,0
2344,3,85.20413094610412,11.560572131952718,8,2,0
4071,5,10.35250345349047,13.137942593647814,6,0,0
7216,3,25.667724149534745,2.4669260791253063,4,1,0
4216,8,15.81619778335316,6.013612127345851,3,3,0
7952,6,79.8535194005279,20.62422318575468,4,3,0
5970,4,44.008365420614545,13.723776552357634,7,0,0
3350,3,28.178081453206797,13.056649270721364,5,1,0
4695,6,40.27258978053207,10.542902576916,6,1,0
3399,1,34.49329995305994,10.552494600056859,3,1,0
4081,3,94.04038429139389,15.178818112838158,3,1,0
9149,3,16.720467454458397,14.98911990936189,5,1,0
1224,1,41.86158509634283,18.4565334800954,8,1,0
6292,5,32.555837461216434,12.295498135224108,4,0,0
3122,1,104.27539885682839,8.721897310712407,9,0,0
510,3,58.90312762611649,7.111780609109635,6,2,0
5794,2,51.28483070639592,25.236804228481844,5,1,0
8181,1,44.5832035821392,2.476798385196922,6,0,0
9417,3,26.915266255123832,17.265903511709638,2,1,0
96,5,33.55945320796305,13.435184475493502,8,1,0
6681,4,83.66806444067032,12.179359600547901,8,2,0
1512,5,33.429808662095375,16.408444719996453,5,0,0
8791,4,31.680765742734405,23.60620192282008,6,2,0
119,2,53.24464852169472,8.101442210458137,6,2,0
7791,1,45.948235871335015,7.293101697090407,2,3,0
6517,4,114.26828975439783,18.859970779777722,6,5,0
33,4,77.73375727547585,11.23670815604938,6,0,0
7887,5,28.166076442995216,1.4822296378380386,8,2,0
6830,4,191.7573458197108,14.871660802469322,3,1,0
5421,3,156.50346626288044,23.091187476823478,6,0,0
1068,7,21.828283360793662,0.0,7,0,0
1347,4,66.50712218115626,19.620779224239087,4,3,0
4747,1,106.40422645099042,24.467796558775888,5,2,0
6005,4,37.78304455061676,10.934518045233744,5,2,0
6039,5,24.75227996982133,9.174972471764736,5,0,0
3817,2,116.07742878502974,10.736742807053977,6,3,0
8446,3,47.158352812489824,20.49034107656472,3,2,0
5269,2,46.91408619013272,6.9516853378988035,5,0,0
6897,2,154.10431945530448,5.849180220667788,7,1,0
5309,4,31.881166462677093,27.12972167018752,3,0,0
31,2,49.26308965614299,17.706292472521675,7,3,0
5674,3,25.55601290845588,7.176807032441335,6,0,0
4386,4,127.11990911041525,11.221281430980419,7,2,0
29,4,16.134147887975878,12.230650929192107,8,0,0
4202,4,26.194949868426086,14.491355827171395,7,0,0
7507,6,14.035241574731002,6.3518943396266945,3,2,0
735,2,49.06261617266608,16.550829155547312,5,0,0
2067,1,53.61650896976912,16.14821328163209,3,2,0
106,2,50.85613371516809,7.57108167150415,4,3,0
9644,3,60.049457302029616,5.243612557201549,11,1,1
8894,3,85.29524920246665,2.9911548124530807,6,1,0
8020,6,10.778743695562373,21.518386808928092,3,1,0
2232,1,39.454437626861484,6.416222809628645,2,2,0
993,1,61.08667839457386,16.088636134982643,6,4,0
9412,4,43.10699580345759,16.91514833209602,4,1,0
7058,4,31.440200758278298,16.07805237718982,5,1,0
6789,2,32.13098284285771,17.43518105280391,5,2,0
360,6,36.68684196900289,6.366864806539567,6,1,0
304,4,20.129008241037216,25.86534882005641,3,1,0
2627,1,23.70074859641225,0.0,3,2,0
8965,2,54.29033346822098,14.916135914145936,10,1,0
4513,6,41.27872983821147,17.748779261112343,7,3,0
5910,2,40.70685401389807,17.25181648950322,4,1,0
8313,4,23.93946778006659,20.362653362781955,4,1,0
3100,7,46.68170261694346,12.564447601253931,5,2,0
5703,2,84.16273825509921,15.648336681704123,2,1,0
3898,2,27.604198683073,5.519033677800481,4,2,0
5440,3,22.19611589380813,9.252958986158278,2,4,0
7930,2,20.035106353989118,13.254735183366154,5,0,0
621,3,105.66742819350267,8.530683935733471,6,1,0
7235,2,58.50123953171146,12.630660215573727,3,2,0
2498,3,54.14403307449138,5.432217464417983,7,1,0
713,5,80.3568118432807,0.37594341733157677,5,3,0
8403,4,48.1650310707419,16.746171326786804,6,1,0
2855,3,20.354772711990442,17.515028727891885,6,2,0
4269,5,21.626745211100957,12.166830343455553,5,4,0
2908,7,73.80555386772605,2.603296902093417,2,0,0
8080,8,81.84188001264049,9.46561931192429,8,2,0
4516,1,83.32943246748468,13.521212000730445,6,0,0
1261,3,46.08366394783833,5.38307890261806,8,0,0
3160,3,88.83931959031565,8.916240306288866,4,1,0
970,4,44.72815912549138,10.953687988123244,6,2,0
3912,2,19.69447498110534,18.370147705183914,10,0,0
5198,1,63.624650813481345,6.157889141860928,3,0,0
8846,2,46.58654695716567,11.03189085832285,8,1,0
259,3,143.33866623365137,16.0136685856359,2,1,0
3790,3,147.48691969329,4.361023214228952,4,1,0
9202,4,24.36454094738045,6.804508398232003,6,2,0
487,3,17.32604903686143,19.22367629792005,6,3,0
7907,4,60.241586296114576,4.495704890735194,4,1,0
518,4,36.57868462218238,19.614842371533193,7,2,0
8342,4,95.29980466511024,14.755767320633177,5,3,0
311,3,17.698348622933864,12.996921618131381,4,2,0
3231,2,50.135469156681125,15.172746195148093,3,0,0
7932,2,121.06545924298128,10.646138929569856,7,2,0
7457,3,38.357994151084434,18.46579585702513,4,1,0
9783,2,112.7452652632786,0.0,8,1,1
5183,7,93.7430883263965,16.71626602253985,4,1,0
8076,2,28.33111963549029,13.558395499038888,4,2,0
6501,5,50.638650437281505,8.815282405753077,4,4,0
6790,4,66.81003561736429,1.8237194742792688,5,0,0
7772,4,19.595657169686227,3.386313708471272,6,4,0
2737,8,57.071743844934744,9.140515512058816,2,1,0
7841,2,47.7793522955742,12.4101006601179,7,2,0
6261,4,52.49442299194726,9.020871398666298,5,1,0
8205,2,13.781117854580971,13.325043703487015,8,1,0
1247,3,15.11907995656886,4.718269853334732,5,2,0
9335,4,37.376877983698925,17.328664159602305,6,1,0
4194,9,53.65874484672533,7.187816043933103,6,0,0
8000,3,30.314698562937476,19.610738076187612,4,2,0
7377,2,28.30501652674929,11.195165739898197,2,5,0
3434,3,17.67302525542859,16.962853823710127,4,0,0
5381,2,67.40237686102331,4.448229749739182,10,2,0
958,2,30.253455439856598,14.71850963242876,2,1,0
416,3,15.609236746439477,3.4831830613665726,4,1,0
5741,3,58.0780110542123,0.0,7,1,0
6727,8,44.879341831941346,8.144599975969118,4,1,0
4381,2,58.14841338875809,17.707659292343617,4,2,0
5196,3,30.72383162357944,4.2800255846784525,6,2,0
1112,7,40.71724944017272,8.520157330330623,5,3,0
2688,5,63.33111621689229,5.7823448125010195,5,0,0
6472,5,218.85480957782056,10.956804649091039,4,2,0
8819,1,31.6877440240887,15.49775520549436,6,0,0
7807,5,123.66223807563638,20.01223136337139,4,1,0
3410,4,65.88687028593185,20.262481128656127,7,3,0
80,1,31.030037778202978,0.8934486494270502,6,0,0
4613,5,166.8270241970933,10.02273404686433,5,0,0
1373,3,33.91090960271374,8.666577528087663,6,2,0
1509,1,15.738890855668924,21.64905412394967,7,1,0
6442,4,126.01964386129002,24.269756838267924,6,1,0
3070,4,100.34053804057721,19.103537483036305,5,0,0
3015,2,33.66889160102511,3.7793677448028706,7,4,0
4822,3,46.53520449440454,11.568197352848031,3,2,0
7821,3,15.408286063533945,24.48500555672274,4,1,0
92,3,37.789758702800974,16.13514157511513,9,1,0
9420,2,28.03110479949239,21.34133932929469,6,2,0
6599,3,59.73512062420925,10.946066742114153,6,2,0
4442,4,156.24990335560554,12.679692106104946,13,4,0
7601,2,41.931641618707644,6.542897669434542,3,2,0
3834,5,48.8139750622517,4.470464967562753,2,2,0
9701,3,118.66897949926779,0.6666635121265276,8,3,1
4321,4,87.25082947935695,7.973888646810081,5,3,0
3393,2,133.82184198396206,20.094808617177776,7,1,0
4751,4,20.730924072273247,23.77748529839957,8,2,0
7228,5,13.532862780679455,8.065706699995363,7,1,0
9190,3,77.51230277181587,7.6608367830526785,8,2,0
2360,3,11.65221738645427,18.59596503007435,1,1,0
1147,2,44.97957181059516,18.225458300987285,2,0,0
5665,2,57.289484450419536,29.295554063310163,3,2,0
8074,2,120.56467362200414,9.501818883070609,4,1,0
4942,2,22.598702564225647,11.171389466562866,8,2,0
3662,2,16.193414358768624,16.511451786926337,5,0,0
1562,3,119.81148730353104,11.531445075180656,3,1,0
4112,5,32.55340377855985,19.65129101010229,3,0,0
9049,5,170.52842586769853,26.490553024748266,3,2,0
9275,2,22.056830027330804,15.26153587287342,6,2,0
8537,3,30.789240171479786,15.614381204384781,6,2,0
794,3,89.08485955277172,0.0,4,1,0
5853,3,32.63933518311423,17.975959647533706,5,4,0
7618,2,27.938692052427218,18.13640055421029,6,3,0
1593,6,61.30458667924953,11.240381500172033,9,1,0
7417,2,31.735686163871023,4.846120625198651,5,1,0
5266,1,56.369533422547256,14.231245981394595,8,3,0
7146,2,46.4522997899063,20.810057972301383,7,0,0
88,2,110.04907844930234,8.855490738897485,3,3,0
8694,4,41.94434452710268,4.607085856166287,4,0,0
9731,4,66.24983178405144,9.499132791899653,8,3,1
9445,1,42.471119387650205,21.684381669464763,5,1,0
6753,4,44.148872037032696,13.213071286284361,9,4,0
3501,2,30.724625122640635,2.3119865648860483,4,3,0
2233,3,79.06977079450668,10.933948804393212,5,0,0
2802,2,17.432994960506267,17.712514673290976,10,0,0
4423,2,45.92415722731272,13.445980983446411,5,1,0
5662,3,31.487041369575643,9.048040448937646,4,1,0
7169,2,26.190226832413373,13.428913756069088,3,2,0
8336,1,32.506238545092,20.925666679601807,8,0,0
2147,2,38.979675689980176,15.938751224127106,5,2,0
7968,3,106.99597873273419,14.013581533581839,5,2,0
6550,2,57.84778911584531,24.506612754101603,6,0,0
7642,2,133.81821827027053,12.902751145631807,4,1,0
6163,2,35.42469289982769,15.335730851164298,3,0,0
1494,4,42.7495976551657,6.478739815699606,7,0,0
7695,1,72.54899858275198,17.642411435933226,3,0,0
7093,2,53.803370211005266,7.497469008173656,3,0,0
1408,4,42.697376428982224,6.302347670676903,4,2,0
6690,4,36.81798934536813,11.366607089710675,8,1,0
3400,4,6.950893267491942,13.181568194388475,3,3,0
108,4,79.55580897877107,11.635631008361456,5,0,0
5635,4,16.368905700338885,2.6177078090549415,4,1,0
8481,3,91.83889892316078,10.40288577360415,3,2,0
6603,1,19.313739323213216,12.31894426652813,5,1,0
1090,3,125.32426878449864,16.585930123767596,7,2,0
5559,4,38.91526219262632,16.851385050192825,7,1,0
9411,6,21.493614666893873,13.435791893404144,1,2,0
8142,3,92.37707434326038,4.794025802017347,3,3,0
8663,2,40.47667842790731,2.189729403436628,4,0,0
6595,5,27.556498810078892,2.8064747716817493,9,0,0
623,4,31.68463275329873,16.102166038631996,6,1,0
6870,3,35.15973295900143,9.798640399022286,4,3,0
4813,4,40.869162676387894,5.742533068180088,9,3,0
6552,1,38.42581543070976,13.689707927653117,9,2,0
7529,3,16.011273991105956,2.713892795250171,4,2,0
5795,2,38.52669299967394,15.482418324930556,7,2,0
7436,9,39.70012077679299,6.636988431604783,5,1,0
4217,5,13.75817793101811,14.317476467353066,9,3,0
5940,6,52.248192417954996,8.063357752928994,5,3,0
8500,5,22.02706513059857,7.039597317467866,5,1,0
6428,3,148.67196980979975,5.478701113454165,1,1,0
6826,1,32.98811021157964,7.2154678927211595,6,4,0
4130,3,77.8892005020303,21.12285652215664,4,2,0
7801,2,152.97673144410444,7.138444479737022,4,3,0
7753,6,85.57931140105191,20.42771360342406,5,1,0
4721,5,34.59294498258034,2.5297201232427753,6,0,0
1650,1,77.00363402052213,25.304836404750823,6,2,0
4140,1,74.68724391143354,7.892766262335143,4,3,0
1617,4,52.88541183794746,16.793432623205373,5,1,0
2029,1,21.455802879725393,14.24636604124106,4,2,0
8517,4,279.0878254172128,14.05322153551295,4,0,0
4575,1,74.10421660782697,8.316912644746179,4,1,0
3992,1,72.18654559349078,16.08047920125731,5,2,0
7376,3,19.793652712365063,15.91568434028273,2,2,0
6149,4,56.63767971688387,5.966322965781261,6,2,0
4908,4,45.2190832543664,13.552784343020363,4,1,0
5026,2,208.31642406816292,20.2792671457091,7,2,0
8260,5,111.76114444474389,15.76881558910606,3,0,0
4731,3,35.18157617088975,14.467002823925469,7,2,0
7548,3,17.818261866918917,11.11711588092061,3,0,0
8134,4,15.477381957361967,11.80539790331898,3,1,0
1606,3,12.828754867691789,16.127753879770758,7,1,0
4773,3,20.632205998823363,15.017122016886308,5,3,0
8109,3,30.790592046574144,14.834765709658722,5,0,0
6951,2,112.40233035782056,8.731553484913805,5,2,0
6004,4,84.0686158418412,25.901142861929877,5,2,0
7728,4,46.47565025304465,11.032865362070032,6,2,0
3541,2,30.263466609151155,15.118791241119133,5,2,0
388,4,35.9698901792212,18.06764985476961,7,6,0
1794,5,50.14178303998303,15.62575687322241,4,2,0
8731,4,25.534941192816714,7.127669673313101,4,0,0
4919,3,36.94306281890751,3.888348823969311,4,0,0
5537,2,77.46907926343131,0.0,4,2,0
3872,2,14.989475535323509,15.44076613167571,5,0,0
8868,2,13.495927362236994,2.761705778413585,7,3,0
2254,5,51.244378019915175,7.898367408093099,3,0,0
3412,2,74.34881372244244,15.195149521127956,1,1,0
5459,4,32.77732419360926,16.219102532261395,4,1,0
4955,4,19.35457810486985,26.53835836125833,1,0,0
7396,7,26.754435040140457,15.729674282385902,4,2,0
5414,8,16.032233046529644,12.830641131279723,5,2,0
7399,3,58.5388047525205,8.443214154638378,8,0,0
7414,5,59.74160708756989,8.930552408476544,5,1,0
9100,2,47.97588427437966,13.998274777951762,3,0,0
4851,2,66.09387095234348,26.00127033577735,5,1,0
2025,4,18.93976731324842,19.302046319213364,3,3,0
2615,3,19.51318607876491,2.8239480089888946,8,2,0
7388,5,62.50360536589567,19.43964249609126,6,1,0
2926,2,63.64659730610038,11.263952024023325,4,0,0
1121,3,31.482186184006714,12.988354587271587,10,2,0
2910,2,84.37653883806703,24.719390639699604,5,0,0
8146,3,50.254394153893905,17.229584308072432,3,3,0
7383,5,47.76966339737119,11.268883769860295,6,1,0
3482,5,66.3820224617765,11.246338861394927,3,1,0
795,1,68.75553081965509,12.500457890275806,5,1,0
1575,4,10.876429096518013,19.51663338887953,4,0,0
6176,6,24.803014890447,7.4147460997823496,4,1,0
6266,3,69.40798972867668,11.68492510552672,6,4,0
2458,4,186.11554390229162,8.567629387811202,5,3,0
3312,2,40.47835486010391,18.326559029282574,9,2,0
1253,3,23.739391264968514,3.6233066884294303,5,3,0
6834,4,154.87502220574618,17.16942941284256,3,2,0
8794,4,48.14434906215942,9.18636765308722,6,0,0
3837,8,46.12023879770949,19.36252705240715,6,2,0
4398,3,39.97457468750753,24.891910688322945,8,2,0
3595,4,11.676423305410834,12.971280301066933,3,4,0
6621,3,34.65843693960225,17.7655392200097,7,2,0
8382,2,48.914295235291384,10.541996940978509,2,1,0
2124,3,79.86944171263578,14.582864123102791,3,0,0
3238,4,28.139085363534583,4.3978067651195225,6,4,0
5403,3,201.21065448318305,11.04751043708446,4,1,0
5998,2,14.889399864998028,11.869205841343298,7,1,0
5938,2,174.54190794251653,18.591415345009402,6,0,0
2045,2,41.82791633749911,15.695901570713499,3,1,0
1578,4,72.39375815512604,2.606789290494815,5,0,0
14,1,35.361289416891886,26.72269733697867,4,6,0
2673,4,49.39809221273701,3.7867718705832303,5,2,0
7016,6,64.29839688902123,17.34273970212535,6,1,0
8720,8,52.67665749218393,12.5822105356506,3,2,0
8849,2,23.952993997798806,9.401203114308114,3,1,0
4812,2,65.85472585273791,16.257646559825016,5,1,0
1084,2,52.73145097001062,9.014614998535206,6,3,0
4983,8,57.29021656024508,11.884932074524897,6,2,0
7155,2,38.22584799874644,20.04980824539016,4,1,0
2884,3,52.924219217288396,15.549323424145854,4,2,0
333,5,21.80493660042381,5.551104774372703,2,2,0
7204,1,31.583836265720624,12.957252185502147,5,2,0
4367,3,14.209397862539333,5.318209387784735,6,1,0
3079,2,15.107526208543193,15.361326424274452,9,2,0
7203,2,66.66331520500265,8.750353129754735,7,2,0
9909,4,67.38931038878886,0.0,6,2,1
8864,4,84.9577318462073,15.956785964307203,9,3,0
263,7,18.932928131401873,7.403284899451899,2,2,0
4337,3,28.11331709043579,11.704857432255865,8,1,0
8895,3,10.469081896804594,16.968265397811926,6,2,0
8447,2,33.290215404089224,18.43528626877976,3,5,0
5903,6,32.96607998531071,13.994885623701899,5,2,0
1498,2,84.382336791219,4.970009891719544,7,1,0
4190,4,59.690584421773316,19.70939970323029,6,2,0
7485,2,23.072004295246757,6.685804165811583,5,1,0
9643,5,77.98090120125245,11.362845084545981,9,4,1
8310,1,41.16162305574947,7.239931022721602,8,2,0
7590,2,80.25976671516295,13.005329601725027,4,0,0
500,7,46.650778154498724,14.036408530666872,6,0,0
9155,3,55.75436855981728,15.836357231144309,7,0,0
9414,3,194.46215488203492,14.083925773748385,6,4,0
3095,5,52.272147218334425,11.007159881897431,1,2,0
4631,2,43.62619209911362,22.606694987782088,7,1,0
367,3,37.780339394855496,14.138557210006882,3,0,0
4058,2,49.01600980687514,4.52159830749267,2,3,0
8174,4,87.47895120942806,6.23080131484518,7,1,0
4630,4,46.591937001873006,8.652875449353017,9,1,0
6070,4,74.5185358581659,12.143204686708412,6,1,0
2664,7,41.781760589046755,8.721217712194406,3,2,0
1026,5,12.1925233682795,8.740171155174773,8,1,0
5908,2,63.53493055942749,3.819949992982462,4,2,0
5050,2,45.91157173744363,6.302702367846029,2,2,0
6328,3,59.96490060980054,4.769035722380243,10,1,0
9733,6,41.04426061258831,9.348752890457401,10,4,1
1691,4,18.22578495588081,9.68444940168412,6,2,0
673,5,66.99248020913902,11.71030398730494,5,0,0
5572,2,27.370146154154583,7.181872791288098,2,1,0
5766,2,85.08929841075049,21.19940198508861,2,3,0
5156,2,25.703439114707454,1.9582580665729807,5,1,0
733,4,26.80936348658331,21.064952509441582,5,3,0
3526,2,33.936197908057835,2.0111784752571857,5,0,0
568,4,21.792921963403774,17.628701151920048,7,0,0
9187,4,34.418224279995236,14.017692539777052,3,1,0
2922,3,35.60994722322071,15.8246849424675,5,0,0
7911,4,37.86406606453676,2.3857444013797178,3,1,0
1558,4,74.51579463291881,8.949076617202529,5,0,0
101,5,28.26327097508908,12.164652086781004,4,1,0
3007,3,38.27910054765442,11.079768457836497,8,0,0
7201,2,93.87106447411753,3.0687273247531763,4,2,0
303,5,41.68199531738808,11.05811420025978,2,1,0
76,2,180.60750118115934,7.064931020989098,4,0,0
6754,1,67.57666991345924,8.859469851929495,5,1,0
8629,4,25.30918053077963,11.820911525641508,5,2,0
1208,4,42.113342571028724,11.697232005595332,3,1,0
7742,5,22.234763364185984,5.2464033200477616,5,0,0
8214,2,160.39809544182899,9.396760194155254,5,1,0
8944,7,58.71876946522332,14.847096566977761,4,4,0
8413,5,22.90820793184888,22.13165020085907,5,1,0
1775,3,101.88296491535793,16.728508546649977,5,0,0
3473,3,70.40103002258951,12.955100284563004,8,1,0
483,5,38.929252806475894,26.302431060742514,2,1,0
2189,3,28.861438771047602,13.740299325425104,1,0,0
346,3,34.287598658053675,24.625973374308316,8,1,0
5481,2,22.60654000231487,7.611470431594852,8,0,0
8361,2,42.25914483005475,15.100118857064327,4,4,0
1472,3,41.36986316400922,17.44719803219739,7,1,0
5100,4,59.12696360791408,16.40750834153196,10,3,0
6765,5,101.65501568430446,9.336748793196248,5,3,0
8706,4,52.08747152116659,14.646862616555312,3,2,0
4929,4,34.41393390026713,8.284276092477622,3,2,0
6329,5,142.1000011725737,9.525943750885057,6,2,0
2609,8,18.850553674703708,17.01646748464443,3,1,0
3,3,109.81590606563752,0.0,4,0,0
2213,4,56.94144771986569,1.6592763804234618,4,0,0
4827,2,21.24293127670916,14.811852048896966,3,1,0
856,3,39.68914233097761,10.885941305081792,4,0,0
6977,2,28.879832535679704,12.895417353653091,3,1,0
5885,4,27.260887215222407,11.69398085427241,2,1,0
624,4,90.35958950430735,13.655749825381385,5,1,0
290,5,33.772192382238664,0.49171346803883154,2,1,0
2018,6,62.89488677379401,9.000784886690589,5,2,0
668,4,10.574476984581555,0.0,8,1,0
8921,3,36.37684352779227,19.54057340180734,5,2,0
8264,1,43.66833746748593,19.040672704571044,3,0,0
9696,3,62.65014357030297,5.509626468541518,7,0,1
1631,4,11.722329499722779,6.793670574847271,4,2,0
5170,1,56.37681940146497,17.495756486543456,7,3,0
7205,5,98.43226627341896,12.398529019506954,3,0,0
2522,3,121.7526200435646,27.64626956406567,4,0,0
2215,2,26.41532927056498,11.171410153430667,6,1,0
6968,6,64.11691990647383,18.745977446106846,5,1,0
6496,7,61.86714433557788,0.0,3,0,0
6213,5,10.584754456132758,0.0,6,0,0
7032,3,59.52833438623163,14.838774756301435,3,1,0
7420,1,45.47007631988727,15.98777226748635,5,1,0
1107,4,33.605337381380586,4.285963322581817,4,2,0
450,1,49.01635543789753,0.0,2,2,0
6289,4,47.20555230664593,22.40551212293149,4,1,0
9966,4,72.9972950457441,1.9805214198473458,8,3,1
135,3,8.184590715424724,4.208585680445,10,3,0
1785,2,51.66845622666365,6.481407472149132,5,1,0
3404,5,38.253495476172155,22.512331358654627,8,2,0
2906,4,14.759457099609236,20.530775478420935,5,2,0
8304,5,69.6117498786907,13.747830925488827,5,0,0
7492,2,55.48987606350312,19.655875480006202,5,1,0
6100,2,36.963723477131346,6.584640736892399,4,3,0
4504,3,31.088811328594286,3.128647448683191,1,1,0
5053,3,63.67930244255922,14.007522392275298,6,2,0
5205,3,25.059668432509405,17.325056763975383,4,1,0
4080,3,84.1230934742708,13.98936737426272,4,2,0
6918,2,57.25822999076572,20.527753793119697,4,0,0
6802,4,67.85862657832153,4.580332857689559,9,0,0
5206,2,29.594645619127036,22.447923946415028,7,1,0
532,3,85.7621551428231,20.22072818998097,4,3,0
4830,4,48.32986225893624,13.063011913584216,6,5,0
4038,1,20.646889306720464,17.891332599161288,6,0,0
4084,4,27.09245142650176,10.552951729197758,5,1,0
3204,3,75.22299918962815,16.138361746590906,7,3,0
7110,4,32.38591703643,11.768764969024385,3,1,0
330,1,12.864533816490335,8.783871233372723,5,1,0
4957,4,62.00714303981169,26.00531232261389,4,3,0
3033,1,9.10579658640511,13.475154694144242,4,0,0
7684,3,9.857825344633014,16.196737018869374,3,3,0
1597,1,26.96843849792839,11.234792333836468,6,2,0
9919,8,279.88793964778057,1.149939157545946,5,3,1
3597,3,22.52837425436042,16.01352437060632,3,1,0
9038,5,20.87302726738168,14.961973863914118,7,1,0
8001,5,25.39813488344672,4.508792752059205,5,1,0
590,4,49.88004916422541,22.08187076707059,6,6,0
647,3,28.930325568875233,21.567792750807982,4,3,0
9102,3,27.30267376858286,18.263656018127566,8,4,0
8015,4,82.64505406492634,17.490441506366736,6,1,0
3771,2,12.662223261743467,10.088568753805454,6,1,0
9039,2,6.551532070545297,16.0928374689044,5,2,0
5082,3,56.939058085028,9.679982357904251,5,1,0
7882,6,23.285599476672402,10.705201516281905,5,1,0
9362,4,32.406897271154804,5.904407081120387,7,5,0
4210,4,65.35574401456252,1.1213144967066064,5,1,0
8834,3,44.52099254584131,4.758237892451588,3,1,0
8699,3,34.391363876032564,0.0,4,1,0
1795,5,58.51156643241182,12.66725017622192,2,4,0
2586,2,66.22868477532235,10.138952499116094,5,1,0
8355,5,47.54831312581456,10.547294204666352,4,1,0
2316,3,23.191237442660174,18.914877970469025,4,2,0
4185,8,20.26613959693519,8.367616032132776,5,2,0
8827,3,35.96245373225352,21.086736556280183,6,1,0
7072,3,37.321363327535735,12.360961384017315,6,2,0
5234,2,46.09268325764461,18.911321698057044,7,2,0
8743,3,20.351768238191397,11.722697683243037,7,3,0
8670,4,82.34013590266093,26.392995897313792,8,1,0
4768,1,67.25784529472486,7.100564474377453,8,0,0
9972,3,16.85520752704763,0.0,9,4,1
7144,3,16.865449562601853,14.066703872237937,4,6,0
2913,4,12.20864539511223,14.56448818535312,5,0,0
9871,6,97.94651028827295,6.046053058369797,5,0,1
9893,6,67.93882979351113,4.789451227818728,10,4,1
2075,3,87.75943836531643,12.48240284526323,4,2,0
4302,6,43.38381976949285,16.465738304236048,5,2,0
5822,2,33.16879710686742,14.789643581932038,8,0,0
2149,1,26.40988682395341,12.112839261601234,7,1,0
144,6,27.583358277189046,11.90632204035252,5,3,0
4963,3,15.724980575139352,12.904117771558699,3,3,0
8159,7,76.89208926906366,4.381168365257294,6,1,0
9030,4,63.70313910605,8.878554224416767,3,1,0
4775,5,198.59780982651287,12.212719208055454,4,1,0
8933,2,36.08336932125617,12.455773826616834,5,2,0
7749,4,24.992196855374154,23.74144623067057,4,0,0
9828,5,77.89271563556741,2.412461203615049,9,1,1
9214,4,17.782218117041758,15.418025219961788,6,1,0
6060,3,12.195624183875575,13.251141017956392,3,3,0
9475,3,66.8477610724003,18.776882574854575,2,1,0
6409,1,27.945144270717602,0.0,5,1,0
3317,3,15.421715035059842,11.82359107499787,7,3,0
7464,4,48.03811256885191,16.911926753609468,9,0,0
3061,3,21.301583273438386,8.207418754877411,3,2,0
1355,3,33.08266096218572,18.399342314251918,7,1,0
4514,6,32.01442272831046,21.662205849709547,8,0,0
5505,3,51.93659657592805,19.15170110880758,2,1,0
5250,4,83.79955287684525,16.309847660402742,4,1,0
4511,5,96.87371795211094,11.536427561842281,4,2,0
1730,2,47.43747365089767,0.0,7,0,0
1758,5,123.55467154789832,15.184292047145378,7,1,0
6650,2,31.348866070706098,3.1452896183186745,4,2,0
6646,5,62.92477919900208,8.12586384261433,9,2,0
9860,7,60.7181232875727,16.255683099532455,10,6,1
4139,4,40.67652528482367,2.7251798997816845,7,0,0
9393,2,64.81017460878799,0.0,10,2,0
5123,2,236.00871018982645,11.429890910962229,5,3,0
0,5,33.456305921128966,10.991240754599502,4,1,0
1864,4,190.6575641984713,5.232318271874345,6,0,0
543,3,65.6538104484853,11.628860183921411,4,1,0
349,4,60.2485207110465,3.3444857638067145,6,4,0
6906,3,17.874391601546947,9.692032725916395,6,3,0
9765,5,70.0478769390549,8.546835955485827,11,5,1
2523,1,71.6789445835687,23.587194047515275,6,2,0
3464,2,19.454434001463,13.078314983929774,5,0,0
457,3,68.40713041562367,11.32461700638216,6,1,0
3023,5,26.84016485178798,13.940150759848368,4,1,0
7261,6,63.60116179222434,0.0,1,3,0
9515,4,55.82035795126772,0.8431124324539843,7,4,1
7872,4,23.54416282289542,17.660698830681213,5,0,0
6625,4,69.22194851665843,2.984751570402354,5,3,0
2534,2,21.481914684450796,8.97836072703237,5,2,0
131,4,54.957898195533154,12.836799191133359,5,2,0
3704,4,40.18533571513327,6.017603306394881,5,3,0
1372,3,53.207840004136266,11.413683183237172,4,2,0
6200,5,58.725006054341485,15.268619511520413,5,0,0
4856,2,26.374249777008075,1.9430086969720595,3,0,0
4712,5,84.99181206767449,16.66312159362341,5,1,0
5544,2,39.980917385317326,0.8825705343484831,6,0,0
1413,4,43.2773048021275,17.124960103222577,7,0,0
4113,2,21.629616063529653,11.227968469782818,7,0,0
655,3,49.83068864018196,30.0,7,2,0
8137,2,18.55580348771354,12.139348039006146,1,1,0
4098,1,32.40912862281972,16.5597004433794,4,2,0
592,2,163.53297039806213,10.163773141303533,9,2,0
8708,3,79.71150755195903,18.957049470905186,5,1,0
3123,3,39.90051672305082,16.368931665332784,5,1,0
3047,7,82.58034565469819,18.755609588441455,3,1,0
3887,3,40.547175363038036,11.430500580744072,5,2,0
5735,3,35.39863499356267,19.624606371693105,4,3,0
2184,7,26.251698315355906,6.394892829606211,3,1,0
2145,3,88.24179423050931,12.961682862479568,9,2,0
7047,2,45.144569383162775,6.94442790029213,5,2,0
3105,2,77.59232124787671,9.775702115688098,7,1,0
9233,5,56.50988916935614,15.571765472701154,4,6,0
9096,2,31.950706646754266,12.595192473090586,3,2,0
2769,2,37.81268976759663,23.7488789509494,1,4,0
5221,3,47.6261441324502,10.358661279410693,8,3,0
5833,4,12.515869435933274,26.495274495428824,6,0,0
1732,5,25.28959515996318,12.604081194010702,3,3,0
265,2,33.01428434092968,13.564124914835109,4,1,0
5144,4,33.32479539656061,8.725867667617003,7,0,0
8267,1,20.91419565029317,0.0,2,1,0
3937,3,64.240330461615,10.369884991802417,3,2,0
761,3,88.70752004984405,12.190836594896687,2,1,0
7220,4,33.26157203714407,1.5872145812659824,2,1,0
8439,5,21.50732548211707,26.217496620976767,4,3,0
3257,3,15.01733718643642,9.918546259046686,3,2,0
4338,4,32.22752321749894,1.3455675116124954,5,3,0
4362,6,22.78013481473481,7.499486632174763,5,2,0
316,3,77.01479502996875,5.49316424229554,2,5,0
8069,2,20.979803932021017,4.222127115998591,4,5,0
1851,4,12.762130937544898,11.640921027781935,8,2,0
2484,2,27.394814253617888,9.500199605858054,4,0,0
9873,4,46.83300662383412,6.276998558394195,10,4,1
9574,4,39.7526697447315,0.0,7,3,1
1078,1,47.411250957221554,21.337252905022726,6,2,0
8358,3,117.87866044365676,11.295726789631829,6,4,0
7333,5,19.803823671497035,11.139992918503284,7,1,0
1071,3,64.9773285298467,5.382707828729824,2,0,0
103,3,35.18193066909453,1.2428957590347842,4,1,0
5748,1,42.056645764110016,1.1783216686253049,5,2,0
1418,5,63.85420676187337,14.932507965015393,6,0,0
1658,6,49.633205360807956,17.951098803385225,3,0,0
5284,3,29.054698606275448,14.494659489683965,7,1,0
1149,2,68.98898808301202,25.587732824574765,6,1,0
7150,3,207.24694816346806,5.385698325674256,4,1,0
1568,3,31.659558334384705,8.483453840135034,4,1,0
1087,1,61.12410782904686,13.028282145912822,7,0,0
6085,3,72.49425467010349,28.947561167547086,5,2,0
8674,5,22.108575934256073,8.99164688577371,4,1,0
8341,3,53.0708077542322,7.697083077389676,6,0,0
7811,2,42.31098324643598,23.950736983384903,5,1,0
6084,3,65.76210580491306,16.007730134638223,8,2,0
8773,3,99.81760828771156,5.873818262936652,5,0,0
8757,2,90.68354018268631,17.186360290529137,4,2,0
1692,3,20.43630631401109,17.566792124539703,5,1,0
4734,5,90.8615191682099,7.505463159084342,4,1,0
3387,7,55.19655443848269,14.80268504230288,5,0,0
3646,2,57.00471948381564,16.338060421140284,2,2,0
1683,3,26.981447141577167,0.0,5,2,0
8,4,38.3345792028958,20.575131579175775,5,1,0
6062,5,195.59743466808698,11.325879236571494,2,1,0
6516,5,35.837616031806476,13.888601607809877,2,1,0
4123,1,25.385489382621053,6.980052685796704,7,1,0
8729,6,16.95680618483609,11.929289398057167,5,0,0
6045,3,43.58581329475075,16.09883624640998,3,0,0
567,1,18.296107084417937,5.829748722851611,4,4,0
9161,4,29.79675654184645,13.867378406560203,3,1,0
1803,3,115.37088770008005,22.625505705404166,4,2,0
8501,4,52.86343018026026,16.958987030050533,4,1,0
4900,4,52.34521970868027,7.663704749684727,7,3,0
1599,2,52.63264922956838,19.26483659632909,2,1,0
7931,3,24.765200208212764,16.32674304427699,7,0,0
9547,7,57.858339936583356,10.429096105379692,7,3,1
2823,3,59.97098578730581,11.270448094964785,5,3,0
5467,4,13.28346194293369,12.999145105671055,6,1,0
3529,7,63.146604174669555,4.076991124453505,8,2,0
8683,3,8.548865788264104,18.64861299774048,4,4,0
1155,2,94.67734943681475,9.429508956216324,3,4,0
6547,5,9.885862360106,18.614892186893364,6,2,0
9088,3,26.296385337410698,12.585813039191713,6,2,0
7620,3,26.21162511290191,3.408823399323463,5,0,0
8296,3,55.20352857612879,0.0,7,1,0
4540,5,62.05117282378885,13.925697187674684,2,2,0
9134,4,63.439419612040886,11.363422603844224,5,1,0
6482,3,102.6972217166364,18.54929454225671,6,3,0
5826,4,21.17757612900462,12.460526942196916,5,2,0
1190,1,123.70557548222708,18.569523398239102,6,0,0
7444,6,22.899992185362304,17.371087915947015,4,3,0
8520,4,40.61816035715121,6.395898995544849,4,0,0
960,2,31.006666678752612,12.989918889829168,4,2,0
7454,3,88.66581603324649,4.125324527904345,2,1,0
36,1,31.928126842850954,9.619801381880599,6,3,0
7516,2,22.17480468687106,20.78944067922933,8,5,0
7644,4,47.29820330954417,11.733468587981822,8,1,0
4438,2,138.85505184043467,10.316724071938042,6,1,0
6161,3,24.32339261776734,4.623024756376108,5,2,0
7744,4,50.433332851219895,15.962096096292223,3,1,0
9587,3,36.968362708009174,12.55066140498234,5,3,1
8119,4,83.61916635243465,18.33319944970006,6,0,0
6967,4,27.939407558435196,11.14946169981981,5,2,0
5718,6,26.88622970404459,5.995865654672719,6,2,0
577,3,24.658906772450077,5.702841320283501,6,2,0
9833,5,51.39027610143345,0.0,6,2,1
4102,2,17.212284813105367,1.856330721051723,3,4,0
7646,4,29.53694049265718,25.750094681301476,5,2,0
4151,2,21.848139478339853,7.402178039913557,4,2,0
3130,5,155.34438013731818,16.211748909273187,3,1,0
4890,3,222.44028571246534,12.184968567191865,4,1,0
9975,6,534.4963293356316,3.3343927717238455,11,2,1
7471,2,35.61831487790841,6.011787488583487,5,1,0
1833,2,50.67213445969332,0.0,5,0,0
9148,2,136.7071592449663,11.141031837383185,5,2,0
4891,5,65.78584592694317,10.734351746793857,6,2,0
2287,6,90.51564867861359,12.064842201647107,4,1,0
1330,4,16.123741141880608,13.516983018129743,2,0,0
2771,4,75.4012432523107,11.021341429070903,4,3,0
3686,2,104.26142460544119,18.293817946468074,5,1,0
8283,3,63.98016950507429,14.760803072399725,3,1,0
5928,6,19.599967734623974,8.228477880317392,7,2,0
637,2,26.93247148337633,9.041498854600217,3,0,0
47,5,93.31795388689788,14.65669728555069,2,1,0
2602,8,12.790460249678658,8.081759381847386,4,0,0
1965,5,34.687157708498596,11.769326783136293,6,3,0
2168,6,21.941439752715453,8.18875341649086,4,4,0
5049,3,19.56499633517712,16.105815740682424,7,2,0
3334,5,29.26001999750224,24.405479225456197,7,3,0
3019,4,16.886095862618618,8.569194887494314,5,2,0
8764,2,151.1550252827868,9.351246225972133,3,1,0
9176,8,42.5682108082486,14.14724589817902,6,2,0
1360,2,128.24755522334684,16.40952632778252,5,2,0
5798,2,37.24803775112782,18.11169503016663,2,4,0
9400,3,64.35705371900437,7.9028503083351325,4,0,0
3251,3,161.91242086724293,5.1179519034376195,6,1,0
6300,3,20.755121416155575,7.826637658786565,5,1,0
2251,3,44.02915550901998,10.056800883910592,5,1,0
6027,2,24.545466179534472,23.034559805050613,3,0,0
1175,2,19.20146729205614,4.020207687463346,4,3,0
8799,7,24.897333862910198,0.0,5,2,0
3279,1,193.92438436901736,5.208862665737096,10,1,0
2973,3,100.64187402760187,12.781115343696131,3,4,0
3396,3,25.054519413696426,12.84820740880696,2,1,0
6939,2,48.184195972838225,14.077199361190903,5,3,0
965,3,67.17829063309031,6.654284822180923,3,2,0
8574,5,39.36380018296672,18.075176612752966,4,1,0
742,3,159.49345935821145,20.312657150430912,3,0,0
7514,6,11.267354574330154,6.996185881738923,6,3,0
3314,2,185.92102905811132,14.948199957073431,5,1,0
4898,5,37.40687139509056,6.292909035167957,6,2,0
9340,2,42.884752159654774,1.0796672353306125,5,3,0
4672,6,25.270269750929057,20.011968666231922,6,0,0
8618,1,100.84983447903818,12.376657064620668,8,0,0
1217,3,33.06362667295336,4.264853728234977,3,2,0
4397,4,12.154369652379357,14.137981781460121,4,1,0
6080,5,79.28998165110865,15.488777589102362,4,1,0
2614,2,36.928099031952335,20.87946245560064,8,0,0
2620,6,100.19319624786861,8.069612658368206,5,2,0
8714,1,110.30087817667427,15.78756443620848,8,1,0
7282,3,23.00821434407432,22.67501113214322,4,1,0
3379,3,115.0626241077744,4.124488219138362,5,1,0
7301,1,74.11377556849136,15.649158528849187,4,2,0
9857,3,134.75975914750936,15.369087803992743,10,6,1
5605,2,71.73935954303417,7.572227889862427,3,4,0
9813,7,38.6142203717055,10.322302399135687,7,1,1
5786,4,61.43048213320375,14.586017566373549,5,2,0
8518,4,32.02821540972099,2.5296992183557343,8,2,0
6850,3,81.3332953035963,3.934870283278638,9,0,0
1516,2,11.002626362989504,14.142474118657297,6,1,0
5098,5,127.60835189929331,10.7899603694589,7,3,0
7636,4,39.269898130909255,2.9120889402227146,7,3,0
9085,2,21.30423770176697,9.145851208013596,6,2,0
8023,3,32.514509167761354,14.332882856711663,7,0,0
2392,4,27.881125493575055,20.959967267153345,5,1,0
586,2,133.21182048613537,7.738258714331178,6,3,0
3519,2,57.258824221413846,8.939178136895308,7,1,0
7653,5,20.442599831282728,28.518477156709796,2,0,0
8946,1,40.30236984825722,15.188089731886906,6,1,0
850,3,70.52930132110613,7.675904609384954,3,1,0
335,5,42.41221137565233,1.362450361325724,7,1,0
6634,2,29.3181722411746,14.314918279839407,5,3,0
8972,5,21.831680390216626,18.615873371949576,7,1,0
7493,2,49.38630375522153,22.260292021535456,4,4,0
2868,1,20.40815600788861,30.0,4,1,0
4872,4,87.31814158192577,19.981101341094558,7,2,0
3550,5,86.2879793425557,14.631003692597373,6,3,0
3842,1,45.41809889073209,7.6985904150510684,10,0,0
7262,3,41.83710217624002,16.200588578223787,4,0,0
5824,4,31.700060774781708,14.937743170005323,4,0,0
23,1,27.680611222560326,8.742207946633973,2,1,0
1453,4,42.639806937427146,22.57277871082284,6,2,0
1684,5,19.319537665511938,19.431435803647584,3,0,0
2310,4,27.36512998414959,4.631899483763154,4,3,0
9063,4,26.793056587603754,11.30287198513303,10,2,0
9406,9,25.574596255352983,4.222391446354431,2,1,0
381,7,31.16105148344696,11.747028287540092,6,1,0
5814,3,23.6518067245547,15.921454741596747,2,1,0
5550,4,42.32356659369678,2.3876703043452796,3,0,0
9308,1,50.40251738912728,13.188852507555325,3,0,0
1618,3,95.825916632234,20.798731461177066,7,2,0
789,1,41.70875351008326,7.693548681167491,2,2,0
5983,3,111.12497846788484,5.836904619707199,5,3,0
8672,3,26.740149443114237,0.0,4,2,0
4475,3,30.126821420737915,10.777783259037612,9,2,0
5606,2,49.583123441835276,28.24179289799764,6,2,0
9312,3,65.75835625000127,18.0354136371361,2,2,0
5648,5,62.54332696540286,15.018363960678727,4,2,0
6216,4,21.72276556565697,15.457054823424407,5,2,0
2286,2,71.91522157746618,18.79032375960627,3,2,0
9993,3,506.9130380057028,3.695178832001397,7,2,1
7578,7,96.50349301883433,11.969792867628557,3,2,0
1183,7,62.4180043069413,18.565056327221725,5,1,0
6001,6,28.05293439894996,16.654067718730328,4,1,0
5090,5,31.84926528973793,5.543229579369362,3,2,0
2516,2,44.62406679656609,14.499168199250702,4,1,0
4122,3,153.39839920102125,14.557949253418778,7,0,0
5521,1,42.841053292987574,2.6883059480819167,3,1,0
5627,1,155.13250754367493,6.311065327377612,6,0,0
8360,2,55.69678968712799,8.508246301640805,3,3,0
5872,3,111.34983872169225,10.578326308561584,5,1,0
8612,1,85.8555016463408,2.3441612173484305,9,1,0
7727,2,26.35902694098643,17.525768388616413,5,2,0
5968,5,44.35970244863392,11.656908253125756,4,4,0
1180,3,88.86558474308386,10.144648647847708,4,1,0
8762,2,19.468814452457575,6.384960623212537,6,0,0
8235,2,52.09941100235098,12.83336157837549,2,0,0
2818,4,113.90077659734705,24.14075385793457,7,5,0
9964,5,149.6071998192437,16.58967869960522,6,2,1
8703,4,79.96140327319046,6.9998775078062465,9,0,0
6608,4,18.869045996794302,3.164544484987305,7,3,0
2820,6,58.00782427282928,5.20822355281175,2,4,0
7535,5,26.631144836721006,6.23893342330883,5,2,0
2260,3,32.61729211835412,21.694658661135534,8,4,0
2239,3,45.68408086227387,18.508960805899097,3,0,0
6021,2,73.40107298757592,5.353013056482017,4,1,0
782,6,108.78690666553476,10.452686061677937,3,1,0
932,3,24.3870224285704,13.349685260280273,7,6,0
6202,4,17.95280463053548,0.0,5,2,0
2412,2,17.98060583926199,11.252585776079638,5,1,0
6997,3,79.01985501114777,0.9437651050023668,4,2,0
9115,4,15.357337298397686,12.917042100479682,7,1,0
1156,3,51.98736918139071,11.763109988436407,6,2,0
8107,5,73.27536864586187,3.819072447879492,8,3,0
5805,2,7.9903339828440965,19.03339712437765,2,1,0
4879,1,96.60745859857282,5.539847342847073,3,0,0
3309,1,60.34232774145534,18.861695915231756,5,3,0
8961,6,15.649797171096186,12.88139675640104,3,1,0
1702,2,20.914598494543977,11.281472580014897,5,2,0
2492,3,48.2762301072597,4.589692676862557,5,2,0
3706,1,61.32882200018368,11.344568301767252,7,4,0
8276,1,79.400199225862,19.618010095526657,4,0,0
286,4,153.55405788082516,12.181440260657826,3,1,0
1608,6,36.70208244610171,0.0,10,2,0
6631,4,47.797407851662435,8.324054519850455,5,2,0
8278,2,83.91024818740118,11.570966278207013,4,2,0
7315,3,14.613924083199798,7.877824953070058,4,2,0
2252,3,47.07060053214569,11.887891224115519,6,1,0
7415,2,32.76553261910758,0.0,4,4,0
8365,3,35.79777199615158,18.146021508707477,8,1,0
1891,1,104.01856099122004,1.9551263156939775,2,1,0
5062,2,90.37663546228582,2.853637295217034,3,1,0
6120,6,46.131047735769066,23.059798138093264,6,1,0
563,3,34.32082857466254,13.32199173044487,7,0,0
291,5,71.68275168378084,6.868324581675715,5,2,0
4716,2,24.928355319232693,22.380451088293192,3,2,0
7708,5,122.58055325205258,11.318422626247608,5,0,0
6349,1,41.6960120555135,8.432432312343906,2,0,0
169,2,28.83721489424315,0.0,2,1,0
267,2,41.70039884899099,14.147011833332499,3,3,0
4638,6,28.979214915161396,11.017517446213041,6,0,0
7077,3,46.53060112501622,15.613099443486878,9,2,0
3355,4,18.27459194146342,5.2951325213401645,3,1,0
8279,5,18.96061723404986,17.52107105491451,5,2,0
315,3,105.12989771263292,16.730361849748025,4,0,0
6728,3,30.287697959136636,7.731642778891567,5,1,0
9495,4,28.387462713377694,19.097556719700577,9,1,0
4067,2,46.97096710572718,17.05588599565035,5,1,0
245,4,82.28353740099351,6.143118721243702,5,3,0
252,6,91.97651416407544,12.778899829401416,10,0,0
1111,2,22.437391238816225,14.561225725828287,8,1,0
4801,2,22.66330785605549,1.5692403182505892,3,2,0
1713,5,161.73293077078057,3.751770385183784,5,1,0
50,4,30.835388294134766,12.844477067254854,5,4,0
1835,5,19.383712227432166,19.516940072599862,4,3,0
7896,2,18.951889274245914,6.035654185611227,4,1,0
3383,4,69.3749568508534,12.586992124693747,4,2,0
6410,2,57.05224989737969,12.979578234350912,3,1,0
4313,3,33.83811800221504,17.4967672522668,5,1,0
872,1,41.621044605894525,8.981732553387527,7,0,0
1254,2,30.428999058346562,15.162328493164072,6,1,0
8881,3,17.876580853665324,27.549744397087842,7,2,0
5851,2,66.18670664876336,22.273097098952956,5,2,0
5702,4,83.45034422067313,17.749336125902627,2,1,0
8103,1,26.972546789830933,7.946253198923646,5,3,0
2098,2,55.036992972995954,15.155054265908557,6,1,0
5128,2,132.89192294492,16.478643739565964,4,4,0
248,6,64.14109864965361,8.195156738468372,5,2,0
6561,2,21.118182079241205,26.186749160227272,3,0,0
1339,3,39.38586505785238,12.242150466846951,3,0,0
7017,5,42.64671161024767,21.109797794137464,7,1,0
2110,4,15.503494494421156,11.584732638343914,6,2,0
1569,3,55.29937010740075,13.384681207395854,4,0,0
1726,4,130.21656694274392,21.668877866840333,9,2,0
8384,4,27.205373032321987,8.281662761940284,3,4,0
6940,5,66.59746824264373,7.090884872547361,6,0,0
4395,3,20.960601381254662,23.76468382694206,7,1,0
2420,6,27.25169405326516,7.829632884062664,4,1,0
3045,3,35.99626308002634,7.8580989841775875,6,2,0
5503,3,16.877369499597272,13.401276104970538,9,4,0
3703,2,37.27449785078459,14.358159561720521,6,0,0
8191,2,58.42915059470989,20.466393708400012,3,3,0
5331,8,13.005910455979862,17.709969666047385,4,2,0
9808,8,25.40089322069222,4.433432860189969,7,6,1
447,3,19.957196250102985,10.517679273428113,6,3,0
7894,1,47.74738591472663,7.413879942800994,2,3,0
8728,4,50.55255375285369,21.309795714002878,3,1,0
7828,3,31.03197741539328,5.1643067550013875,2,3,0
1768,3,48.56005397314912,7.622325489523543,9,2,0
6808,2,27.20206092459574,11.141113540525252,7,1,0
4704,4,46.31249144266389,11.87165832935999,4,0,0
3869,3,17.576355303536808,12.388416907084217,5,0,0
1655,3,31.65978385650757,14.248130727997324,7,2,0
3187,7,122.61150330233765,17.427520039863992,5,1,0
683,3,29.04186863055172,0.0,5,1,0
4170,5,40.44770027659771,10.605670921057595,5,2,0
4477,1,56.081787455940585,18.335577031273743,5,0,0
461,2,41.11224454356394,12.43722087083007,4,1,0
5764,7,45.91054915915888,12.172833849866846,7,1,0
7522,3,37.97840713230484,23.24986391400294,7,2,0
4502,3,104.35050421969413,6.595982577422072,4,0,0
9709,4,469.59602558593974,0.0,12,4,1
318,3,38.00401806078446,15.949793095764884,4,0,0
1145,6,144.63152484554803,6.845098661803418,9,1,0
5094,4,76.92543351673659,12.295231947934901,3,2,0
1393,5,105.63195837976059,15.239987964445286,2,1,0
6623,4,46.3541966991638,7.981903786725232,5,1,0
1501,1,17.21236279494408,13.538160036363578,5,0,0
6408,2,36.09021061574445,5.323415297196946,4,4,0
376,1,46.114151108854614,9.467415564104929,8,0,0
410,1,52.850369592543885,25.812334335576132,9,0,0
1660,4,52.746558777000814,10.159314017125817,2,1,0
3151,2,70.12429350237745,26.581233163233595,5,1,0
1623,5,62.17949982017695,10.900839627116099,4,2,0
5609,2,26.73319743123596,0.8046607449376282,7,3,0
8532,1,36.77990464936416,15.44034012233844,8,0,0
5802,2,30.8913681918411,5.348225442216128,7,2,0
5306,3,19.65753834853533,16.564949366991954,10,2,0
7086,3,10.697350985024896,5.043945870845674,5,0,0
8897,1,59.9964398279376,27.027134924637952,2,1,0
7488,2,24.734837344177077,8.728773928832712,6,3,0
9615,9,96.47456161366942,0.0,4,2,1
9217,2,93.06510558939188,3.2759112245052506,2,2,0
1672,1,144.22069426017399,17.57012115462759,4,0,0
2358,2,45.072993252024155,21.44480977525024,4,1,0
8467,4,59.665074321758354,14.589997418268625,3,2,0
274,2,53.620959164170515,15.341157002600902,5,0,0
2473,3,26.190209040580733,22.36050763633897,7,2,0
5489,2,33.80498539888992,1.1439364517809754,8,1,0
4771,2,70.78608863009319,15.847994041606754,7,1,0
2107,4,20.220662444214415,19.04660819006498,5,3,0
7500,5,17.496984836050792,19.372132955502614,4,2,0
4414,4,30.550814107462564,7.063221851268088,7,0,0
8138,3,15.567905897038651,13.492587872371594,4,0,0
8660,3,34.1751456030383,0.0,5,3,0
8239,8,39.57504621280118,12.564711688809991,8,1,0
2417,5,54.48085918104637,16.503105549816258,2,1,0
8771,1,48.04073016759579,0.0,6,4,0
2236,3,74.03340195138145,12.208078099447889,8,2,0
3767,3,25.8071889122728,22.551200814705794,9,0,0
9791,2,117.17816047391021,8.460357795713652,8,2,1
9989,6,96.35306118575299,8.002323660543707,5,2,1
9965,7,99.97141007773702,5.884639372654549,6,3,1
7323,3,19.628192127573406,15.835244700854414,10,1,0
1383,1,55.38412122602048,15.598910616559113,9,0,0
3101,4,19.13768311011828,7.449349688930942,7,1,0
3921,8,30.809405020879137,11.462943877318102,3,0,0
6685,4,41.68500313849392,9.958805015053354,6,3,0
3194,3,14.995878192361035,11.188340421770416,5,2,0
1941,3,101.21783605743539,11.952084420608966,6,2,0
7713,4,121.80002534295032,16.143343567794428,4,3,0
4896,3,30.896668957390474,11.333357958387907,8,1,0
4782,5,58.06429739772667,10.09191092884838,5,2,0
1496,5,34.96594535693779,22.14473300730374,5,2,0
1957,5,39.04567538239872,23.78819729667273,3,0,0
9171,4,8.17194978787795,11.69135797821098,4,0,0
9745,7,151.1523833442516,9.87350896403552,6,3,1
7332,3,21.91280850668762,16.612356947304008,4,2,0
7949,7,35.176064542967715,11.748069064626893,8,0,0
3017,4,55.998335781636975,6.992289185545517,5,1,0
6746,4,28.47259424792149,13.186317714233356,7,0,0
513,4,125.3594843123088,9.74180862901541,4,0,0
3934,6,64.67780282337635,27.004103737639536,10,1,0
3025,5,58.09696656385473,24.785716684723695,3,0,0
1199,5,36.558220330289885,11.763131382151563,5,1,0
5028,3,46.044312050825745,8.979393941198595,7,1,0
9784,5,25.93477774300832,4.267345441244942,11,5,1
921,2,169.77738482212058,18.092343437979615,4,3,0
4649,5,110.93344310117776,18.423793577387062,7,1,0
5332,3,82.58902370425898,8.060062420261211,4,0,0
1076,4,45.62353739042439,19.726395338754283,6,2,0
6768,6,13.390989099591994,9.678250155805275,4,0,0
9410,3,23.550479437947,17.681874701184604,6,0,0
1671,2,30.452773727368445,10.002547239524182,6,5,0
474,5,55.5797729032684,17.774390740720694,4,0,0
9186,4,26.942404138708802,7.541528221708404,4,5,0
8839,3,64.5071512748435,12.16217413916096,3,1,0
5758,2,47.64179172039062,10.238147484707502,7,1,0
6297,3,47.16119729765154,14.994838002272115,6,3,0
2478,4,75.03408483786356,29.19866764638188,5,2,0
5493,4,48.948647999024594,12.90704517510579,8,1,0
3914,3,12.562904678437045,16.497161111563415,7,1,0
2138,3,59.24136908468317,7.18784302717695,2,1,0
5454,5,85.60728780257725,14.819567584092031,4,2,0
5379,1,42.202676445736806,18.20625864633639,4,2,0
8985,2,50.0118345166894,17.567818519657273,3,1,0
4023,3,59.74573167642612,26.359069043232555,7,0,0
3485,1,34.02056574099993,7.859126709104664,4,3,0
2455,3,99.19130917289375,22.245333442953374,2,2,0
2464,1,133.29879649984144,23.561225793518194,4,5,0
8696,6,24.2260805632263,11.923879194783119,8,1,0
1369,3,43.541175664536574,25.12935180191821,3,2,0
6688,6,141.36586277553604,21.586543186296385,5,0,0
7456,4,106.53459780286315,12.48287667159405,5,3,0
9974,6,123.0682953242377,6.948361811646959,8,2,1
1901,2,62.18130400966935,24.259743523537217,2,0,0
4871,1,27.254205323231165,14.989461193169964,6,0,0
4710,2,85.72462758984678,14.234429500633327,4,1,0
7886,5,20.57855436944131,8.228651340179946,9,3,0
1793,1,14.570036799002773,17.649963980665365,5,1,0
2874,4,29.88812054486876,17.75878695063723,10,2,0
6217,6,29.202124013049016,10.45200606857738,3,3,0
5213,3,38.314178030330105,0.24651953535435034,3,3,0
2245,4,15.36520702432127,20.82546004021641,3,1,0
1741,3,37.79373676614172,12.388325804485058,4,0,0
1020,5,58.61971027682337,17.730088808450613,2,1,0
705,5,105.12411293958671,16.39078835232307,3,1,0
4294,1,49.00554099439714,5.567047944694612,6,1,0
5576,4,25.915704632440377,4.6414809719770265,9,3,0
7166,3,26.83527968636984,12.24115648171751,8,3,0
8177,3,33.906524415497714,5.744092488072001,8,1,0
908,4,23.151832150103477,2.0315827196802125,7,1,0
5193,2,46.31675987051914,12.789878252670361,2,3,0
3077,5,41.63348485401282,17.566556371876644,7,0,0
9366,4,60.021142750760966,12.264670998183865,3,1,0
594,7,50.991845042718346,22.833603256824567,4,1,0
5304,3,57.91874530988624,1.2597441539034726,11,1,0
440,3,95.38087027584048,14.002521278904863,7,1,0
7606,4,79.41657839362001,12.474053693233948,4,4,0
4092,5,49.46608300096982,12.369841143681537,10,3,0
6134,5,26.56357993803595,20.66740050819803,6,1,0
10,3,75.44069668085743,14.84341487203806,3,1,0
3776,2,49.43445405769952,11.033386205810482,4,3,0
8999,2,21.288344074066703,11.057161218500866,5,2,0
3708,4,17.871420593213273,6.3481193736037795,7,2,0
3780,1,62.242686520548176,24.232165650227458,2,2,0
93,3,16.08971946132731,7.016582496945005,8,2,0
9239,2,34.76875684420745,20.081718391556254,4,3,0
3949,2,54.00431663228361,16.81373357649658,2,2,0
5785,1,35.47362744446621,4.7757520770161666,9,1,0
4870,4,40.76571826809192,10.712801023308774,7,0,0
4802,4,48.58721852861756,17.380504437498818,5,0,0
4867,1,134.43449622171062,5.410724009746373,7,1,0
292,3,27.059167203415377,26.975757071873282,4,2,0
7888,2,65.70388354915235,10.189441785622844,5,0,0
7405,7,26.942385503900084,8.8917923245737,5,1,0
5595,2,24.867978600664227,11.20797399481774,4,2,0
2886,1,27.99567818977865,10.42770675303029,7,0,0
6454,3,51.35513791290763,5.716486861820183,3,0,0
2542,4,20.150116502568167,25.79935314211672,5,3,0
1765,3,69.37155904705342,14.308244789320067,10,2,0
6800,3,40.38795709200579,8.317300309878664,5,2,0
1877,4,51.824591419525454,14.532491788118094,8,4,0
1981,3,28.642164918534554,13.931566904498922,1,3,0
9729,6,182.63888658701086,7.78538926853925,7,4,1
9608,9,50.25172782636713,17.60290713812319,6,0,1
2685,2,67.24722701839643,7.031161929913161,3,1,0
8930,5,32.47918374021982,14.621288699053359,2,0,0
3458,3,84.03406393157319,12.593848678157485,6,4,0
4541,5,27.50920145924427,11.346339528512294,6,1,0
2178,1,139.78321944908697,18.033577578879214,2,0,0
4450,4,16.02075380805989,5.4052107484762555,4,0,0
3859,3,48.7692761581534,0.0,3,0,0
7623,4,65.9086614287335,14.919639904010577,6,4,0
7654,4,17.763247736199993,6.824984673006126,5,2,0
4519,5,56.7187598790707,19.255793529158442,5,3,0
2517,3,23.464856354213286,13.240406484071082,8,1,0
4836,2,8.34743127994543,6.186736587734346,9,1,0
2885,2,36.25226838130319,20.340854028905383,5,0,0
7281,2,17.558264955130596,15.872471383606202,3,3,0
6255,4,88.66138025772614,6.759820444680916,5,3,0
4539,4,27.6334139615057,18.745128431106302,5,3,0
5639,3,102.12198189238013,18.72387540724638,7,0,0
9459,2,63.52131898208031,15.865922521818689,3,3,0
3481,2,172.07345784559809,9.385156419933235,6,2,0
1277,2,49.5737677187403,2.210718997010769,5,1,0
3146,9,16.35366720105589,12.963231996118084,11,0,0
8262,3,40.36659017983441,15.930887073142957,6,0,0
3205,1,70.55784445712261,8.443232133292794,5,1,0
9892,4,68.6029564267111,10.952045172048894,5,4,1
2742,2,50.60464530374787,22.417779457159863,8,3,0
6076,3,57.513293329134385,14.182329906698467,6,1,0
4047,5,27.047486743596885,11.585318585058399,6,2,0
5731,3,35.245863365638506,0.0,3,1,0
2945,1,87.04779901945946,14.874573143584776,3,2,0
5790,8,40.69044338508504,9.956505550856981,5,1,0
6794,3,43.660926730064396,8.171862667087847,6,2,0
6543,3,96.22957132290296,12.886895226267413,8,4,0
700,5,24.742312137229835,10.253002070846497,3,3,0
3574,4,48.16254494533428,14.56404136760617,8,3,0
7699,7,72.3103501991045,21.651541994751923,4,2,0
2515,2,52.249321334428544,23.422180237833146,7,1,0
3000,2,34.438858110459705,4.674050622484223,4,2,0
5820,3,57.546649463003874,15.278783092615384,5,1,0
8581,5,25.146609097874133,20.034072818165214,7,4,0
3684,5,65.55271912234484,14.693681827058837,4,2,0
2995,2,23.06625308534038,14.005874417228133,4,1,0
4252,2,22.679612523813006,14.492541824019678,4,3,0
3411,2,57.197768910201226,0.8590569293230974,3,2,0
7962,4,52.33099371539469,9.335192661019839,6,1,0
6309,4,18.43835021048877,8.663192231189871,8,0,0
8611,2,139.89348383682292,14.130129601175197,3,3,0
5012,6,58.04753453812277,14.566446363147096,7,1,0
7750,2,35.173415675013885,11.662027895416212,9,4,0
5979,2,37.27846868482043,3.8059084113451327,5,2,0
4048,1,50.521362612630725,12.425597566923079,4,1,0
4899,5,27.420129671606347,1.3633190102693131,3,3,0
1318,4,34.23846977801677,18.668453829994313,6,1,0
9772,6,20.253943464433483,0.7498149796314086,10,4,1
9137,4,29.525226224197443,13.948790093432816,9,2,0
7142,3,66.09339546116826,15.460089657586675,1,1,0
1897,2,13.73301075246687,16.200686170725827,6,0,0
7465,3,97.40927080529937,10.736016734990802,7,6,0
603,1,121.21730984340944,24.77498690219121,3,1,0
2846,2,53.39495551579542,22.05278875178512,5,3,0
8207,2,35.150219295711814,4.006211133174634,4,0,0
393,5,40.912799307097636,7.1059505128889615,5,0,0
4436,4,59.829925438030344,20.052578910681508,5,1,0
9447,3,14.479422781602606,30.0,5,3,0
7234,3,60.411190261289505,6.907217439622595,5,3,0
5398,5,28.755907069756308,4.667449623762665,5,0,0
95,3,34.83267368953901,3.567667326169735,6,4,0
1662,1,71.85157181579966,16.363715654604405,6,1,0
8970,1,76.90325447843172,8.53659677079267,7,2,0
5130,5,11.925563911179882,14.621756572717388,6,2,0
1488,4,31.767784156393194,13.15841380843263,3,1,0
8316,1,19.78006594301016,26.140927519273305,2,0,0
2707,2,14.451855357433283,5.905818033425831,3,1,0
1595,2,32.84993280113326,14.335417702856923,4,1,0
9277,1,43.94034555192694,26.618860736668925,4,2,0
2377,5,46.09468740829646,4.77277011180624,6,2,0
5140,5,34.32297122433501,25.241365649530337,9,2,0
6147,7,32.3287250728238,4.73028846690505,6,0,0
8241,3,84.72906308416685,12.694641435314534,6,2,0
3948,3,265.8793649884502,8.134244610488985,10,1,0
3933,2,62.73214109437051,18.89576609559771,8,0,0
4797,3,23.365538182929292,8.935125798266535,1,3,0
4372,7,9.984848510872967,9.196363845792996,4,1,0
9862,3,63.532634454190244,4.024419528041554,7,3,1
8242,2,25.087512525328762,12.306516619719568,10,0,0
3448,2,32.405615771373974,12.180118803383648,4,0,0
2943,5,32.92721141316229,9.266566903567066,5,0,0
2465,4,16.234897284440663,8.931014048135596,4,2,0
8582,1,22.12572458680904,4.395535158092285,3,2,0
5506,6,120.60286176096093,3.355664237284296,2,2,0
2698,1,32.05448352141468,13.60318459778989,6,1,0
2447,1,8.678226898466455,8.571595964975662,5,2,0
19,3,84.40909190599994,7.842870774838585,7,1,0
2748,3,65.5451714981606,10.481107512323685,6,2,0
5399,4,60.008816330832985,9.082094807139597,4,2,0
8078,1,41.803192441878764,0.4612280795003141,5,3,0
6871,4,12.44001319842182,11.28482199646208,3,1,0
4708,4,69.34454505090802,23.199141862009938,8,3,0
9476,4,211.59892187730864,10.810813540995884,6,0,0
809,4,19.015911723356087,18.22841292277741,5,2,0
7477,3,40.66837910873486,16.84341575008899,8,1,0
2273,1,52.29292889906941,18.618997588640205,1,2,0
1923,4,84.31771804269603,6.933399693954964,5,1,0
1470,4,40.722664392948104,15.224237424659613,11,1,0
7934,3,26.549184260719645,20.856620032554773,9,1,0
7407,3,22.116446662776927,6.086477650653066,7,3,0
2406,1,30.97277667933522,23.919632944923357,5,2,0
1142,2,34.83718142679137,3.097616385464848,4,3,0
1747,3,24.690219929942156,5.154242228446251,6,0,0
5709,4,17.52411730763092,17.214870139067045,2,2,0
4975,3,54.983228602990465,8.818063330059386,5,1,0
7300,1,63.87368405516954,13.96859041474984,6,2,0
8148,3,58.46806428151312,12.888656778366926,8,2,0
2833,4,22.09452210484129,4.950286676733102,6,1,0
3131,2,13.327716329249004,2.3821120624030936,6,3,0
1310,1,43.220868583971004,6.233261995471297,4,1,0
8650,1,9.103691542944766,18.67442380772592,4,3,0
6774,6,30.075390699301998,10.75955125406863,4,0,0
6756,4,151.6998090693312,14.720315426828947,5,2,0
620,3,107.01752670260295,8.464534230146821,4,2,0
2701,5,18.122822139687525,11.401111420325062,5,1,0
2199,4,45.15816030718594,19.806170454265377,3,2,0
6196,3,20.07741057140855,5.9679520293848904,5,3,0
8824,6,64.82450835975831,9.435808771718104,2,3,0
1046,2,53.222757925065835,14.929967476458739,7,2,0
5768,1,42.649642971016334,12.555655600289645,7,3,0
9947,6,96.15835435625198,17.58914743701176,8,3,1
9019,4,24.57568373643206,10.925710693278049,5,0,0
743,6,35.924139118834006,9.305447163023592,5,0,0
222,2,27.75874415478005,18.25406183666375,3,2,0
3149,5,58.077705178204134,1.3863312333699405,6,3,0
625,3,128.36964496649836,3.835625240910799,8,4,0
9334,5,47.308137281720015,3.6421199595241447,7,1,0
7566,1,13.485500192437017,10.082432896139688,6,2,0
4582,5,26.342243749333193,12.803017572795678,4,0,0
5711,2,22.57799916350974,12.218014445984856,6,2,0
3284,3,36.9505188886297,26.352347218974884,3,0,0
7585,1,48.254447753005316,0.6966306528911197,5,2,0
9646,6,34.615167502244,1.3044916741301895,7,3,1
1530,2,16.840858625563392,9.392851361110317,5,2,0
9685,4,98.39939463954532,4.567954853901682,5,4,1
353,3,32.48557667165749,18.459985089243528,2,0,0
2474,4,39.126181196438466,15.456911722665264,6,2,0
8013,2,37.2653706234297,0.0,3,2,0
6475,2,31.391592653508635,7.103525626795117,3,1,0
6449,2,22.258437611691164,10.3311369135173,4,0,0
239,1,20.61630935045052,8.951182149087487,9,0,0
2625,3,19.47464389381627,8.400315487342102,8,4,0
9786,7,91.12923444923393,4.604773508002117,9,5,1
7198,6,30.15369541788593,6.1591002381353155,6,4,0
7692,5,59.44363674670253,0.0,5,2,0
2997,4,63.035877608347185,8.248156440487126,6,3,0
6440,1,39.87667718885308,13.36039191721688,12,1,0
4562,3,76.28102467883745,5.491728630779429,8,1,0
8614,2,10.374515997527986,13.466175319233535,6,2,0
1479,4,30.553413279238555,14.048421874162466,7,2,0
1018,5,31.274311035837307,15.216557027551112,3,0,0
3094,5,61.99415160183047,13.66008476672846,9,0,0
6182,2,16.831165503254766,16.65405585819322,7,0,0
4960,8,32.65464185828435,4.611626284142234,7,3,0
8492,3,70.93561735659044,9.71693797536679,6,2,0
1103,4,88.1680739740443,5.739704444284694,2,3,0
6081,2,74.06073253370087,12.185817428968477,5,2,0
9525,6,72.38209441558661,0.0,8,2,1
5190,2,33.64698022560736,1.3847421504808786,3,0,0
4181,2,24.82923965396332,9.254086275820523,4,1,0
4467,8,70.31184522207634,20.2595593850711,4,4,0
1626,3,65.36972544537414,19.341561351820708,4,0,0
6717,1,37.005160828535246,7.0139291448731536,4,2,0
3798,4,60.70900175606532,0.0,3,0,0
3053,3,92.28653579499392,0.0,2,4,0
2867,3,17.311431763117838,9.934173966016584,5,0,0
1432,4,16.837091866088784,0.0,8,3,0
7983,5,49.82400438370244,9.621370716934301,4,0,0
9346,3,48.2519232233814,18.02378584329818,5,2,0
9419,3,27.83617380983168,11.230008991817732,9,3,0
4076,7,36.13240260322358,5.196756176818212,3,1,0
217,2,48.10930885654383,4.314091030057886,5,2,0
3555,2,52.4270171406676,14.752164145435092,3,1,0
7936,4,33.543839761971256,14.801330143073368,2,2,0
8421,5,32.00835984635047,11.124002811994789,5,1,0
1034,3,26.135642814324093,12.516807529823302,5,2,0
3773,3,34.028130311998325,14.269672540148003,10,0,0
4132,2,46.13334132198709,5.687757318119996,7,4,0
2335,2,30.92926427420028,5.878042244967721,5,1,0
6492,2,35.76122764484366,3.253357513227483,5,0,0
1482,4,58.94787589138633,3.973836987540844,5,0,0
906,2,33.05336454928258,7.210962562839841,5,1,0
6088,4,114.32878310254887,26.587808639501375,6,1,0
6466,3,22.872022358236844,3.190427008175524,5,2,0
5676,4,42.811498313082716,4.997044895895645,4,3,0
2770,5,135.2979804631403,7.7715213210357135,5,2,0
1805,2,102.36762174496661,22.172617825202018,5,2,0
7374,2,32.66507515837512,29.28241578224065,3,0,0
2114,3,66.53036626621245,8.983227783036536,7,1,0
4534,8,26.081557633697724,10.964004549027836,10,1,0
2531,3,27.400123474064948,23.77624915120755,8,1,0
8525,6,52.79929042916217,11.633509841123614,5,1,0
3470,3,26.471913966750467,14.188654237875117,8,0,0
1402,4,140.60061147881805,10.217991689739502,2,1,0
852,4,37.6984007304468,11.357324726191736,3,1,0
3082,7,76.29236989607207,7.067401291833543,9,0,0
8024,3,43.686590100061366,0.049546322988179625,3,0,0
7565,6,167.29982925567214,13.257226892931683,3,3,0
5529,3,55.51157381963839,19.84540141050517,2,2,0
7854,2,53.3383096837558,19.074021218007406,3,1,0
4932,3,49.00693713241161,12.141052810549473,6,0,0
5159,5,47.10264328042008,20.984144241132732,3,4,0
9715,2,237.8365677626341,4.943641930991305,9,2,1
3846,3,55.84911140824701,16.578605785229865,5,3,0
6483,2,93.13322814696792,14.54670089567469,6,0,0
747,2,79.37421201569188,15.448690385874206,3,2,0
3034,4,93.43455534622211,13.514805654556636,1,0,0
347,3,32.44648867024951,0.0,6,0,0
3351,3,15.937205644454355,20.13070821982571,6,1,0
2864,3,46.88131128293197,8.33309824340007,5,1,0
2167,3,46.24114520440459,14.820918104927522,6,3,0
6954,4,11.907813613259787,17.84798362887336,4,1,0
6209,4,11.194017704948736,4.008715611750642,5,1,0
2777,1,51.30430407347311,0.31971889979390333,7,2,0
1441,3,92.76842366354053,15.868460810539347,6,0,0
5657,2,92.38140993083621,15.84824759467531,5,2,0
9657,8,50.13579203602736,22.107676641507144,9,1,1
3027,3,75.90369689704653,6.82057817106031,6,0,0
6117,1,28.1801474350276,13.669043837430767,5,1,0
2483,5,27.70367484330414,9.46546160980795,11,0,0
2882,3,41.804174015438754,11.678300939250024,9,0,0
5561,5,17.51422806564247,4.4003053711909486,2,1,0
763,6,175.79393395410338,8.146269963334062,4,0,0
6481,4,10.965796498127302,11.228477227996935,7,2,0
1616,2,22.861155847528558,6.842736136980909,6,2,0
1222,2,63.471045732673545,5.389078694325652,5,1,0
8664,5,42.258048717703375,14.560395579756332,9,1,0
6221,4,48.19047470410503,9.454651559757771,3,2,0
1576,4,42.58823180318153,14.208019949746586,3,3,0
9391,4,45.73857906398007,30.0,9,3,0
6350,1,24.760668704777263,9.732534086378124,3,2,0
3782,4,40.60315598989275,13.61202446147894,7,2,0
4374,2,28.9230208560841,11.70858683158542,4,2,0
708,2,107.64357214144475,10.011227905597753,3,1,0
509,3,58.06228734277975,17.69224787213863,3,2,0
2954,2,179.64729978711202,7.590364466739492,3,1,0
7537,1,34.55790318391513,15.508362678896432,7,3,0
6338,1,32.31097226900962,17.96942835723054,6,1,0
8922,3,26.562746784550516,18.23332703495882,7,1,0
7063,6,24.38916772962293,15.372264082821214,8,1,0
7162,4,44.58967055623059,5.116686591745252,3,2,0
7371,2,156.65990450760313,11.995399433200099,4,0,0
6828,2,72.52153725325238,6.347050535979294,3,4,0
3615,4,52.96063227801939,11.237069182421907,6,1,0
4656,4,33.73395343388409,9.027380059205784,6,0,0
6975,3,99.08519532341772,5.377116694605358,6,2,0
4350,3,41.871616475289514,10.49373416483257,8,4,0
711,5,35.04333962595663,22.80048091594306,8,1,0
6478,4,35.74331261545368,0.0,5,1,0
9129,3,79.00803420530697,5.625255959323667,3,0,0
8204,4,99.78519837234712,17.283779209786655,5,3,0
9203,3,88.01067674531755,13.92695510665112,4,5,0
712,3,65.70197957037999,11.85643958785173,3,3,0
9112,4,58.35530002995897,12.214136917191764,7,1,0
1245,4,127.8260504561262,2.275961192018091,3,3,0
9785,6,16.58730395073352,7.424374193510831,11,2,1
6848,3,63.00934923108563,8.31306098783801,4,2,0
5133,7,115.94585316705563,11.801799398955202,9,4,0
715,2,38.50787317545169,0.0,7,1,0
3463,2,79.11561346320076,14.350237800624315,4,2,0
4394,5,24.731558473350645,13.416491962874854,2,1,0
4568,6,16.29074508024718,8.881920682970888,6,2,0
8803,3,72.09503725569584,5.109859681183011,8,3,0
8489,5,23.772581468178128,4.721731450375616,2,0,0
7701,4,95.39769469003288,25.247089360998082,8,1,0
212,3,39.22628905573871,21.307105739523546,1,1,0
9767,3,124.32134485904517,5.046968231847418,7,2,1
6838,2,17.986788178710142,17.606065178320982,3,1,0
1010,3,12.983967733638826,21.579102638792243,7,2,0
323,4,119.56964728478088,18.92081672082631,5,2,0
5396,4,55.72666656767253,14.877338269439928,7,3,0
5990,4,39.002474768295734,10.543603890497161,3,1,0
3172,5,33.56949371900475,27.404753522639417,3,4,0
334,3,48.58050092994092,19.79296579656159,1,1,0
8305,6,39.215969723483134,8.01541799109878,5,4,0
2210,6,17.251763416962135,17.88855172316415,6,3,0
4271,2,27.648471472987136,15.2859102844389,8,0,0
6740,3,47.261693945992974,7.532109529850217,3,2,0
233,4,45.6096503406766,1.7761957284690144,6,2,0
5950,2,65.18217974699651,10.452567302971058,3,3,0
5737,3,37.968428424472535,5.509239892721885,7,2,0
7921,4,38.1644030176931,12.951698397143195,4,0,0
2348,1,82.06063098512553,9.790759266647205,8,2,0
2036,2,105.45233410384887,12.312310000230587,10,2,0
7484,4,23.95482566411005,0.0,4,0,0
6006,5,59.11111804469167,0.0,10,1,0
4553,2,45.89139363802715,15.682368827233397,4,0,0
8072,3,35.295274916839595,11.452152076327474,3,0,0
1458,3,107.6757541266484,21.77699568998085,3,2,0
3288,4,22.962245047770928,10.071294003762787,4,0,0
3064,3,79.42666938612729,0.6826577945399404,3,2,0
9436,5,26.07828043068519,13.15171407203484,5,0,0
774,3,17.458665594140754,23.14289290475098,11,2,0
6832,6,35.43735639515496,15.595198413818043,5,1,0
871,3,185.36616593056672,11.275396205156861,6,1,0
8749,4,40.185858095603535,17.343070062158457,4,0,0
1263,3,38.35545749850506,25.083321035350746,5,1,0
4833,3,21.095937561250995,8.04249648138385,4,0,0
3894,2,47.71373742440554,16.987032729223415,8,2,0
6323,5,39.16640790280691,6.802936686752736,6,1,0
9212,4,45.46243865365434,12.367357495704077,4,1,0
7019,3,36.27672158071676,22.692693000263336,7,1,0
1220,4,158.56464065116012,13.549448159990458,5,0,0
1446,5,26.03935632658742,0.46371527513131383,7,1,0
3184,5,35.80428924865691,17.195186716273437,7,1,0
408,2,124.57415984125957,7.758162843292016,4,2,0
4344,3,33.23131147835747,11.42257826689304,1,1,0
3021,2,115.24857113582411,27.061569029393347,3,1,0
2303,3,61.46953036897107,22.528269127711695,7,1,0
6271,2,42.72811689912696,9.161545415324344,5,1,0
8280,2,166.98064623679699,10.677798732652327,4,2,0
6641,4,70.7822796821404,0.9432792094578666,6,1,0
6955,1,70.85461445982943,15.83077039804742,8,1,0
2109,2,43.15185344092698,9.532678681913357,3,2,0
5351,3,73.27693227857307,10.761278358361752,2,1,0
9683,11,124.95926753189813,0.0,13,2,1
8343,2,23.691535018859728,3.705145580825219,3,0,0
4549,7,52.67927218137339,15.503447020508005,3,1,0
1880,4,29.80984435130195,0.0,2,4,0
5945,3,101.41709482724428,9.111743448645047,7,3,0
1737,1,24.74113089454415,17.04832920487847,3,0,0
7793,6,75.61308013287822,22.259369365125586,7,3,0
5212,1,62.66922133986862,21.48769466462526,4,3,0
3208,3,33.20382242337324,22.014364371672535,2,1,0
7082,3,18.896779063849046,9.5172394316818,5,0,0
2055,2,76.87890419700724,4.2363193183858945,5,1,0
1688,4,32.51890478815807,14.89988595998948,5,1,0
4779,4,31.451106061354462,9.403823951740485,2,2,0
7475,3,82.1133558803509,4.756330051570515,4,2,0
7876,3,50.05338175989651,8.335236469673688,5,2,0
6749,3,18.71247797096376,7.149817031394394,6,1,0
8555,3,51.761235530719844,3.8779182371343364,5,3,0
8122,4,71.37282484288878,15.585429668947539,7,1,0
6990,5,26.66773673257042,8.110289226660473,5,2,0
8266,2,99.1871441888305,7.782399426630352,5,1,0
8539,4,38.30489631936718,7.373982566568263,4,0,0
3392,3,30.427792531246702,17.123154409789986,4,4,0
6325,1,23.363331096144883,15.19080832874089,7,0,0
3528,1,23.7092671216752,2.5242946437766793,7,1,0
4604,7,16.661704180260944,23.813212440060028,5,1,0
7023,1,75.98367236399895,0.8720551596275854,4,3,0
6321,6,70.7222298356655,16.901790863417553,5,0,0
745,8,34.86685308995199,10.452504416498762,6,1,0
710,4,45.46223574594206,4.876707323094143,4,3,0
379,5,28.559253178999317,7.264341050002354,4,0,0
8782,5,58.76629448018619,20.606976330985923,6,2,0
3011,4,34.2542563059038,0.0,2,4,0
8858,7,161.3655781676447,8.981440644194208,4,3,0
7152,5,48.37195482057418,11.810539388921145,4,2,0
8566,3,21.750696737805043,10.438547186136725,5,1,0
3497,6,53.28508906038726,12.835608145864972,5,3,0
3889,3,118.90795420283135,13.292769711627654,4,1,0
4484,5,35.067664017665656,0.0,6,0,0
4011,3,117.90686719002936,8.239507619651551,2,1,0
2619,7,20.452650225376082,8.344396418044845,5,0,0
6670,3,35.53814950167676,19.26803496415809,5,1,0
6512,4,22.119576254426686,7.428278402427867,6,1,0
3467,3,16.66430913943852,0.0,4,0,0
1313,1,37.90334804793149,7.3646387222535825,5,2,0
8605,1,168.01391479669718,6.573703028691539,8,3,0
2069,4,43.87016115098769,10.565274506920218,3,1,0
2982,1,75.42286269209302,13.411707456624153,3,1,0
5914,2,51.42293104947611,16.911370763505793,4,2,0
9170,2,36.76884267916121,7.5537106330454336,3,3,0
1285,6,18.158319811387134,5.288774225460452,3,2,0
8990,3,49.256544143030595,0.0,8,2,0
8429,2,180.98275125830386,5.478532469158304,4,1,0
1349,5,31.454166294793747,5.7142943711421745,4,0,0
2611,5,10.17202045848831,12.728046501253418,5,0,0
9494,5,85.46645752905852,0.845846298796749,1,4,0
3668,3,84.77085226923671,11.649503914860043,6,1,0
2221,5,265.8508426255927,22.986673388258787,3,2,0
427,3,29.81357454855205,8.125006951273521,4,2,0
653,1,38.55072209958971,13.044586854383414,1,0,0
9913,2,53.23635257256336,0.0,5,4,1
3535,3,22.221822497336113,10.785462447364115,1,0,0
7736,3,74.92500713761785,11.23707880236388,5,4,0
3245,2,68.58687294377556,14.967447412618414,6,0,0
4740,3,26.282796607953337,6.240453500708526,4,0,0
9068,3,40.28023259088694,6.857689941374383,6,1,0
4099,3,23.996329567131465,9.835256677982185,8,0,0
4100,4,27.592251916494583,5.311687683370549,8,2,0
6959,5,49.61074580614335,13.329985203454832,4,1,0
611,3,92.60380737916005,16.339558730888818,5,1,0
4288,2,28.038565712098094,9.610419192825798,6,2,0
8570,6,19.259493075107727,5.620224476088727,5,1,0
9712,6,87.51429523667088,15.485418753341175,9,4,1
1543,2,42.5521444525848,0.0,4,1,0
9535,11,52.193418355805186,3.500629483907873,6,3,1
3853,5,18.166543058917263,5.52401213299358,3,2,0
554,5,88.2585603754777,21.276250899053608,7,1,0
6365,2,18.34489618467301,8.29780137719526,5,2,0
511,4,9.78926958978864,10.466613931606235,5,0,0
3206,2,23.563504973769597,8.443017827604493,3,2,0
8084,4,51.938138391535674,17.66036440217112,3,2,0
967,2,19.679672987150152,15.977130857685484,6,4,0
6043,2,17.37554915160806,8.469639567597625,8,1,0
6879,4,68.32870787168854,13.138019233038918,6,0,0
6775,2,73.48372885665509,12.43662194810382,7,1,0
3295,5,21.18561357502816,14.397239245928912,8,0,0
8701,3,41.48996662514047,18.57664884487658,3,1,0
3429,2,41.22887601052111,19.813163913299363,8,0,0
8870,1,14.350253622342338,16.26373252350262,7,0,0
6962,3,158.10003579623364,19.02709538959119,6,3,0
2088,2,30.42149561179406,14.268109373376248,4,0,0
8499,4,73.99842386554948,24.63254710745235,4,0,0
6162,4,53.0683980521543,11.23934296053057,2,1,0
3210,4,19.230847209979707,6.5688661717833465,6,0,0
9200,5,28.823384832135616,19.583104056723315,4,0,0
6605,4,42.912185208671396,0.6884893945172603,5,2,0
1109,2,79.49449579704952,19.862613579986753,3,4,0
5728,4,74.53424736884743,26.638032617570932,3,0,0
7829,3,17.42313031257679,0.5739900308369137,7,6,0
1038,5,11.110358716558041,0.0,5,2,0
1194,2,139.217603938602,0.0,8,2,0
4474,2,80.04763430293474,0.0,3,4,0
9874,4,69.93523159527366,16.11372028595226,8,2,1
2122,6,49.38635262466413,8.705015862308171,3,0,0
4982,4,56.96343029691522,2.6803202966132122,6,1,0
8973,3,13.526064840817902,12.108003273618358,10,0,0
5700,3,84.56533530673855,11.88654502890957,5,2,0
934,7,19.42791623887267,8.324765346881055,4,1,0
6101,3,18.24637795348359,5.506892619769144,5,0,0
4689,5,29.481708499705878,0.4125627756094321,5,0,0
394,1,31.9405610393039,6.8251615674882835,6,2,0
4685,6,36.72574454382746,14.24221970008854,3,0,0
8776,4,44.71318021365418,11.16927767195373,5,2,0
9165,4,36.41220544745592,2.25150211027192,4,0,0
5980,2,54.44089756815548,3.0640518819639073,4,0,0
9942,5,88.69397952203448,17.910538576143786,7,4,1
2191,4,20.893027305622674,10.897335187371672,5,3,0
1297,2,95.4371573473182,21.796868814302087,7,2,0
5044,3,29.420283547666884,10.469240149351608,7,2,0
1162,5,49.73273313389839,7.344522412337826,3,1,0
4254,5,18.68466070401057,5.882320453590001,5,2,0
6372,5,27.993056375918364,22.112271981509295,8,0,0
1527,6,14.464108614669517,24.704020787760676,4,1,0
4342,3,128.91669331368126,9.295074002654019,11,2,0
2030,1,41.8389847918837,26.582046686964148,6,0,0
3060,5,20.533987173171813,10.76981300160327,7,2,0
58,1,5.9524177422481985,0.0,2,1,0
2405,5,52.308078130775066,21.22397024803892,6,1,0
5006,5,43.04188774115943,13.571965460509672,7,1,0
6157,3,22.05292030979013,3.173337286177416,3,2,0
7375,3,155.00594685269263,17.82430449204646,5,1,0
4506,2,46.005632120434356,15.928272464006184,4,0,0
5214,5,76.77148344684352,8.983476716574804,4,1,0
6029,4,42.39348297143994,5.372341193906513,3,3,0
1780,4,82.96175985241658,9.432270787427345,3,1,0
5447,4,20.691454174955812,27.386607818229272,4,1,0
4606,4,113.53159569960864,19.522940050999864,4,1,0
6914,1,44.22747840383258,11.700584196620047,5,2,0
676,3,41.60963446198114,16.92051680385177,7,4,0
3582,3,47.59579175367221,18.101063335863884,3,2,0
3653,2,11.523346478366268,7.674348777398476,5,0,0
7920,4,51.891306257299526,26.616983397732763,2,3,0
9499,3,80.75377155047147,21.197862082136353,4,3,0
2732,2,169.96208443771724,14.740620706399383,4,0,0
4787,3,87.28106666179646,12.971988195586485,4,2,0
2754,3,44.015220359937906,3.601226329452576,7,0,0
2337,4,41.08249393122588,2.991837049899699,8,0,0
3643,3,9.089079138862193,5.992819940548769,4,1,0
7737,1,33.99871621909263,4.82146934870361,4,1,0
5516,4,81.09044352968257,14.053219094189199,5,1,0
5246,3,64.54902832258962,7.911164444240942,7,0,0
866,4,26.182446108692943,18.925162249296104,3,1,0
4447,5,22.14645387032582,22.19876973390698,5,2,0
5071,6,31.255013846985374,22.114795194280532,4,1,0
4881,3,45.8456948926812,14.664363959327105,6,0,0
9510,5,78.82175906110486,0.0,9,3,1
3002,5,115.39992741461737,20.096788437552703,4,2,0
2225,5,52.81788358595047,21.179614158519918,4,0,0
9056,1,53.43973731405218,8.925381158716709,7,1,0
4826,4,33.68511989000877,7.023165767298088,3,2,0
7621,4,109.70589987088879,15.638091194954558,6,4,0
9689,10,58.49833098656366,15.571364990205584,16,1,1
5500,5,97.01174759371317,13.731754531952546,8,2,0
9700,5,308.5693362061983,9.072202365694883,5,2,1
8478,4,67.80746762271188,16.682739939810723,8,1,0
5502,2,62.81949579279225,9.2759261237093,4,2,0
1210,3,20.671940494543552,18.746491516386317,5,1,0
9083,3,34.60985922137363,11.696832810835643,6,1,0
2288,3,21.83300321416013,10.16711538266883,6,2,0
2183,3,17.730211777946376,0.7441765565611522,4,1,0
2862,3,29.017461904744604,17.66236921593562,8,1,0
6861,8,85.6334671611029,3.8588542277646702,3,3,0
2362,2,45.53881245712266,11.81581221664552,4,2,0
8463,3,29.816635491873342,10.927475360460274,3,1,0
6332,1,60.9119035460096,9.532912783851886,5,2,0
4064,3,40.13574200493859,10.58833993663324,6,3,0
9546,5,124.21193624112496,0.0,7,1,1
617,6,44.52796252667759,8.21124154111051,5,1,0
3281,3,141.07334072719067,3.5072381222669975,6,3,0
5226,4,38.36059439842749,3.908038989228043,4,0,0
3397,3,29.454545069627176,23.38020729168735,3,3,0
3065,3,76.0226850284914,15.198727484697969,6,0,0
766,4,54.66945606285631,16.61920518632762,3,3,0
7078,3,30.427226118284988,8.45023504831942,7,0,0
5279,4,81.67768753391728,19.70264200441364,4,6,0
4149,5,12.446085203398358,2.816983443896083,4,0,0
1144,2,79.29238753332082,2.1987223449075195,5,0,0
4248,3,10.409001575492756,8.578158880905228,7,4,0
4110,2,79.21125596385558,4.588591258399214,1,1,0
462,6,40.30497846143665,4.277053256879071,5,1,0
2932,1,38.95537833822796,13.348739758772698,6,1,0
4623,4,8.551954446688905,11.135921891734615,3,2,0
3813,5,53.74247451617417,5.664531071995685,4,1,0
6308,5,32.28226711261974,0.470766008775648,3,3,0
4341,5,40.06238217254398,14.51678778818457,3,3,0
5300,4,37.74627216531829,7.096648275879974,4,1,0
6804,1,41.85853092319423,7.93875546407455,4,6,0
3282,3,26.775835281834407,11.693645082386471,3,1,0
2574,3,92.22092544522955,15.771256926486387,6,3,0
7961,4,75.01660434948124,1.3813680240179043,4,1,0
7879,3,31.605299471480965,22.804853372117506,6,0,0
828,3,22.9219372450672,15.822081714795797,6,4,0
6486,4,98.63566401686204,22.496849875039516,8,1,0
7599,3,50.22697605632097,14.74780157434969,5,2,0
2540,4,54.655688692961284,8.144684220475725,7,1,0
5746,1,20.441416709473,14.166063156993088,5,1,0
8526,1,45.39590187065878,17.552242515488885,8,1,0
9566,6,46.89660664554325,10.283072064390012,6,3,1
3742,6,24.381251373964126,19.79816389896306,3,1,0
7498,2,34.446051768381714,25.778394312655166,6,2,0
3524,5,15.503466895268494,8.113791751577136,4,1,0
20,3,113.24687429031167,24.634273136676825,6,1,0
1915,5,54.487213761523236,3.092687786991382,5,2,0
6571,2,22.685137785321846,15.328723458679693,5,2,0
9018,3,126.95355687583312,14.228898019254235,5,2,0
2012,5,77.81213727008095,18.542863659273717,5,1,0
5405,1,71.76780230959149,1.858741740893329,3,1,0
1295,4,67.7143652370714,22.401842763669777,5,1,0
3745,5,24.039065635827434,1.5739379802410909,4,0,0
591,3,64.23790259846153,7.863131660400379,3,2,0
1406,3,52.822975503156606,4.214052859799237,4,0,0
221,2,30.767684036570014,11.420156608594553,3,1,0
5617,4,13.254039432062964,10.624877574864243,5,0,0
6248,4,86.56197373376492,0.0,4,0,0
4418,4,33.44571987634556,18.875875162458293,10,1,0
858,4,56.96512352451369,3.8525635541301213,3,0,0
1783,2,7.881199186093714,18.44817120961197,6,6,0
7259,3,66.11170594586734,23.221850034538107,2,1,0
6856,4,30.051469340134688,15.090897082690246,7,1,0
1954,3,53.43757453373902,30.0,5,1,0
1746,5,17.482744624696885,9.597359180479096,4,5,0
3132,3,51.43778428558569,9.333174750031624,4,1,0
8036,3,25.546209583285908,23.206065946184637,8,2,0
8850,3,75.35205390253333,0.0,5,1,0
994,5,80.28955899381988,24.410567287924984,7,2,0
6108,4,27.09473864153267,17.24592319063428,6,1,0
730,2,77.6373759383776,5.631952012605453,4,2,0
6974,2,66.59691498147694,11.801465127215375,3,1,0
6273,4,21.255416253942833,11.401309675528992,5,2,0
6751,5,75.80913031233753,3.214562590836991,5,1,0
3509,1,32.825350364361505,3.8939948984293355,5,3,0
3533,2,48.870770091769536,11.451468635281367,7,1,0
2513,1,68.10033301185727,14.820371218757163,4,2,0
5436,3,56.73904172281393,7.814851734590822,5,0,0
3625,4,123.02049541477318,13.131818444747095,6,1,0
465,3,83.74284722983741,14.778781289504632,4,2,0
6755,2,51.196113828309194,16.11385336294655,8,0,0
6759,3,18.77423916713179,0.0,2,0,0
7991,2,63.45125647355001,0.0,5,2,0
157,2,70.14776037320821,18.654637806267466,10,1,0
3960,2,24.988169109788046,12.177980407220948,6,2,0
8832,5,42.584993658646106,9.055888371097247,2,0,0
5470,3,36.17505594954207,10.575776132591447,5,1,0
185,4,27.496096395762752,11.412036419178301,6,2,0
1002,3,18.604042963926098,12.912441639267533,5,2,0
9508,5,45.81689741799591,5.335261616986734,7,3,1
5623,4,23.05145491693791,8.637905715678492,4,1,0
400,3,78.82879318522706,16.172163092512367,4,3,0
6240,3,15.146191737699748,1.3323699024446665,9,0,0
8940,5,27.421556476801623,2.1442580970452454,4,1,0
9932,4,35.07222859277055,0.0,6,1,1
7342,4,196.94304088598952,3.5108968772797233,7,1,0
9832,5,211.83117369022258,8.407628914103686,11,3,1
8466,2,36.60197359240149,12.422329315364655,6,1,0
8756,3,18.62190292695867,10.62114018914923,3,0,0
7958,5,30.38440637588602,9.233250887347083,7,0,0
1250,3,31.90553686831449,12.573561182554554,7,2,0
3143,3,42.872006932902245,15.082423414194826,7,1,0
7430,4,18.79262303596502,18.90671260916439,2,0,0
59,2,79.61581300417643,9.259930456610098,2,2,0
7855,3,55.84840440012354,5.905566141389279,5,1,0
1113,5,20.203527519870324,15.186712925209953,2,0,0
3057,4,30.674895987058616,16.381145264234785,3,1,0
9569,2,131.6940791552894,9.670326280200985,9,3,1
1328,3,22.740456354520312,0.0,5,3,0
4995,1,39.644896990450626,22.485952428238658,7,4,0
6682,2,62.535018950841554,11.119704754283136,6,2,0
2072,1,67.49400310516317,13.92971558836331,4,3,0
4793,4,31.760580586648373,2.860056273769821,7,0,0
6829,7,24.87104945559081,10.498357350344913,5,4,0
9629,5,93.290480392326,20.963604409459617,4,2,1
8218,6,83.48581334371944,20.893858092266402,7,2,0
7567,3,85.05908879683794,17.97782625684888,4,1,0
5922,6,9.312836155808329,10.315422432393817,2,1,0
1550,2,35.509038965036495,19.679244632717484,6,3,0
1009,4,27.066044047848916,17.195214062247352,6,1,0
3755,2,102.01618402414866,4.297482353058159,5,2,0
8681,3,50.780436172028736,27.949529996098917,2,1,0
9342,2,65.8722216580473,11.837809853124817,1,1,0
8009,4,37.71273769207237,14.968991103779578,9,1,0
3860,2,13.210026056524098,13.368871254657936,5,0,0
3148,5,23.423420998499477,4.7061840292071055,3,1,0
2519,1,25.817804119260636,18.584857066063385,5,0,0
3127,4,134.87915661038883,12.003737510467976,6,3,0
9084,4,43.32561242698293,7.690915147641544,3,0,0
5316,4,67.32425771658099,9.948268163758467,4,1,0
1195,3,40.09993557979321,2.492510231993185,5,2,0
9050,2,32.25599194627613,18.307025026205842,5,0,0
879,2,180.5195999046432,13.795812988926176,5,3,0
6989,5,64.83940526673523,0.0,3,1,0
2487,2,31.033149226825998,7.97115844803688,2,0,0
2840,4,54.43506212726705,3.7410087520350803,3,2,0
4329,3,44.395347548283986,15.09069497384427,3,1,0
2930,4,66.27397944663846,1.1544134990557744,6,1,0
6424,6,147.02039731124893,19.851215917061882,7,2,0
2485,4,135.86414870025388,15.476421986791449,7,0,0
5747,5,81.39192142163668,10.691148566573666,4,1,0
883,3,24.447628895703716,24.406566995620476,3,4,0
4914,2,43.75325689284116,10.613972702785524,4,1,0
6210,7,15.191775413803294,17.177143556032853,2,1,0
9578,4,31.80581173698429,4.726938061246156,5,3,1
211,3,61.53552410109333,16.23872813725545,4,1,0
2275,3,52.372361576262456,17.649739514328676,4,3,0
2328,4,15.398843396732254,12.008540167540103,5,0,0
4950,4,56.49172201118627,1.491710934586708,4,1,0
3319,5,69.15869070215518,21.228767550079567,4,1,0
9834,7,41.55360916525968,10.07558100379799,15,6,1
4607,1,13.959078070703969,14.748624604654788,4,2,0
1438,3,36.87662917536184,15.148989682400579,5,1,0
467,2,24.177886889379156,0.5558448023935476,9,3,0
5466,4,27.31641836175069,6.261284404695029,5,0,0
3329,5,35.58901409606819,17.190514072961044,6,2,0
5828,2,59.71187170121316,14.822419366084095,3,2,0
8607,5,41.41797191901926,5.383796266293431,5,3,0
696,7,14.018257359030272,14.26942209764155,4,1,0
7267,1,54.44251817658254,10.055473954748138,6,2,0
9144,2,61.3265769272538,22.46034866644247,2,0,0
8180,3,33.00886612928937,0.0,7,0,0
9938,3,157.87300447661673,10.535242558380943,8,2,1
1314,2,121.22880831504168,15.067008900791096,5,1,0
2301,3,111.63428512000496,5.3886114348755205,3,1,0
2039,1,70.39718573777883,13.254593266748367,6,1,0
7108,4,24.748939277316587,6.666301729664113,6,2,0
3666,2,192.91975392260682,10.04514583095868,2,0,0
914,2,95.93719484996467,4.37009353194993,7,1,0
12,4,101.68238842747948,9.838468381872852,7,2,0
8583,2,21.401444506019992,0.0,3,1,0
6427,7,15.447022358145992,21.6873354271918,5,0,0
1536,5,19.071573496872425,8.771630214597511,5,2,0
736,3,27.454140268951463,10.534445927772865,5,0,0
8201,4,83.91033729407567,15.922552061126424,9,0,0
8652,3,69.33231686587654,12.140671513974075,8,2,0
453,4,64.74489163689505,15.14351482478725,7,1,0
4345,5,45.94757625117331,11.602431724852439,7,0,0
927,1,33.37734099337711,0.0,4,2,0
6291,5,36.96949588031273,13.363868970568245,6,2,0
8281,1,25.86252467086414,17.0120449139615,5,4,0
8722,2,36.00053735563547,17.774029890408436,6,2,0
6473,3,10.891791332510541,9.257139358265606,7,3,0
37,3,53.60093740876461,16.43385542011007,3,1,0
5770,3,71.9225016364058,7.867184502031586,4,0,0
2554,3,40.45641505683742,5.6740921640353195,3,0,0
7632,5,47.92730008716396,5.1815410426634525,2,0,0
9998,4,25.601436506289552,8.229291190436859,3,3,1
6620,5,31.072954486646434,14.20430535236228,9,1,0
940,4,116.39107361716975,6.51611606683866,4,1,0
7398,5,104.1811949663605,6.808170040461444,4,2,0
6128,4,82.90050091316344,18.064293318505904,5,3,0
9829,8,94.13780083721512,7.65912289577834,10,4,1
2680,2,119.2428451116251,6.413776802559722,3,1,0
4354,3,87.49086351475562,16.63804603618953,5,3,0
3058,5,32.90001145754529,0.0,4,1,0
7880,3,34.94865386418305,19.056883824455205,6,1,0
738,2,48.46289533101034,1.4958105185190895,4,1,0
538,4,30.444396398819944,18.547891964096017,5,1,0
3325,3,69.75766056022829,4.353212174507209,5,0,0
4239,3,26.746872170819028,17.134720956353014,3,0,0
1400,1,48.48517755146676,10.54918210915095,8,0,0
4046,6,30.877905575587395,10.583750003999494,5,3,0
5137,5,106.32613152801899,15.584005777717724,4,0,0
4229,4,54.61128656253445,12.946070451547456,8,0,0
4191,4,36.124354083298954,11.381930759098054,7,1,0
9142,4,42.63975357908345,16.54895287706587,6,2,0
5538,5,32.727156923672865,20.02109117449116,3,3,0
2692,3,178.36225394173348,5.982000122628453,8,1,0
5340,4,78.19377919794533,9.102452854575802,7,2,0
9917,5,160.95335407630049,3.9448465417367533,7,3,1
7670,1,72.09687343396259,3.724566533808643,4,2,0
9173,3,14.868201507826745,17.31053379682387,4,3,0
1807,1,65.1561521664599,10.225221135972498,4,1,0
5111,3,192.1794121890045,16.49121724827505,4,1,0
3989,6,49.82249640003236,4.733877259490417,6,0,0
3455,2,44.26191797406258,13.727254730995119,4,1,0
2907,1,45.81025121261063,4.814681908200242,7,6,0
6651,2,60.18220987027461,5.856854319183656,8,0,0
8287,2,47.93272234527859,10.127975462632689,4,0,0
6244,4,153.50512484716313,26.01172223090372,6,2,0
2697,4,118.27871407650446,0.8340370193990303,3,2,0
4016,4,62.1863866157957,6.678214464770857,5,2,0
4339,2,147.08943675700053,10.571058040874847,11,1,0
4645,1,123.0623285878964,25.613430961420057,5,2,0
7739,8,38.87405456887467,15.23826013088006,6,3,0
7091,5,24.43559586342086,2.3486970937313973,7,0,0
4692,4,242.0027800237755,7.1201728077474185,6,2,0
1739,6,30.350311880692885,12.30321971023716,7,0,0
5406,3,92.96420760583378,16.108249921217837,8,0,0
4588,4,44.04825478082081,9.428572932840039,4,0,0
3125,3,61.336396048265016,11.845875136998734,4,0,0
2157,2,153.80756874000522,9.21250362753334,7,3,0
5333,4,22.134380196808948,0.5108720571192364,4,2,0
8636,5,108.6512565222087,18.039461871699274,8,2,0
1825,2,13.518040826951053,18.471034802229685,4,0,0
4230,3,37.24375772912046,7.952492196183318,7,0,0
3487,3,54.89473747823515,10.640189865200503,6,3,0
9053,3,106.63949890666035,5.771520623792776,6,2,0
9768,6,160.1501317828101,11.908439593238384,9,2,1
3647,4,26.556607764138324,6.424507326564516,3,2,0
5902,1,14.01861695170976,13.470789758118755,5,2,0
6385,3,27.31079812386159,3.0108248603634493,9,2,0
5638,3,33.843296700819664,14.13205596135925,10,0,0
6423,5,96.62349898498644,17.49377268247187,6,1,0
7826,5,27.02739367527534,13.164592241229231,4,0,0
7743,3,143.86157545384572,19.187747099405293,4,4,0
3012,1,44.170992654769684,17.59683009920682,3,2,0
7671,3,46.96649085448674,10.2957886551902,9,0,0
9548,7,284.37828108076997,9.494142321852692,10,3,1
9977,1,193.8841729542517,17.01710074315684,6,2,1
3080,3,14.681498209963488,0.8400760256479227,7,3,0
3520,7,22.980954569339687,9.30712968847824,5,1,0
4978,2,22.53158206381683,11.56848338483757,6,3,0
7619,1,14.893422616184752,16.36955594909328,4,3,0
4347,3,42.427510312540576,0.0,7,1,0
8440,6,184.7651137900836,19.415200885203422,5,0,0
1346,4,38.18886981411336,4.930804235874229,5,3,0
7087,4,27.814679463355795,6.679425910389607,4,0,0
8947,5,97.58968056158437,18.106906017036792,8,0,0
5651,1,62.43795227256978,22.607313577595548,2,1,0
8081,1,77.95428562382087,4.903433974373786,4,2,0
1791,2,75.64453529775118,23.095380128796055,4,1,0
7428,3,47.285099602111124,11.643845187694405,7,0,0
9579,7,21.280808422229523,3.9762812527540037,7,2,1
9959,8,595.7260153346414,5.754455185261419,6,2,1
2270,5,263.2355162115867,15.113927358723611,4,2,0
9766,5,36.73518572572482,11.378389749771298,8,4,1
2955,5,51.52883770597884,19.795870107227962,7,1,0
3443,5,51.16240080168101,7.90577856656642,4,3,0
7735,6,23.426586432158736,13.966613225045698,4,2,0
833,2,28.69569142242975,10.836337902616844,6,3,0
6498,3,34.75296733553207,13.123170580022041,4,0,0
2991,6,22.21690699588438,6.7411269946127055,5,0,0
7792,6,26.456174588993772,9.930157573966344,4,1,0
2150,5,28.53058636386117,9.53385603236639,6,2,0
4022,5,14.059391193528011,14.906278461912823,6,1,0
7614,3,58.901705493349446,0.0,9,0,0
6123,3,123.94215455191151,6.1112042603515855,4,3,0
3338,4,45.96046427058682,0.0,3,2,0
4343,3,19.57817973963121,1.0149292306514308,3,1,0
4463,5,82.3380911559504,27.748087825935688,2,1,0
2375,7,60.09523033310552,0.2370446344575594,5,0,0
9043,2,68.67552715148908,7.361751751216471,2,3,0
5570,5,107.4730877590721,10.273306071609142,4,3,0
8598,4,203.3667180367719,1.4959907501552028,5,0,0
8503,2,50.66274679653619,13.400755182713564,9,3,0
8879,4,35.78199110114647,17.203726430839207,7,0,0
1886,2,67.04847442739118,13.045158625212325,9,0,0
1197,2,36.65938487659518,8.831082328950504,5,5,0
6426,5,177.8889481741571,16.027844719674754,2,2,0
8910,4,38.22115898452617,18.328726354986916,3,3,0
2935,1,65.8298943190391,11.566884820775947,2,2,0
6341,2,72.09173272896415,20.97416871012187,2,0,0
1429,4,113.26806969178239,12.116573198615857,5,2,0
6306,3,85.94149535116198,16.91717214132285,2,0,0
3649,3,27.672912274052926,8.283502361339451,9,1,0
1937,6,28.396125996611097,26.225508188195974,5,1,0
5171,5,30.676917212675683,18.00837245637982,5,2,0
7763,3,64.3158196542298,9.124388297156623,8,2,0
6392,2,24.6205407048142,9.895722418705873,7,4,0
1153,2,32.52929829921083,6.0209932159769615,4,0,0
6249,2,42.81182633069725,4.64523778805773,5,4,0
7036,3,24.021504630557367,14.401541579844025,7,1,0
4228,3,65.14879887161678,22.177982601733586,3,0,0
4974,1,57.29654685385049,9.097180862952394,3,2,0
6400,5,83.7759565275362,23.023689723121954,4,2,0
3639,3,94.31398350812871,2.0387702744936416,6,0,0
3971,5,25.742715620258025,14.481756797748186,3,8,0
9593,4,171.2591335569368,11.047586109181283,6,5,1
3375,3,36.452277873053795,19.54282663984361,5,1,0
2486,3,79.43606981081666,5.922170850162556,5,0,0
6953,4,23.788196966312093,23.974317544757483,3,2,0
605,6,35.10473481550012,8.263080428853048,5,2,0
7443,3,69.46501008499126,11.326646550876177,6,2,0
5927,4,42.50738078492643,0.0,6,2,0
2453,5,74.14588883941332,21.38192307597385,3,1,0
3608,2,23.91324501464781,13.699448482322486,2,0,0
1483,3,97.61976414320854,14.713314321693138,9,2,0
4518,3,20.901184213892794,0.0,5,1,0
3037,3,131.85231944603103,18.76843685853011,3,3,0
9351,3,77.94632212555075,17.192328420036215,6,1,0
7691,2,38.20785406900804,13.531691145336353,1,0,0
4115,5,90.45463762957776,9.348670355639623,9,0,0
1426,4,53.29480420321989,19.375543713215773,3,1,0
496,2,49.66831106709981,8.167517366330857,2,1,0
3352,3,69.81941789314368,13.950396062405884,5,1,0
8793,3,38.9481425022109,7.6289328620160735,3,3,0
758,4,43.80592074111312,15.690309847228091,7,2,0
837,3,31.403689809863515,26.649006776412826,6,4,0
4326,3,18.827655063433383,8.815392307196507,5,0,0
2127,5,89.87540916004478,23.18190273743891,2,3,0
1022,2,54.556961807060816,20.826799914797498,2,0,0
8761,4,56.883288749984324,7.956072262109633,4,3,0
5613,6,70.22895916284772,15.289826763581909,4,2,0
5580,3,22.014651052574095,7.07389013678342,2,0,0
1057,1,29.35316470949281,4.098328498423843,5,1,0
9541,6,63.30464791661631,0.0,10,5,1
6855,6,29.13148390195477,11.858963653092522,6,4,0
7348,4,109.11297573060286,2.6145132496122656,5,1,0
9044,2,23.311158891851022,14.564497046275285,4,2,0
2128,1,22.913759487743857,4.830094057261877,5,1,0
2766,2,66.67775587677038,0.0,4,0,0
2108,6,28.919860189173278,3.494679710882517,2,2,0
3616,6,46.21497230674175,21.745741869693283,6,1,0
1544,4,47.86889205619672,16.48938274476014,3,0,0
6913,2,14.88540749988924,0.0,3,1,0
1718,4,64.72665442742685,13.846790098307254,3,0,0
7434,2,10.718868030529237,17.25137007479321,4,2,0
7364,3,63.16569102140998,10.25147226945101,6,0,0
6234,4,17.567544789163634,30.0,8,0,0
724,3,21.271156259415296,5.421191363580062,6,2,0
6672,2,29.76934671418961,0.0,6,1,0
8028,3,65.27499888508721,7.999031794150458,8,3,0
5491,3,39.48624754486288,21.19214201827355,5,2,0
1127,1,70.2200779145873,16.6398205946304,7,2,0
2956,1,45.40419062528567,10.030100489774044,3,0,0
5155,7,44.978339259785514,7.577362309767903,5,2,0
4816,3,72.42868076366442,7.22628592346963,6,0,0
6201,3,96.67470948982005,7.770566416118278,5,1,0
6223,4,24.29120578000223,15.543527420702995,7,3,0
8685,1,27.163981877448393,16.85402036059713,6,3,0
7113,6,35.62147166067286,18.139353952453153,3,1,0
5274,2,111.30958269848034,19.720162149270656,5,3,0
8535,2,26.959065525787825,0.28975850715755413,5,1,0
3043,6,43.48274601117261,13.993571620988632,6,2,0
6911,4,109.88354239645054,11.090472680564359,6,2,0
149,3,23.195177788656785,15.762896414646384,3,2,0
7573,4,9.530466800715645,9.647975161714774,4,1,0
4205,6,53.622123513615264,5.511654579674597,4,2,0
5492,4,25.365799856891307,23.896067983887498,3,2,0
2689,3,25.12844724780915,12.321421825565238,2,0,0
4220,5,40.09743114475492,7.979341642244037,4,0,0
9101,4,20.977982371851052,19.316844229046417,7,3,0
841,4,48.618432205621076,10.185034503765433,8,0,0
8136,5,13.038831568426525,14.6300900598949,3,2,0
6437,4,27.800909994363767,10.478777118924324,4,2,0
9699,3,91.5478758321916,5.717468644856026,9,5,1
6199,5,100.19377043593177,12.442957705868636,4,0,0
2794,1,33.150299330384684,9.227122742217784,6,2,0
7625,3,61.25810174242205,1.475755651792742,5,1,0
8474,2,66.61646479748994,2.2113958536040155,4,2,0
7889,2,72.64012678404428,17.267791983986108,8,2,0
6607,3,25.445054752502397,6.251944298083638,3,1,0
9194,5,63.02223756329057,8.110188523681073,5,1,0
8247,2,163.288901922409,27.86083116415802,4,2,0
1392,5,32.39290634971578,15.41212488312193,5,2,0
1921,3,45.086553362129195,9.271823519276271,6,3,0
7018,4,24.67787034117526,3.083948184339949,2,0,0
3621,5,29.550372697070433,15.086330649858947,8,0,0
4848,5,24.26148375318274,29.726500637971633,7,1,0
2291,2,72.19913364017316,8.701933750047889,5,1,0
2133,5,54.370301501229996,6.4527844725126196,4,4,0
550,3,18.476815329808804,17.372534388012404,8,0,0
1740,5,25.02142163692517,18.055607454246378,6,1,0
5289,4,23.54307203581118,9.1222078169976,7,1,0
1817,6,72.4236286455193,19.713055101064377,2,4,0
4698,5,100.22115050666156,5.847227995877128,6,0,0
5181,3,10.298304802411577,4.934479033627919,7,1,0
3018,5,48.16733219880105,7.914083344080457,4,0,0
17,6,61.578139992223015,20.17155374886044,7,1,0
1770,2,86.97670317271601,29.14377730539873,4,2,0
1888,2,20.68113014800448,13.917229771235132,6,2,0
2152,4,48.14690791390792,12.584905412929935,5,2,0
1642,4,113.50193492275739,17.536768195432977,3,2,0
7846,2,41.51444074453068,2.00118783103564,8,2,0
4193,3,26.810391816205545,11.518098779759786,2,2,0
9432,2,29.25338339984096,10.260955309939526,7,3,0
8898,2,59.50895289532882,7.062756446406476,6,0,0
533,1,32.7444364686711,8.398158936471445,4,1,0
132,4,26.347868376752324,12.569370537736186,7,1,0
7722,2,29.739698478721916,5.812088514122163,4,3,0
8458,4,39.092456541288,0.0,1,5,0
964,4,51.158744554347535,15.841315664955264,5,3,0
8719,3,38.291541232995755,7.614282037027317,4,1,0
6412,3,48.5753813745836,5.6499709796812985,5,2,0
8285,7,98.48418677945119,21.20541484401582,6,1,0
7853,3,15.290437482631427,5.243860531889137,6,1,0
1095,2,21.928612319633853,8.239387654956507,4,1,0
6929,4,144.61802474253895,1.3603723393523044,6,0,0
9254,2,21.302947533373047,18.99590103186981,5,4,0
1561,2,10.990362187494902,6.935765718912402,4,0,0
1670,3,105.21229635144753,19.54199920406536,5,2,0
6087,1,130.239800104955,5.6958970179031265,4,0,0
6669,4,48.53522047920143,14.450774545219376,3,2,0
5933,5,37.78140812384849,6.165290749110797,6,4,0
8829,1,17.200824558936716,11.507081653579812,3,0,0
7945,2,65.62500275883667,10.03728797157157,2,4,0
3508,1,70.15154869229814,11.354717501538031,8,1,0
2002,1,17.88379296011276,16.79708372410266,3,0,0
5866,2,40.756847088868525,13.893061156262323,1,2,0
168,4,29.515722767680938,7.306071343636706,4,1,0
2588,3,55.11570602704039,11.179513792380833,8,5,0
5905,2,44.6892038412729,15.905338914408697,4,1,0
9529,4,82.85813157654884,9.876829330386297,9,2,1
6384,7,69.5302235733572,14.716941626602113,9,1,0
7824,4,15.444098892820294,17.655905103196112,5,0,0
9779,8,349.22272534827687,14.008137796822652,9,3,1
4629,4,101.169600197344,14.814150123699863,4,0,0
8560,5,79.46164926077158,12.81016156901569,5,1,0
9291,3,79.30136529179006,1.5357527993555937,6,0,0
6874,4,58.804731179546884,0.0,3,1,0
6521,3,18.840374513764456,2.7867742188109155,2,0,0
8979,5,77.93145381451392,30.0,6,1,0
6647,5,14.170466327818058,16.536511614715366,7,1,0
9825,3,60.60404913953091,3.030941257738571,7,3,1
210,3,54.920852261930165,19.161133803410433,5,3,0
5278,3,37.79841202862006,6.277478625150614,1,3,0
1919,2,48.03030791527686,21.163107511046135,6,0,0
718,3,39.457732812170285,8.206558029683478,4,0,0
4868,3,77.07626549644591,18.201047048258886,4,1,0
7834,6,112.42591609445361,13.991451667579948,2,3,0
1298,4,52.465969237378346,7.633452097275957,6,2,0
9193,4,69.28106096310931,9.51969276516461,7,3,0
4617,4,103.040757564625,8.870742152143741,7,1,0
3128,4,33.62595641013965,2.6561012667923976,5,2,0
9795,4,33.8661034559531,2.223439913473638,5,3,1
3979,4,30.877054745852277,14.320481132733619,3,0,0
9924,6,79.88547850628848,14.867998617757557,8,4,1
8317,4,19.09395216250095,18.470414989099076,6,1,0
4393,5,114.36850233364173,8.128644048313822,6,0,0
1287,4,65.70310674736746,15.841181780811114,8,2,0
4355,6,37.88256679338061,10.721466179887015,6,2,0
7013,5,51.18722699800161,14.581920451775996,2,1,0
3885,3,15.075140956990271,0.6323557656172696,2,3,0
5749,3,89.236191816698,12.213623107375781,5,2,0
9169,3,57.170986939682024,6.033624071738981,4,2,0
2407,2,151.0394669329661,12.408788083828554,1,1,0
2013,2,70.64224563999144,14.048862093117407,2,1,0
5153,2,30.45261055679369,5.585357601590303,6,0,0
8551,1,24.95316301411636,18.63462029188012,6,2,0
4376,2,107.01370385262972,8.199042051305252,4,2,0
8822,3,30.23197883452464,20.29348285074051,3,2,0
4273,2,37.623782177188026,10.439944573223228,4,1,0
5825,6,39.227045938671054,24.9292250799417,5,2,0
6699,3,33.65402078248815,9.995625461755392,7,3,0
7243,1,31.634034484990234,8.068791450223467,3,3,0
449,2,37.644776590895525,14.746348938810993,4,0,0
2227,4,39.71344970857819,9.588918284167347,7,5,0
5756,2,36.374092783364674,13.988989273303458,4,0,0
810,2,58.230056837500584,14.393328366165301,3,3,0
4180,3,62.820764585915754,19.07906242073457,4,0,0
9000,2,39.936546600550784,19.944284458457943,9,1,0
5438,1,119.5295842722458,10.902422695143628,3,1,0
7533,1,76.28886821367276,9.043128468319347,3,3,0
6369,1,80.7988712013473,7.668047372844579,2,2,0
8416,3,28.904064391600688,13.411375116941462,6,1,0
1477,1,38.76078475183316,6.174685379057933,5,3,0
1790,4,26.54337619047934,14.427920308933935,5,1,0
2008,5,93.3509060696714,7.614748564511815,7,2,0
682,1,18.116978726144882,3.7062536243357513,4,2,0
2816,5,26.291126696447147,27.378617122699293,5,2,0
9431,4,18.338358953872685,5.625035831768793,2,2,0
3774,3,99.97960013068587,21.63229885954454,7,1,0
6495,3,16.008237250684644,13.99553185994332,5,2,0
8878,2,244.74169062144543,7.164436547961064,4,3,0
7361,1,68.52121960074663,17.999765574153155,7,2,0
8366,2,32.309726100290526,16.951424004775674,6,0,0
7474,3,66.45624079887324,15.552478741602341,2,2,0
46,2,36.83007122063099,9.541034895635576,7,1,0
30,5,47.25232500033878,20.006940423930295,6,2,0
8250,7,36.205934818772484,18.31248943351676,7,1,0
6935,2,95.75790421800228,9.436441599574442,5,1,0
1468,5,43.36925743199809,9.398674201303296,3,1,0
1665,5,62.35862244811948,8.975672488586717,8,1,0
1416,3,20.380933932995934,4.116287833834635,6,2,0
6480,5,38.20003198766144,14.746735915161524,3,1,0
4852,7,36.99303551536376,3.3837979052549567,9,0,0
2470,6,37.782486816815386,22.801018507802738,3,1,0
4373,4,59.54991926174674,9.035843357084076,5,1,0
8524,2,67.4738839436105,15.44569445767053,2,2,0
429,3,24.263701900739466,14.670770813734082,6,0,0
5244,1,48.67046372452454,17.92379855176769,7,2,0
2119,3,23.788042400441714,12.956226517364865,5,2,0
385,4,36.01663970567245,6.6745846407586,6,0,0
1945,5,20.77510376309513,25.605278512813754,6,2,0
4224,4,19.878100639508865,5.021704344972886,8,1,0
473,1,60.48114005128139,4.3108462185602505,4,1,0
2129,6,31.92083200109639,9.052506977838455,6,2,0
6556,9,16.31230623158469,3.1890056830236,6,1,0
6998,10,67.72654847567756,10.974146923789178,4,1,0
1055,3,61.82400720575215,11.105682481039558,8,3,0
3274,3,41.182273472420576,6.665012213646658,5,2,0
4961,2,14.648186479226743,5.860794882019922,5,0,0
5363,4,49.534462287608214,15.580157608377984,5,0,0
5816,6,59.18530187202315,9.454587388299432,5,0,0
811,2,48.58137328873319,4.573076449115165,5,2,0
4573,3,33.06134139754982,14.068819423386847,3,1,0
6137,3,38.279257896712146,15.096940757529755,6,2,0
2388,4,44.641665264772136,10.533211302536026,7,1,0
9648,2,36.182975149421324,5.659724183259765,4,2,1
6225,5,35.6551773674283,8.136274819682296,4,1,0
111,6,87.55664443782592,12.893805570199296,2,1,0
8909,5,264.3807253637,7.9321623777879795,6,3,0
1745,6,47.88547398084707,18.304027116812833,3,1,0
7851,1,23.28912814819275,9.553324619844886,5,0,0
1452,3,59.524904866093195,15.16293685823299,4,0,0
319,3,31.585104617306925,11.055928989595545,3,0,0
8593,3,22.78336120969838,15.620482333667702,6,1,0
3333,4,98.54521214973906,0.0,9,2,0
1922,1,107.43382513514507,4.330698013768746,6,1,0
5865,4,30.769914695051902,25.164132305279026,3,2,0
9528,5,25.61789296771457,3.051988029937002,4,1,1
3685,5,107.1103046176842,6.111876572438342,2,1,0
4275,6,59.8417474304984,18.81149833537556,7,0,0
4889,4,26.097898517086453,19.17635046244554,5,3,0
5225,3,29.879121459109616,19.515875634007486,7,1,0
7472,1,42.972936724861505,8.937373840453327,6,2,0
3605,3,34.17071198067077,0.0,2,4,0
1052,5,33.634325005141314,10.759169430485171,4,1,0
4156,3,23.86228397802763,7.711934712518809,6,1,0
9676,4,79.33475543269631,6.5281394629097065,5,3,1
99,2,42.283499029159294,22.82893165993722,4,3,0
7508,3,11.738425988554033,14.240474133886503,1,0,0
1456,1,25.439528079998947,2.1008406237774295,2,1,0
7688,3,66.44802106045243,12.219552564485506,7,3,0
4004,6,103.1613384454024,7.065959292844791,3,4,0
6866,5,32.68572802398325,18.735604587994484,5,1,0
4509,5,80.8967336177616,7.769667990131261,7,2,0
3299,2,107.44968003986435,14.91204496647089,6,0,0
3799,2,22.99072973731651,11.078140706148426,3,1,0
4281,2,51.79564847032387,12.23583637048068,5,2,0
9051,7,75.09976936704798,3.4163843155479334,4,1,0
6462,2,59.570653435250534,2.429783385265134,3,2,0
7912,5,20.059844617946002,24.488120042988818,4,1,0
1414,6,60.68970674906693,9.664556774279003,3,2,0
540,4,17.261772317304068,11.563414372356467,7,2,0
5815,3,55.01963672646778,8.340912570916519,4,1,0
8199,2,32.37998703478784,9.530355054635667,8,0,0
3680,4,79.44949525058655,17.240215867150933,3,0,0
754,3,66.0515107846803,15.718873523089101,9,2,0
4196,3,108.36526838714566,13.925772485081136,7,2,0
2650,2,15.28053634868933,14.16424883455491,9,1,0
4522,4,38.958735447401885,24.83308115101045,6,0,0
9519,4,42.55474009925069,3.3299793099240853,5,3,1
3118,4,83.30011403554937,18.086793278179726,7,0,0
3728,4,26.038481811463257,15.550193715093727,4,1,0
3886,4,43.996784346193984,7.670092990451577,4,4,0
7107,2,76.54175970708407,7.740477042590278,4,1,0
8068,7,30.90474843367878,8.221758676280555,7,3,0
7325,2,120.53196922608815,17.11785866098976,4,1,0
8483,2,21.18653784809228,13.260184259933322,6,0,0
8767,2,15.104367107998241,5.4951174718835025,2,3,0
6500,6,35.47687127919274,17.874824420118625,3,4,0
8426,3,72.46211037964274,6.682893382388798,2,6,0
7963,3,80.74935190500504,19.19322527052995,4,0,0
601,3,24.533988322255183,7.814764938023117,5,1,0
9249,3,82.95818516583236,7.0439421677158,8,1,0
8919,3,31.417125643019478,13.798369946139209,4,2,0
6814,4,71.60205159640952,24.438758970070104,3,0,0
5411,3,182.5942669758338,2.8438888581656627,5,1,0
8747,3,48.43220469472842,13.684090368418818,7,0,0
5522,1,24.999549863993987,24.747630027771752,4,1,0
1044,2,122.04229595988367,19.18569051793204,5,1,0
7334,2,11.879353991482478,0.575274234206784,6,0,0
1557,2,28.288206307298044,11.087038777741355,5,0,0
3739,1,28.966059339358612,11.384325671257264,4,2,0
3522,3,17.03335535646507,16.284097459180913,5,2,0
180,2,47.509147166397135,3.9369226551373764,2,2,0
2115,4,58.032503801478256,15.287411855442466,6,0,0
1699,6,23.206267330636255,17.62495094824336,2,2,0
1379,6,52.385848732435996,0.0,3,2,0
7229,2,11.662302666399295,11.483712663925608,4,2,0
9143,3,33.40710233898818,11.127339270196428,5,2,0
618,3,28.60276226638699,18.50648315006952,6,3,0
3181,2,36.15373305790876,15.27243847768574,7,0,0
9851,7,59.73104372219511,8.028382283903126,6,5,1
1600,4,29.662105474105942,9.080248116273655,8,2,0
5963,2,14.587051624046934,13.693847528034688,4,1,0
1615,4,23.889754056684396,0.0,1,1,0
5920,7,64.7060531462812,19.29139384785092,5,1,0
9591,4,101.06797508087655,7.539090994591958,8,2,1
3891,2,98.42240505983224,6.289374673796909,4,0,0
2083,2,77.90588012457758,15.134612203312752,3,3,0
4574,3,26.554440688280582,14.425900335737369,5,2,0
5594,5,25.580964551624607,0.0,3,3,0
5121,5,7.406612249641013,19.077111473599686,2,2,0
4587,3,33.84349786167316,16.32275607277628,4,0,0
4902,7,65.00027995422245,15.399908453359819,9,2,0
8252,5,43.747979928338914,16.498043904394653,2,2,0
5916,5,15.123575881421047,14.404524866103333,3,0,0
5129,3,56.92662449320806,19.60308477377471,4,0,0
8334,5,152.13261923993213,13.358903286485992,2,1,0
1918,2,79.56388790254294,0.0,4,2,0
8330,5,75.30751665426894,16.84961230790364,6,0,0
5707,7,18.233935126110385,13.683695716239857,8,5,0
5384,3,49.26778247232424,1.728134553012632,3,3,0
6336,3,20.477384083159766,12.438011493622149,4,2,0
2054,1,61.29260956648138,17.182461046207436,3,2,0
7612,4,50.86775945180001,17.02079394172289,3,0,0
9209,1,89.05817592351325,15.065338084700192,1,3,0
3963,3,25.147880296683354,15.441417055998874,9,2,0
1126,3,36.657442184654,10.416120913271241,5,1,0
3428,3,14.018769060991978,4.286143710978832,2,0,0
4601,4,39.829128770636125,26.025811951344124,11,3,0
3721,4,61.2117792974941,17.370652871968833,4,2,0
2389,2,122.80138037650387,7.624252731325156,3,0,0
1322,2,102.29716657918969,2.4168633280248866,4,4,0
1603,3,34.9633159318458,8.98008421178591,6,1,0
7224,4,213.93629895649633,2.047569446451279,5,0,0
7425,5,62.17771980809675,11.836414017443822,5,0,0
4336,4,45.04693302701896,22.25516609149539,3,0,0
5593,4,33.52315917443355,3.3663083461335823,6,4,0
4411,1,51.711019811644746,9.09508380465789,3,3,0
5858,8,127.36193703642411,13.969108387285894,4,2,0
9343,5,69.27270349720156,2.5434482536257867,4,0,0
3991,4,75.79578417373189,14.11433578225321,6,1,0
6079,4,46.74636320509015,6.768706774277752,12,0,0
1559,4,115.30886630459902,10.306889397114738,6,2,0
4682,2,54.84222923552368,6.266191271160374,5,1,0
7557,10,27.507357477975592,12.365282391433336,10,1,0
3772,6,134.41654035343706,12.130323359223084,4,3,0
8779,2,53.29838414249368,18.261981056910415,5,3,0
3457,6,96.34439171395279,23.16198737252236,5,1,0
8383,2,59.89877955000868,23.2819658905318,4,2,0
1354,1,45.61380257536768,16.38333444519083,4,2,0
45,4,29.344327586669095,10.547701603222142,3,1,0
9872,5,72.81846769135815,9.356061049971283,8,3,1
748,2,66.93388064329773,11.591424294445483,4,2,0
7917,7,74.89055097301978,9.131815163237953,2,3,0
4241,2,50.73524281397504,11.898414458830947,5,1,0
5628,3,53.84671726101408,5.532716528609004,5,1,0
4657,3,46.03914719485411,8.300871941614119,4,1,0
4238,2,23.65965503333741,12.955135166955998,5,0,0
3460,1,75.26191892201751,16.912629426774487,4,2,0
7381,5,31.303911448640324,13.700967740961358,4,1,0
5549,4,66.19506799358953,16.648942609889033,4,0,0
7075,4,35.8460848508301,13.59032120733878,2,1,0
5838,5,30.53749218252258,5.040175652943061,5,1,0
8091,3,73.15165709373869,7.44047402547854,6,3,0
5474,4,138.03106500156045,7.203568603535092,7,1,0
3614,3,33.63891384713207,17.322986055496994,4,2,0
7501,3,30.363930137934297,15.37680181645375,10,0,0
7053,6,48.09422919350668,11.299815913333115,3,0,0
7367,5,60.06498805079436,15.918729950662097,7,0,0
8019,4,97.45214433857197,20.22117887867336,1,1,0
9638,5,148.55071308533232,11.924628395055489,7,2,1
9055,3,36.21785101065162,0.0,4,1,0
664,4,196.85822286944625,10.473636508345672,4,2,0
2319,4,40.655949085653226,0.0,5,3,0
3542,6,36.20567643736654,13.672901764172588,3,0,0
3677,5,29.88949207864203,3.6420657297248624,3,3,0
9599,5,125.62606107108365,10.296236151136986,7,0,1
3091,1,27.988320773373975,22.95784894026988,6,0,0
675,5,53.368656434526564,11.800762953602048,5,3,0
8676,3,134.04436418021083,22.97335566052915,3,2,0
4884,3,89.08895636467744,21.908358016145122,3,2,0
8079,5,61.15001428820435,13.166885488817996,4,1,0
1962,1,113.22346171591015,19.57020340663509,4,2,0
1840,5,116.39699063278036,7.8047384901546835,5,2,0
7168,1,17.49299995183326,14.520771527215802,5,3,0
9898,7,62.78811583162989,10.422240042182565,9,5,1
3538,2,60.02161669188592,0.0,5,3,0
8026,2,30.517690174486187,12.970962741345597,3,1,0
4866,6,22.699643661048746,6.516784243029079,5,0,0
4174,2,47.89816353512305,0.0,8,2,0
8088,2,11.949782804088006,5.407290252966556,5,0,0
4377,4,49.046463276778496,13.288903827503246,4,0,0
6211,3,47.16108381001015,7.717248488470048,8,3,0
4766,6,39.89564160874914,12.374033904348238,5,4,0
411,2,58.18900999560687,5.24225719987863,6,3,0
613,5,26.963185342365993,9.083228885826895,4,3,0
6126,3,25.493892406590287,15.926612010115887,1,3,0
5210,1,62.597048327163854,7.652969692863489,6,1,0
1430,1,209.1221883558677,15.495391429131363,3,0,0
2425,2,14.916752241740344,18.63339616129226,4,2,0
8841,4,41.675859905798184,8.335994178083496,4,5,0
3833,7,28.49352722376003,6.892525879221301,7,0,0
4718,2,78.53692140142468,16.99381051416856,4,2,0
7185,2,32.29517805877606,12.9527288739925,3,3,0
1417,3,69.20278882743996,20.92548429151946,3,1,0
7199,5,38.84184124506036,11.847782221651194,5,0,0
604,5,30.95308381411309,4.736203748272797,6,5,0
1272,3,71.50774275381454,8.322211525538629,3,0,0
3964,3,74.40994466953138,21.69361836122152,9,0,0
6367,6,72.30390670503142,13.254443426879718,9,2,0
8746,6,49.436848735725974,15.481579615169212,2,0,0
247,4,37.97051288374006,4.4808931009591975,7,1,0
9226,1,135.92582450807615,0.0,1,1,0
1982,2,43.97039846836161,0.0,5,2,0
2835,3,15.480154697755303,16.656741651221584,5,0,0
5375,3,12.780069261842069,20.431372380879832,5,1,0
199,2,25.981295985582918,10.502211604685668,4,1,0
485,4,18.489825641701938,10.401594214497901,3,1,0
6083,3,14.458926443534306,6.372482134147658,6,0,0
8956,2,70.83476655019543,10.258338736613682,3,1,0
455,4,30.724703168763565,19.460855877439776,7,5,0
9798,5,203.03299613845851,15.780623474809238,7,2,1
8826,3,101.90942658157226,3.7378681765107444,7,1,0
6515,6,37.081800063279665,4.002697235420872,3,3,0
1721,2,82.8243598406941,13.02556878022614,8,1,0
7050,4,35.85206705634119,11.528149649562339,3,3,0
6382,2,74.6516072955386,4.564834658025916,6,1,0
8165,2,36.27041741485955,16.249047257197017,5,0,0
5767,5,27.577458426399225,12.772224775793198,7,2,0
5809,4,85.84342317961854,0.0,8,2,0
4626,1,30.047959221843712,6.66471254816853,5,0,0
862,2,48.976745456185306,9.138032722040839,4,1,0
2094,5,25.8994446360922,25.277605758725485,3,0,0
947,2,47.896245865331345,3.3890999993531423,4,0,0
5641,3,90.30929852974941,2.866206529108208,2,2,0
1444,3,26.303450459886076,13.068384599050038,4,1,0
1280,4,34.43078319086423,6.546864192241702,7,1,0
3110,3,62.135338412602096,17.466133394354372,1,3,0
8952,3,35.70197079223433,15.875869858403162,5,0,0
7609,6,26.780037401670885,8.583870521156934,10,0,0
5135,3,20.279422628746484,6.50333428446972,6,0,0
3016,4,12.99419878937515,6.173778506921833,2,2,0
2302,2,25.809478081348654,27.009342071229867,6,2,0
2004,4,21.764952238388798,2.100257547644297,9,1,0
4580,6,39.969054463145795,0.0,7,2,0
8704,3,47.484866521461875,6.548933645904198,8,1,0
1005,6,29.36440923335999,1.2085482099224958,6,1,0
5138,2,127.42563633902266,5.311037695894113,5,3,0
4317,5,13.919803665027558,6.06447624521652,4,2,0
6558,2,27.675139434026132,4.487444486496963,4,0,0
4387,2,40.120326190601524,12.135196939395685,4,3,0
2132,4,38.16198449579203,9.383725271800678,3,0,0
4265,3,32.26939966409388,17.064230046318983,6,2,0
2057,3,86.12785968193423,21.515878776839305,5,1,0
5386,2,54.473295251908205,0.0,6,4,0
229,2,28.055854450944018,20.865718614686518,3,1,0
2889,2,173.06629654699083,18.837963367147093,6,1,0
4472,3,55.472473897937824,14.98238530812544,3,0,0
6064,2,49.607788180018936,10.917904288139272,8,2,0
7924,4,40.433124681997036,0.0,4,3,0
7649,3,75.05234805300397,27.085285337136632,7,0,0
8381,3,38.03758835967308,2.3451371263951515,5,3,0
209,1,31.606637812102484,1.6315123043989868,3,1,0
2758,3,347.3444943580121,8.276305235017643,2,0,0
8471,6,20.586612077135843,16.310197044843264,9,1,0
2948,3,62.735407495209046,9.53247396866076,3,1,0
7116,2,24.84149744579659,8.857902487261484,2,2,0
6330,4,33.72758898793129,16.323202856497208,3,1,0
1728,4,53.32792736301431,13.24353343684785,8,0,0
4176,7,25.5515300550608,15.505039517167393,7,1,0
337,3,35.84106777352889,17.407083595703973,7,3,0
4984,3,17.66873176226666,5.435847747722943,5,2,0
6878,2,29.051235634979133,10.108968874531806,4,1,0
7248,3,44.52428270543342,22.572666680934283,3,0,0
8452,6,52.67585090106143,15.266609979147214,5,1,0
1226,6,15.94982995101969,2.719283960098201,4,0,0
7608,4,45.97177214447168,7.366712628044405,6,1,0
6827,4,47.695096943645595,3.0467800430692122,4,2,0
3540,3,33.20988586930244,11.447860457206014,1,4,0
5868,1,27.85782332745501,14.578331623348285,5,2,0
2111,4,34.06053925575563,18.453560831179562,4,0,0
2691,3,295.66632718788264,12.835455393644253,6,0,0
7153,1,55.90581580445333,12.233775329040725,6,3,0
3707,5,34.580398254087676,14.362484808098989,2,4,0
1017,4,63.583929903914246,12.295887943486436,3,1,0
8511,3,17.429452110313115,18.441753913814374,6,3,0
2807,5,82.42617253675317,3.5393943056494166,5,2,0
5015,3,52.20031912071206,11.80834989048379,4,3,0
1928,4,41.566118291361164,7.472234340427721,6,0,0
350,5,89.16575681963229,4.84511532505673,4,0,0
5173,6,24.989025081641447,13.750365310143996,8,3,0
4192,7,66.55348096792416,18.91479165846387,8,1,0
1934,1,82.03205076388646,11.937423454273702,8,0,0
6901,2,63.11097724297217,23.738757866419633,3,2,0
4823,5,131.38116063067466,26.300494766945672,3,1,0
564,3,37.051837199152956,4.059812838451617,5,1,0
1582,2,44.19656514317054,19.495294312808056,4,3,0
4694,4,20.51838267509131,5.12838140237802,4,2,0
2175,3,31.582541844172503,21.563261567616003,8,2,0
7028,3,16.050827963980378,0.0,9,1,0
4880,1,85.19416467121226,10.380720193731102,4,3,0
2228,5,37.995894530356026,4.5446619944456845,10,1,0
1115,2,34.008769008486404,20.059814763090497,10,2,0
3126,5,33.82333939883662,16.41025122574129,5,1,0
3544,5,66.63235201513878,22.202424877289463,6,2,0
5048,3,20.697307899664718,8.125444031679098,3,0,0
7476,4,14.499579000049927,20.430279230152244,5,0,0
821,4,66.23831424236796,12.820215753267794,4,3,0
6532,3,87.18698194062392,21.424420289608268,7,1,0
2272,5,70.41891146527306,19.066271509045887,4,2,0
5545,6,75.63507637557441,14.594961331650746,5,2,0
81,2,10.487233300096536,2.6529631347957547,6,2,0
1323,2,41.68425757750632,13.775456326776643,7,0,0
9405,5,19.755955089030923,13.23985073854204,3,0,0
1614,4,14.337374353482698,11.211702734616178,5,1,0
831,3,125.66292920903622,4.213431031106532,5,1,0
3883,4,86.92257020152516,1.9553733442090042,3,4,0
8641,3,165.7779725971769,13.108121593456833,3,3,0
4464,6,68.4347587136298,7.772173032950386,3,1,0
5339,1,50.379422496787804,8.36088147927706,5,0,0
8066,4,31.65371888387688,3.1350471546267418,4,2,0
1649,3,81.48274765505415,11.977041893266062,5,0,0
4065,5,39.814963422692905,7.336073063942749,5,1,0
9665,4,203.50289222420213,7.172351727535878,9,5,1
3038,3,36.640920456984155,4.474919395353111,2,1,0
3320,4,73.80056623318129,19.953589658770767,7,1,0
7143,4,65.30692641496427,14.383020016984634,5,1,0
6889,5,88.16259922095942,12.336308042488959,6,0,0
5092,5,69.47729267577557,6.922005845956825,3,3,0
3720,3,42.638435298043554,7.190339013108728,4,3,0
2423,6,46.78758036456062,1.7104736956702808,7,1,0
749,5,28.795311958043314,12.536222909506227,4,0,0
5271,5,141.6457178886789,10.220836342166118,5,4,0
2373,4,41.471528829846804,30.0,8,2,0
4693,1,48.76814738017672,9.832100641945498,4,0,0
9879,6,28.883782678392812,0.0,9,2,1
8370,3,146.80342706381225,13.675580728774408,5,0,0
7319,3,58.74122948746927,18.746080225363844,4,3,0
4368,5,117.61028716394148,5.529526077097756,6,1,0
6785,2,21.36410119862717,11.168354743758623,2,1,0
7401,5,75.73833584789864,14.297928855384926,4,1,0
1139,3,23.821281449997244,14.497650468920797,4,1,0
7631,3,48.79736013332442,11.190034846662279,5,1,0
2231,5,56.88210962375001,4.300044706254122,4,2,0
2164,5,22.78076832045919,10.551857791465522,2,0,0
5217,2,50.85513435486294,22.22020599595695,4,1,0
9444,4,33.16050679056166,13.85328492829017,6,1,0
9237,2,72.48304499536673,10.728627666634276,6,0,0
4561,5,25.666159735940035,8.06657960909067,4,3,0
1570,3,103.54018767437938,20.489893547692574,5,1,0
172,5,33.10111179376784,15.279239621329964,10,0,0
7163,6,31.350945417164652,1.1203315662743503,8,1,0
2087,3,80.87300024200403,13.124857814863509,5,0,0
4667,3,17.671466180186354,14.930383815981694,4,2,0
4565,3,70.2653749735008,15.01243515113262,3,1,0
7089,1,36.482397309965364,11.114583301809498,5,0,0
6569,3,26.000592891897707,17.503455637978256,4,1,0
4783,4,42.93869193773263,3.1947717564067624,3,4,0
2684,3,81.66346829327532,5.158842479797619,3,1,0
1832,3,45.21080413152216,11.930113049023229,5,2,0
8546,3,29.685911120277805,0.0,5,2,0
5065,2,48.73284731651094,7.596934642809643,2,2,0
9130,7,41.28242349059983,9.39014032301863,5,1,0
9355,2,44.98073179627137,10.881450192893615,6,0,0
4412,4,170.42312354350656,15.987564822583952,5,0,0
7207,2,8.122181427414523,14.471480956889163,4,4,0
9890,4,28.392443757654938,0.0,5,3,1
834,4,34.14481603220139,2.282645228335177,6,2,0
6821,1,30.883898311494452,14.819410771003017,10,1,0
3781,3,69.36381506959191,17.358222150105068,5,1,0
9012,3,101.20305867155156,7.230488812888445,6,0,0
7499,2,66.26691438930847,10.516703653390259,4,1,0
3424,3,17.413676769539148,0.0,5,2,0
65,2,183.49814354216608,15.188962357737955,3,3,0
2963,3,182.70223754080962,0.0,4,3,0
5669,5,74.20752590693567,5.294516040677261,4,1,0
8962,5,99.7960175625133,6.9554934935402635,6,0,0
354,3,31.262669196492276,16.11856811230095,3,0,0
8171,4,49.14198027484247,9.683079166708565,4,1,0
4030,2,35.40466653065113,0.4219467974908859,8,1,0
8534,6,60.56590949301156,29.65294598116339,3,1,0
3651,4,29.02430328899669,0.0,7,0,0
6739,3,34.87744660275438,9.06791936428276,10,4,0
3297,2,62.28706397734539,4.5555077989234345,7,1,0
4127,3,17.27835074625085,11.004228283353997,6,1,0
8043,5,36.102319528065,16.28776650999803,7,2,0
4767,4,78.39687844303019,7.659006755623539,3,1,0
472,5,83.18507835400982,6.907351488041493,8,0,0
3761,3,33.07756264263845,15.369919155116687,7,1,0
8617,2,45.28340436664533,10.112955414556001,5,0,0
3566,6,42.71788002178795,19.670695154273897,4,3,0
2760,2,81.93952682485515,10.476641674026803,2,3,0
868,2,45.50040676987036,13.08276181789723,7,3,0
9382,4,100.81410977664864,16.01419765140912,6,4,0
8688,3,28.816383599885715,12.690363227235395,4,2,0
4052,7,256.4765807158819,16.74600601715379,7,3,0
6130,2,213.16645422684593,2.6903751942520486,6,2,0
3244,2,47.231212796178504,18.39293852008177,4,2,0
4842,2,36.09843744289399,6.397184852161058,4,0,0
9330,4,52.63741202980304,9.556294430174557,3,0,0
5640,6,34.611543698270594,14.974601575807021,5,1,0
5780,4,46.0308439027051,0.0,5,3,0
8540,4,73.17698241668897,5.7608569066150235,5,0,0
1075,3,61.43398442552786,5.267501790363699,1,2,0
2957,8,50.843310112600484,21.364566196934938,8,2,0
6752,2,29.67973653071973,18.31367426228445,3,1,0
8657,4,195.91181999265274,18.509448634941446,8,3,0
7272,4,101.44083140917822,3.072183899533016,6,3,0
4759,2,51.754250018044395,16.796066053282885,1,0,0
4862,5,50.95384795152989,14.971218927065355,4,1,0
7025,3,14.108447369552884,9.802348771275103,7,2,0
7647,3,97.04961933099813,17.844982071085784,5,1,0
7161,3,120.45580133759788,8.838482953174962,6,2,0
73,4,25.394252146085524,10.49545844437198,7,2,0
4901,3,29.515428660622355,0.0,3,1,0
4375,3,38.03332786426258,19.032787033941602,3,1,0
6698,4,30.071745561877187,23.88280953775938,5,1,0
9805,5,125.80684906373465,2.5172624427148387,10,2,1
1101,6,96.43135533786365,10.669754777186895,7,0,0
9537,2,54.818626360244465,12.156457108359657,12,2,1
7655,4,105.06701209672917,10.79862538128868,5,1,0
5235,5,5.325846917621879,0.0,5,2,0
5165,5,48.77955144522028,24.572064406844305,5,3,0
118,4,33.850072362933794,18.74927319601558,5,1,0
2022,3,111.96640320935468,6.34622497000805,3,0,0
9885,7,90.08386318060634,0.0,6,2,1
2638,2,48.70024802924234,14.075930487809789,4,3,0
2034,2,61.41925624201494,22.67729570412026,8,1,0
2564,4,26.892126508245973,18.67855727922806,2,1,0
8665,2,24.23047758813339,30.0,3,0,0
3543,1,45.847984145859364,11.653533368413147,3,4,0
1219,7,95.45598450477918,18.669945854835564,8,2,0
9714,5,18.697245858940047,0.0,11,3,1
6711,5,25.307671563354692,16.86015668562919,5,2,0
2903,4,52.69100454850549,18.93968572210833,6,2,0
3026,4,40.921253539235835,23.366355056621657,8,1,0
2510,5,40.553324980819944,21.765721510199526,4,1,0
4201,1,26.568896918238103,7.932782549462121,5,0,0
3207,2,30.745936540527847,14.622456357979377,5,0,0
4489,6,51.36963082981951,0.0,5,0,0
2755,2,73.43889208553402,19.75363584451147,9,2,0
8889,4,58.810883774144436,10.933527161618159,5,1,0
177,6,72.1301600927031,13.206165764042245,6,1,0
1643,3,24.224344456987065,8.59898161656102,5,2,0
9292,11,13.20314125133362,15.956755225100393,11,3,0
3518,3,28.18560279834174,14.278722446424439,6,0,0
1374,1,42.013467188664485,20.12152401642245,1,3,0
1720,3,36.15883562492995,0.0,6,0,0
3995,3,38.72630927114828,9.92869625079875,8,3,0
3688,4,36.95504544999573,12.29705274773021,8,0,0
2264,5,9.262947010761799,3.1555874143586973,3,2,0
87,3,80.75273488207266,2.2692664652416195,3,3,0
2848,4,14.951684775191831,3.3462710023542552,4,0,0
8687,2,48.106709764341076,8.51517213049277,3,2,0
403,7,55.4541709057969,14.7663235208356,8,1,0
9900,5,170.97593137886275,6.82307222929385,4,3,1
4077,4,38.651452036776284,9.159138176832531,6,0,0
6835,3,35.49424361994293,17.721429221846314,3,3,0
6537,4,58.649345176075144,0.0,4,2,0
2456,1,30.95403047510411,22.08130683290687,6,2,0
2751,2,26.01392590231778,15.587654374498554,9,1,0
2214,5,209.5682629085171,7.840390256880115,2,3,0
1027,2,13.472466354392772,21.9248852959202,5,2,0
9703,7,140.9999618345238,1.2881599488144744,7,4,1
1421,2,42.70224809881001,0.0,9,2,0
2436,1,35.18487974808045,1.1560939418423857,6,0,0
4277,2,92.2139001566214,20.923840285486893,5,3,0
9609,5,163.92791502701735,8.115675683271999,8,3,1
1278,2,43.4220587047353,10.432181364595916,10,1,0
6220,4,12.292712498319405,1.576743614110466,6,0,0
4907,1,193.40932612877077,3.7749730733625366,4,2,0
5064,3,54.38550508896191,13.170349995359906,6,3,0
1978,6,23.13871599299631,1.1095438555264021,9,0,0
1061,1,35.65441598976305,7.022685521034628,3,1,0
5014,4,21.811363027858423,26.19436371364114,5,2,0
4535,1,47.7835225450707,7.149397627800098,7,4,0
6993,2,73.58689423235194,23.44057273618671,5,1,0
9253,3,41.94843454742392,3.4273156640463434,10,1,0
1502,2,121.08435835039874,9.17219582224463,4,0,0
8568,4,55.501328825038584,7.485306278414541,1,0,0
9314,4,12.823399349057683,6.652599645249498,4,1,0
8836,5,85.4628660363499,8.38479733790155,9,2,0
8920,6,15.17998442644427,15.238958647830529,6,2,0
4918,7,16.84752639342261,0.0,4,5,0
678,3,132.710239692502,18.531832416003557,3,2,0
5076,5,89.55955811088202,25.943337286940093,6,1,0
8064,5,120.84192681379751,8.783689719081638,4,2,0
7568,4,22.785884978733815,18.08702554481802,7,0,0
102,6,87.74551231940325,10.56250195889935,7,1,0
957,3,175.9517988369855,8.007162063670439,10,1,0
8556,1,20.231385974083455,6.938738232252536,5,1,0
3785,5,34.93541947998305,17.61923721926214,5,1,0
9630,5,22.898222428161034,10.393973402705246,4,6,1
7173,1,59.10975077690781,16.811493681371086,2,1,0
4043,5,20.70471489605571,5.019893359135301,4,0,0
2648,5,26.50317528806274,22.98509188194558,3,0,0
6000,7,49.114887081223564,11.671521611322397,6,1,0
7927,3,29.76773575715243,9.47995085598456,2,1,0
2826,2,92.11691014870144,21.46990975870928,8,2,0
4094,5,50.31388555235644,8.067357580251205,8,3,0
7774,4,72.51261134447033,3.6487503426333987,4,1,0
9258,3,68.22084958920634,8.240093087154932,3,0,0
8113,5,9.166366972595029,8.021384842511797,3,2,0
4772,4,55.64349243644619,1.6672862899177652,5,3,0
1947,5,33.6051725664047,11.155476169007814,7,0,0
6109,5,62.98974901696248,10.048295981746524,3,3,0
2299,2,32.0583275956291,0.8037868177710763,8,1,0
7844,5,35.639749482718834,11.03786803049408,4,2,0
4382,2,25.167518440104867,18.76300422979711,1,1,0
5425,5,19.708558045304315,8.539744019260478,6,0,0
6771,4,26.847628434273087,8.71597929376927,5,2,0
8578,8,106.78076750138257,28.867483602231406,6,0,0
4291,2,70.22864208510612,17.45480037220059,3,1,0
528,4,19.148547169388987,12.190151798666854,2,1,0
1233,3,106.95586873930665,14.370651443427464,4,0,0
779,4,93.57369844866459,6.162823696798669,5,1,0
5859,4,25.80369071564503,3.9310559289376314,7,2,0
3059,2,71.3101291007422,16.33584967489932,2,3,0
8587,5,77.65412564945902,12.40150754105731,2,1,0
1860,4,18.672445364971185,1.0748155808393545,4,0,0
8438,3,69.51560584794598,7.745531064140329,5,0,0
7403,3,28.194066857352194,14.55212916109545,7,2,0
4639,2,26.057376197677346,4.8567116210076104,4,1,0
4250,2,52.635567752715644,1.2866349256795395,8,1,0
1992,2,45.35060486449507,8.459389261222931,7,0,0
7379,3,52.23624959220501,4.634006677313541,7,2,0
7305,3,24.061848235337614,18.230116606898978,6,2,0
5303,2,35.759415298386756,10.860727202246842,3,2,0
8192,4,57.74160174427384,15.270791065481154,6,0,0
7447,2,39.44452731774397,1.2112609308362643,2,1,0
2471,4,18.94278534055882,14.134940507197513,6,0,0
7197,4,14.726903018926867,3.670045614049828,3,0,0
5312,4,50.12261175393925,24.302195523139318,4,1,0
9035,4,46.064911654163545,18.54516568507323,7,1,0
1396,4,47.951405873318,22.798887937084494,3,1,0
4002,2,49.424202336712305,9.421890680452282,2,0,0
5371,3,32.26687020964193,20.39297023946257,6,2,0
3235,2,26.585914554079515,12.391481371007675,3,4,0
1042,4,12.140166130685436,15.543161791686018,5,1,0
3298,1,110.93930077109447,24.935165027307335,10,2,0
7256,3,21.104082885600732,8.210241152420473,8,1,0
257,3,131.17110944926293,11.458354043385992,6,0,0
7286,3,18.244873439393274,10.867807452139003,5,5,0
8616,2,40.110976173943534,11.066864964728214,5,0,0
7816,6,27.92244095101245,15.731980430631626,3,0,0
5843,6,261.14784354083764,17.424641678167234,3,2,0
2089,3,19.38469796005935,13.971459791441225,6,4,0
7702,4,87.13568116930693,8.755094624454594,3,3,0
503,3,68.26748550581871,5.800548582786261,4,1,0
5265,6,24.1391847826468,15.276759596105325,6,1,0
8814,3,122.82528409731216,11.047118506483153,4,1,0
1345,2,58.7799763276437,15.238831496603567,5,3,0
8455,4,73.52434501458683,7.2440045898983385,6,1,0
5046,2,37.815917266776495,0.0,5,1,0
2248,5,10.086647096569246,10.670598126213571,12,0,0
4981,3,34.280273105497756,16.60701136947948,2,5,0
372,3,25.418288001655284,18.109887164336502,3,1,0
8454,6,31.844133228874654,20.78462796772427,4,2,0
3370,4,110.64584268168248,4.765363857760003,6,1,0
2006,2,19.588579827127045,8.431011961240461,2,1,0
3656,1,30.96438059151072,8.139804823600599,6,2,0
8327,6,39.225199316310395,13.140849411970875,6,2,0
7521,5,65.19038489931638,4.876942469634847,3,4,0
4001,4,78.95559671785784,0.0,6,1,0
6072,5,20.9740144571171,9.132073478226989,6,1,0
8736,2,16.733818068519646,0.7306516323071737,9,3,0
997,4,41.05403415643452,23.76407276228064,4,0,0
8179,5,37.64757975052903,8.718409132634774,6,1,0
3290,9,42.44185517293201,13.69330425314308,6,2,0
1176,2,49.13483582193251,16.374932838333603,2,0,0
551,6,13.10255211894492,4.6049956126771665,5,1,0
744,3,24.000727683166588,12.586235533633758,3,1,0
7223,3,31.7057424296101,10.137727197492357,4,1,0
4554,7,25.840389395492096,12.367740577784344,9,0,0
2859,8,44.17413961758827,4.519529564087814,3,2,0
8820,5,53.00705769544032,8.362714062024597,4,0,0
3459,5,10.13601825158021,12.83687744763349,4,0,0
2724,3,39.505008005693895,4.547635960272078,4,3,0
6847,3,101.1346568608446,15.652508796029688,10,1,0
7615,2,46.86004619577357,14.201062171437485,5,2,0
7547,2,55.30106391647059,0.0,5,0,0
9174,6,20.07547982051293,22.683940443797987,3,1,0
6393,5,46.17655507872092,16.029596800610957,4,1,0
5358,5,15.501675639468168,18.363579302694124,5,0,0
9488,1,14.808796090908725,7.409748017042074,3,2,0
2968,7,93.17652466175703,22.841926192670794,3,2,0
693,3,41.97112467531155,3.1535141552052313,2,2,0
2533,5,29.112111998289336,19.992395894755727,6,0,0
6399,3,50.14462432240707,8.517754914294429,8,1,0
982,2,178.20897495783257,10.939380877396047,3,0,0
5364,3,30.15368005354955,19.234108971439927,6,1,0
79,1,80.36637490502434,30.0,6,2,0
4053,5,24.619639285146782,17.996058711936282,4,0,0
6258,3,29.085233193184962,21.234929956050028,5,0,0
9576,5,59.8953383444261,9.255875421450813,7,4,1
9025,4,58.3475758047577,10.667915660510031,6,2,0
3107,3,90.59154591169097,5.828376553610572,6,1,0
3601,4,34.92957466716738,0.0,2,2,0
6073,4,34.18025438321124,10.07922146982565,4,1,0
8126,4,36.544776262099745,9.195084117907939,1,0,0
2142,5,139.25600455031125,14.676919114218641,4,1,0
6310,5,17.598316219750924,6.8320487729938835,5,1,0
2268,2,38.39354208308013,13.16260988879291,9,0,0
445,3,26.175661912071405,22.328795532637084,4,3,0
4883,4,21.139499038004605,0.11903410253543178,3,3,0
4466,2,65.8449841122331,4.355728368831057,4,0,0
9026,3,26.906654430784435,21.99816151398499,11,2,0
6632,5,112.96370573691149,12.421902425730773,4,0,0
3316,1,53.53392485577528,9.758559631090664,6,2,0
1701,3,27.030630584284907,3.1143403224737813,6,2,0
2526,8,120.22603863171044,9.71374039483292,7,0,0
68,7,149.02313497741991,15.173802158849242,5,1,0
1168,2,25.30450247713969,6.810416964166179,2,3,0
48,3,22.17757961932241,15.77135846973645,4,3,0
1053,1,21.373923817723373,13.725972039188402,4,2,0
4029,4,68.54145374423896,12.406150359387917,9,4,0
880,2,85.13978390066272,6.468986551973438,4,3,0
2651,3,63.91288162878706,9.815087190021794,5,3,0
7759,3,74.07286356986427,14.533666553807079,4,0,0
2439,3,66.71934208751463,18.453082360310958,2,0,0
4924,4,34.369984786119424,19.92265408040882,5,3,0
1467,2,22.02363609551527,26.942161840666877,7,0,0
7292,3,21.55082116558027,19.64823251774023,7,0,0
5035,1,120.10338462012498,26.237830982070694,10,5,0
2441,3,63.95491158209144,12.026663535284404,7,2,0
6554,3,32.60409483789752,27.098037728305492,7,0,0
230,1,161.20484428472864,18.768246743585735,3,1,0
1320,5,47.7117669373375,9.537671024152791,5,2,0
41,4,20.712567858378,9.041766655934582,2,2,0
777,3,19.281427537058825,21.714618087511447,5,2,0
8950,2,58.401019416846005,8.9171679819492,5,3,0
8404,3,33.37775713584652,8.772552973189349,6,1,0
1729,3,65.3864366926327,14.388881358771089,3,1,0
3910,5,49.372854743711706,6.088652316302557,5,2,0
579,4,62.45870294309918,4.758176225217449,4,1,0
9941,2,49.479954596093044,12.22730939884639,12,4,1
5839,4,63.658383711836635,6.334642032892283,5,4,0
8271,3,94.79819985046491,10.74548478953908,2,0,0
7275,4,25.682580289036984,13.144324126508799,7,1,0
1491,2,76.7970181496724,6.179933121475495,2,2,0
9109,5,36.39241456404284,10.471564171869126,2,4,0
5610,2,33.12200958981878,12.027238370570565,5,1,0
61,3,126.58735411393084,19.506139018877757,2,1,0
5471,2,35.524974627854604,1.8650676215495903,6,5,0
3905,2,37.299906299957435,15.841550117711616,10,1,0
6531,7,52.88627576844347,22.848982525754217,6,1,0
402,7,119.34640600151641,9.538014671086945,4,1,0
332,4,43.29575898227674,17.522151990729583,5,1,0
2084,5,45.92604531699137,1.2015671339037315,3,2,0
9557,5,137.01206432076557,1.6772547604958525,10,2,1
164,3,60.24075526841404,18.05508384415763,6,0,0
4379,2,40.01287454755052,3.5310951727324316,8,0,0
2715,6,37.9944899837654,8.263963582647133,4,0,0
8923,2,29.57107696762926,17.62260352017305,6,3,0
7346,5,31.085401677933813,15.416285949164251,3,0,0
5453,2,82.3822785712438,15.491401605278377,5,1,0
7046,2,20.076667863456688,14.465398912226565,5,1,0
1334,4,19.50649446182257,14.053453777314568,3,2,0
8698,3,42.130690924828556,30.0,3,1,0
1659,6,119.95146843251409,6.474781035087858,5,1,0
3578,7,49.192829037467405,0.2553343877632557,2,3,0
753,5,41.12725886015828,10.641917094536664,2,5,0
6584,4,34.65699322784807,1.5519289700735257,1,3,0
706,2,35.054549782434805,15.656615990589327,5,0,0
3014,3,28.618445420991005,13.049399152707771,5,1,0
8558,3,36.42038725647699,14.246995880745969,2,0,0
9875,5,105.87963867228099,0.0,8,0,1
9582,6,183.87372490233068,5.725658612881198,5,4,1
8928,3,71.23655506494514,3.0008650586874612,4,1,0
9556,5,64.17143270996249,6.556833832889074,7,2,1
8983,6,165.17485030916288,15.150297473247708,5,3,0
1834,5,44.58338799833599,17.22790823230598,4,1,0
2996,3,17.587628945816636,10.424151825171743,6,1,0
5427,4,53.13618268296363,13.101581094394808,7,1,0
3879,3,29.60665657863927,3.7139185840961826,2,3,0
7156,3,63.55125053039601,20.345196841961954,3,1,0
5081,3,51.89485032248718,6.178055686245857,1,3,0
9114,3,34.01323825804307,12.379760114363656,6,0,0
7244,2,33.961097498766655,13.920110189162735,3,1,0
5400,5,46.71297877568769,14.883359891210272,10,1,0
5395,2,28.80598748382395,10.969410332221099,5,3,0
9427,1,73.36531497123848,8.561440087583696,3,2,0
2246,5,56.52049159617366,8.884078480053578,6,2,0
835,3,89.85250688439342,23.535394996324595,7,0,0
8394,2,103.32661521738162,15.47471085032333,4,3,0
9042,2,39.18959192495236,5.799227460167911,10,1,0
432,3,114.20723977414545,5.307329755947641,3,4,0
3378,2,38.603468610319595,13.18603223073013,6,1,0
6817,1,144.31764476039402,5.684666045340813,3,1,0
8131,1,34.68975932452909,6.104954299983449,3,4,0
9621,5,56.871226593005886,17.342169371239336,10,7,1
6066,3,34.23194956826668,25.248714585450863,5,2,0
1193,1,47.42906682310255,0.0,8,0,0
6934,2,22.959481935525897,6.579460203867848,2,0,0
5461,7,38.06497627492216,10.756690145568621,7,2,0
3071,7,32.050636063248895,14.26147441092117,8,2,0
3044,6,130.27320257054893,23.56602387200134,3,1,0
3263,3,55.45228503300201,10.21107519183873,5,0,0
2729,2,230.41202521614798,18.24171525713295,6,2,0
3433,4,62.18883515619371,5.387389455006934,1,1,0
433,3,28.455628732848325,12.550019696172493,4,2,0
3272,2,22.82721795203492,5.548167238585199,7,0,0
7001,2,44.27218657863624,12.302884365893892,7,0,0
9726,7,275.78257246434606,1.5840677509084529,8,6,1
104,6,16.50683903558453,8.302823202036178,6,0,0
3315,1,100.92590881762992,1.4232017098278789,6,0,0
1656,2,163.4126590220386,12.817296311995666,2,1,0
1533,5,53.05072939745101,16.951183813188656,4,3,0
4680,5,45.47823386034192,20.552225139241862,2,0,0
8813,3,33.083201581685216,9.882030566559093,6,4,0
9002,2,39.41233019597834,3.356165009766544,4,0,0
6622,5,77.40919240292678,0.0,5,1,0
1443,2,44.14057060986793,6.561201831884328,6,1,0
214,4,56.220594824054004,9.02945202616339,4,2,0
5356,3,41.457398114505956,6.594292042119551,4,2,0
9218,2,90.45188997114911,15.537354649900001,5,2,0
6322,2,11.75434435468448,17.070135832622164,6,0,0
4989,4,73.6955734089999,0.0,3,0,0
1419,4,112.16201138676051,13.213875047042341,4,0,0
9516,3,193.40331546029358,8.179556409761364,9,3,1
8606,8,71.91876311530027,8.39812728252167,3,3,0
181,2,16.540311646513718,4.475795108509105,3,0,0
4352,2,81.48354898466533,0.0,3,2,0
8700,4,57.817906963876446,1.9214660324001773,5,2,0
2446,4,36.98631789540545,4.196534197625812,4,0,0
5321,2,19.813195186006816,11.475794514995446,9,0,0
8045,3,21.58164253076149,9.423366181045276,3,1,0
5684,7,120.58439333706539,30.0,4,1,0
3532,2,45.60729921688843,16.33825784399594,6,2,0
8244,1,27.217927082007034,6.811531896395019,4,0,0
7976,3,31.391273084341776,0.0,6,1,0
3698,2,55.96450892101169,12.910238969933927,6,1,0
70,3,13.206624875545725,7.174521112429044,7,1,0
544,6,43.356017832703415,14.138204494446281,4,3,0
1204,5,30.607604879400732,14.303695568997417,3,1,0
3078,2,100.32910605166879,7.683022307773083,7,2,0
9106,2,37.141167554363996,0.0,4,2,0
9120,3,64.17157996746782,6.059428742935562,3,0,0
9680,4,103.78174979427548,7.337559791996874,10,3,1
6180,3,65.66128163951949,11.975307478114967,5,1,0
8329,4,115.24901669147457,15.727734471872282,3,0,0
4284,3,44.16275217122341,16.289663078876014,4,2,0
4007,3,96.76045984334856,2.9672863864653465,2,0,0
8713,3,57.10485374700138,10.402090578832656,9,0,0
877,8,345.2722633462011,20.91929514338905,8,4,0
8060,1,76.22040823395932,14.158649926290279,3,1,0
196,6,57.716264310352926,11.084821413160359,7,2,0
9746,2,55.271251702056546,8.555657554240256,4,5,1
4010,3,31.452684576698672,8.557115180524104,7,2,0
9962,9,130.9489884574452,4.92271098065304,3,2,1
2571,3,34.433881582375335,16.51066925369344,8,2,0
3753,2,37.697327973072696,19.531545880605563,7,4,0
9247,5,39.38387209978152,14.785029385521334,6,0,0
8628,3,7.916473596554883,0.0,4,0,0
9368,8,14.88789976086615,7.785169438058034,6,1,0
6159,2,29.391593553875506,7.302887323423626,5,1,0
4791,3,97.03686451780816,12.97796372968047,6,1,0
5337,5,27.693704117772448,11.745004463527682,2,0,0
3024,4,92.17770153841056,11.764398288329303,4,2,0
2718,3,20.35847204135028,23.98465617519011,4,2,0
8655,5,73.58239739275774,7.904756560092551,5,1,0
6916,4,42.87090889386979,16.967854258338992,5,0,0
3984,4,29.196867034970367,0.5831773276822734,3,0,0
7308,4,149.89111966109942,12.609454125142829,3,2,0
5953,2,61.15985170157804,8.412637569176654,7,1,0
3844,6,37.546190835970194,25.690626037788018,2,1,0
2682,4,17.35394341144506,15.355476479634302,4,2,0
4024,3,187.09125314270943,12.334047626108225,3,3,0
8715,2,43.988777849115365,14.504748802007846,6,3,0
3139,2,80.0113901839513,14.782314211809501,7,1,0
4237,2,77.46803034006176,11.49891963768721,6,2,0
218,3,30.1617627014131,9.725658020323568,7,1,0
6618,3,12.678494748809783,0.0,8,0,0
9606,3,155.3094620153668,4.932114877267465,3,5,1
5268,5,39.79675805699237,14.933177635084254,3,0,0
2543,7,55.809305087545276,11.759827634658246,4,0,0
2870,3,45.42079798615605,6.044472915882707,3,3,0
1244,3,29.646720384044645,15.5521378987322,5,1,0
420,4,71.62582755895603,20.198136342674257,7,0,0
6227,3,38.048877054728564,17.26946469314057,6,1,0
2058,4,45.12004849333769,16.980554314645104,5,1,0
8493,4,29.339077012413572,12.181505321308265,7,1,0
6434,5,28.508366186235108,14.021034619902082,8,3,0
3422,4,36.60431527557042,10.697752446942152,4,0,0
4510,2,258.925499613034,11.10020534703159,5,2,0
1166,7,20.301756810421516,18.087104538069447,4,1,0
254,3,37.95977837606929,5.260224992921024,5,3,0
415,4,63.66451723794106,6.970969123035471,3,3,0
9175,2,38.022627104804,10.477380687861103,4,2,0
3469,3,16.3607712810516,0.0,3,2,0
3050,4,80.59378387999145,26.512581705613563,2,1,0
759,5,30.848493812967128,13.47714511651543,2,4,0
1385,3,59.893870749276395,17.111679919855014,3,1,0
654,6,48.6727989216983,5.423043943209186,7,2,0
1201,5,28.88565167561281,20.00541167671259,4,2,0
2413,3,69.18910070946559,24.767416901289803,4,1,0
5579,5,51.846884189769604,3.905442930778664,3,0,0
5993,1,230.8590524310038,9.875469331607654,4,0,0
5294,5,36.790216010172124,20.381206170548467,7,3,0
3055,5,123.2341995544239,11.408889545600099,5,1,0
2830,2,31.49109216714166,10.575807970693072,2,2,0
2970,3,60.307752645524,0.0,2,0,0
328,2,52.92570132955095,16.23405441206237,4,3,0
4270,5,45.29201741175625,15.015199298446593,6,1,0
5994,4,26.17119886533527,6.168055773799146,2,0,0
4392,3,38.1849248764645,22.303201017911164,2,2,0
2063,4,51.42119587740069,1.817470955904266,6,0,0
8301,4,44.10480702941046,14.433358088054222,5,1,0
9013,3,113.42511013831032,13.122374308737468,2,1,0
9329,1,62.954796141969105,6.530867635790848,10,0,0
5169,2,39.42536348494907,5.433836953855781,4,0,0
4429,6,74.14643428740162,0.0,5,4,0
1281,2,14.184356737576039,10.324423746545598,5,2,0
3381,2,48.45906185098501,9.911992223754567,7,2,0
2636,7,12.98597537424843,7.706508553183719,5,2,0
3328,3,24.127462594344937,19.094815610562875,6,1,0
6436,5,18.237624862362242,15.762548992161253,3,2,0
5018,4,42.20303155178512,5.875503863377423,6,0,0
7324,1,29.6464476992366,10.551572904576398,7,1,0
3795,3,87.76475470020175,16.89896163663758,6,1,0
2663,2,80.36004132261256,15.506661725524724,4,2,0
8282,3,101.1917730856225,19.548431671530018,5,0,0
1282,4,38.04160216411256,15.35464861216507,4,0,0
4148,4,42.760191551969434,2.324446169448997,3,3,0
1362,2,21.694661496202546,12.389569121958452,6,1,0
1437,1,18.184557932186273,10.491081150207581,8,1,0
9628,3,51.202109059912885,0.0,6,3,1
3441,3,110.23436829888196,16.89061426269202,7,2,0
56,4,14.08609461631905,11.371869595206931,4,3,0
4597,11,58.68184251568501,17.998437090544552,1,0,0
8479,3,36.87486917050653,25.8450835296184,4,2,0
5365,1,35.68251366111203,20.199960815997418,4,0,0
1844,3,27.579442856039716,3.066668446502657,2,1,0
5515,4,30.06830264432058,9.968609837656842,3,1,0
8573,3,40.00688793960953,5.938104336750896,5,1,0
6263,3,48.28597791555068,13.670106927998722,6,2,0
2880,1,37.085501230050156,3.1608009649686135,2,3,0
1743,2,59.810510882399775,12.360924034004952,10,1,0
8398,2,59.90754973575844,5.398125645838187,3,0,0
4169,6,17.960673588038176,20.682234531985525,4,1,0
5197,9,45.459705486926396,0.0,3,1,0
8993,2,31.250440110311626,27.36847366758226,6,3,0
740,6,15.653166002374206,18.302614676105062,3,1,0
9066,2,21.557258826507223,11.9847216948512,4,0,0
1624,1,33.37407309368472,28.522733946929943,7,3,0
524,8,97.67598680168125,18.72082178192269,5,1,0
7999,6,45.94277383164606,12.85993126637395,8,0,0
4419,4,30.284053306341647,18.648442081144722,6,1,0
5426,3,20.651394716241285,5.2781818261995,6,2,0
6689,3,67.93912056954427,16.393513827108364,3,1,0
7382,1,37.000111324394496,4.807240515326865,5,1,0
435,7,15.531868861895237,19.054850537293433,2,3,0
2960,4,39.68809825048108,11.3685980792526,6,1,0
308,2,92.83398498562462,13.679477915272136,7,0,0
1565,2,46.09804827103445,10.003818494979996,6,2,0
2631,3,62.767894080529956,23.108845686701592,6,0,0
5597,2,16.49424912911898,12.46375303353904,4,1,0
9477,2,16.2896054692944,15.306214456164678,1,2,0
401,3,40.698687951046985,7.230194497005758,5,0,0
3826,3,45.0133060933973,16.68564933081652,6,2,0
881,6,21.553598982627953,11.712237702160081,2,2,0
3997,4,155.86840576981547,16.244577995336336,8,1,0
7118,3,83.15734191793223,3.363313205744026,6,0,0
3265,2,36.45921167726744,7.200496456632525,10,1,0
8406,2,15.692113309078206,18.5756560219163,7,1,0
5009,3,54.58223481640473,8.932087953447981,3,2,0
5736,4,58.46245094073468,13.033448188897683,5,3,0
5554,2,27.399003139311215,17.73374672136413,4,1,0
288,2,101.79357944270109,6.184047329921369,3,2,0
5564,2,27.72134870721617,1.8767818824585945,5,1,0
8324,2,26.15215510950079,7.744540117881237,2,3,0
2623,4,8.043293483130325,16.442734869175005,6,3,0
8859,1,38.368379662684895,15.342539521376931,3,0,0
476,4,134.86199570282622,14.156549915619811,4,3,0
8591,1,22.117288208138344,26.24735522028019,7,1,0
9713,8,60.647057768664546,9.0860581129009,7,2,1
6522,5,18.015898584268353,3.051425131966063,2,0,0
3111,2,35.11800675305943,16.444656594774777,5,1,0
9470,6,6.736829924532895,10.818742466773303,3,1,0
737,5,72.28594651118492,5.89023264290296,7,1,0
3133,1,29.09691261804982,11.200921478816147,9,2,0
8047,4,23.672747798324142,19.314897901501773,4,1,0
6551,2,47.05636575106198,9.537809728807959,4,0,0
5407,2,54.32260735517912,8.763550800630295,5,2,0
5563,5,20.127552653707173,20.20891648316683,4,2,0
5328,2,21.66188944584511,2.9440108594948793,3,3,0
6718,5,187.5091325209771,15.168119167290696,6,0,0
5118,3,51.54086584742299,11.544881445336344,9,0,0
4619,3,77.79437301637911,13.620265707413326,6,1,0
3689,5,124.71942351205558,3.5655203097058497,4,2,0
7716,6,75.92017239829894,14.538470354053375,9,0,0
1839,5,70.0933949171644,16.473583599601582,5,2,0
1995,2,87.74204959741839,28.710254505797977,3,2,0
2399,1,329.5334016408973,25.521129337083526,5,1,0
6510,2,29.438221417656596,12.051129484968829,4,0,0
9356,5,43.440516585536315,16.900565707964617,6,3,0
4119,6,52.482053463004114,13.27398215936186,4,1,0
5894,6,14.275653395342905,2.4515758316179355,4,2,0
800,5,60.3422096154905,25.04098283587191,5,2,0
8423,3,59.331391598423984,11.996968081192016,9,1,0
7680,4,20.383800763338172,9.778173439822304,2,2,0
1405,4,72.98190074553074,22.114224147471063,4,0,0
5431,3,48.05505784239396,13.67988076931752,5,3,0
69,3,66.089693980597,18.303938103734883,8,1,0
9543,6,46.01216010933751,4.404607041606603,7,3,1
2759,4,92.44074861547823,0.0,9,0,0
8294,6,50.408777169804985,0.0,6,0,0
1586,4,75.40885785504686,13.616603363281198,8,3,0
6666,2,93.86143652792776,9.295751647614455,3,1,0
8014,2,104.98245484350448,14.4995115442231,3,1,0
1074,4,83.22081963081907,8.391229350524593,5,4,0
3063,5,24.292200963027874,9.843533273449133,6,2,0
6487,5,87.4927996484006,1.6468311214611067,6,1,0
4705,4,38.159161842098506,20.988339956302326,5,3,0
9069,6,16.729051007645314,2.1900750243031855,10,0,0
2603,2,34.827374347001744,9.42167035807968,5,1,0
7738,1,80.26051451213793,0.0,4,2,0
1579,3,143.60504465907582,12.957978363940416,5,1,0
5058,5,69.97773726506627,17.225362170648516,5,2,0
5753,4,62.06495533078927,3.70271888920478,3,1,0
3548,2,74.25728246118109,10.881902154768282,6,2,0
409,6,108.07221236909601,15.463732377753031,5,0,0
4097,1,31.90715958567928,1.233797894358963,11,1,0
6461,3,32.21608659184687,0.0,5,2,0
5601,2,22.694900455417717,12.119009207629109,4,0,0
5231,3,35.11524912833235,18.887026687872478,5,0,0
3777,5,84.099645455222,6.447235479308924,4,0,0
2726,4,26.756350747640585,8.048521578808941,7,2,0
477,3,33.048362128113126,0.0,8,0,0
1329,7,53.54788665929773,18.14758511237502,7,1,0
4035,2,17.379527138485315,10.484678111758921,5,4,0
9642,4,28.793055879654517,4.442484293502229,7,1,1
1777,3,14.946835250972281,5.578484963980215,6,1,0
6096,3,95.77481081262783,1.0313577994781102,4,1,0
751,5,75.90992458033219,0.0,2,3,0
5792,4,23.776131341592038,10.854855684547669,8,0,0
4060,3,78.2529671200092,10.97397983537522,7,0,0
9041,1,67.3645075625043,3.8122589531895574,1,2,0
6030,2,14.291955901910287,17.71695500804161,7,3,0
5898,5,56.38405320185903,5.9979541015293485,4,0,0
9338,3,27.42801875564852,19.11261858793228,4,2,0
9160,1,30.74003110893801,16.173995095353362,2,3,0
9996,5,203.67690497589402,2.4120191660577204,4,2,1
5151,4,62.91618395033829,17.9718232496873,7,1,0
468,2,28.971818840487778,9.930735530434063,4,1,0
1545,3,54.45949182395676,23.088986429909227,9,2,0
6311,4,49.4180751055976,5.863095058832198,3,1,0
2683,2,81.35651474768844,26.660704551255286,6,1,0
8966,3,67.22406460342671,11.699966828625172,3,0,0
6181,4,32.3047440208822,8.40840888088743,3,4,0
1025,7,40.15518015353779,18.586019789590996,4,0,0
5112,1,10.756489786205263,16.718587642455056,7,2,0
8562,2,113.65958538276647,14.169827577254566,3,2,0
5368,2,38.807369142846845,7.303176265789924,4,2,0
2354,5,25.701551402519673,21.135147795639305,5,2,0
7278,3,10.604343468956609,2.95494633298169,3,2,0
3602,4,27.41845693001741,25.80724084832569,6,3,0
773,3,92.73956412897678,7.595912986344134,3,1,0
6773,3,26.991616236819056,16.766115546577446,3,0,0
8809,3,32.7735567664534,24.14741904794126,5,1,0
3382,7,58.47532185096591,17.98321044966765,2,0,0
641,5,23.585542661539726,0.0,7,3,0
4233,5,13.730107452306084,0.0,6,5,0
3815,3,27.884425405575907,9.329125147983751,3,0,0
4104,5,55.90121273837865,7.991433623505824,8,2,0
9925,3,190.5117279421056,6.121697389161753,5,6,1
1108,2,57.28884844090279,5.808802382520179,6,1,0
3527,6,69.81526976343744,10.802137690087681,5,2,0
3495,2,37.09430625994291,9.488496590779622,7,2,0
1420,3,19.00023180767309,15.44560949625371,5,2,0
6923,5,52.86634006689282,1.8259648022381931,4,0,0
3881,2,172.09230006492282,11.908840550028405,4,2,0
8353,4,100.75413856256017,11.721203022909151,2,2,0
6245,4,13.438828811898224,9.474673347788805,7,0,0
4938,5,43.8438325022003,12.766489435761535,5,2,0
6798,1,59.14369647787134,9.935822595199612,4,1,0
7812,6,64.41256615737329,0.6090404958577551,4,3,0
1680,5,44.7374797817814,11.957311048194144,5,0,0
6715,2,40.467648307135505,22.23005656351943,3,2,0
633,5,21.48931259961866,5.48111951890119,8,2,0
2569,2,22.13259932777528,13.980460217138504,1,3,0
7359,2,40.951898648869715,18.681487841921154,6,0,0
2166,4,51.62494497427264,20.50430478930054,2,2,0
8169,2,93.4430136409356,12.718927343706092,4,2,0
8845,3,67.09895040973086,20.93062450620249,3,0,0
2825,3,73.23448466910311,13.586029832748627,6,3,0
4087,3,34.15818789764538,14.764961350187754,8,2,0
6243,7,19.049117356410452,0.2910650088655551,4,0,0
8364,5,50.55674535491753,14.523952408117106,4,1,0
3941,4,56.67330152717403,10.083363772457025,6,2,0
9179,4,41.494499858403145,25.30753963137421,5,3,0
8075,3,28.262737767289682,10.8664883069888,8,2,0
9195,2,17.030702454845756,25.41654953049342,6,1,0
4128,3,55.445027512033896,18.514586628637957,6,2,0
1172,4,51.45252979901348,0.0,5,1,0
8668,6,115.27972339954331,6.676464529203581,9,0,0
4222,3,14.196640859105663,20.510450835151865,3,1,0
4834,3,26.616397780783316,1.8461170766130763,5,0,0
2576,4,39.58008453450748,19.27201533108481,8,3,0
1989,1,67.55294146069421,3.422832889978512,7,1,0
6973,2,31.374461015563273,5.74436309896635,3,1,0
5836,3,223.25973965393916,9.056273143192318,6,0,0
4532,2,47.95811881830257,20.827627761314133,3,2,0
3209,1,34.69950627319898,13.959125107491682,5,1,0
3855,2,58.49720915645874,4.609950153545671,4,0,0
2628,2,74.20831889030991,15.392660749560124,7,1,0
7803,2,56.01327583223935,16.05396006639083,5,2,0
1410,2,61.27110117137021,10.396590138807431,4,1,0
8257,4,28.35500084160113,8.55359850509562,5,0,0
7386,3,86.93562351587968,8.22804312722926,5,2,0
4303,8,24.470832712689283,15.709654572520227,3,2,0
6750,7,115.38362474282872,14.193056856417066,2,1,0
6555,4,51.866348887025524,13.9969796233338,4,0,0
815,2,130.9199064692667,12.55484446342033,5,1,0
2404,2,31.97629309712865,18.99523413793346,5,3,0
5397,2,60.05960972097517,6.316277178496184,6,3,0
9956,7,105.73292842536958,7.186305105309455,4,1,1
2131,4,28.248813531235527,20.80366071000149,7,2,0
1797,5,81.71931535026746,6.624317752642688,7,3,0
3090,3,50.640947678328146,17.874496940996224,4,1,0
4184,3,24.914301090440514,12.676206003751393,5,1,0
4564,3,53.406577575208914,13.757932259611097,2,0,0
5030,3,80.4712949462188,5.358228920183352,3,1,0
8048,3,64.88737704006739,6.618648678157199,6,3,0
122,1,29.73297787515212,9.304137124503452,2,1,0
179,5,42.40473018251879,3.284894392470804,8,1,0
9250,6,95.58626647506937,15.048474947790243,5,3,0
8095,2,28.89344559659405,12.764202943908355,5,2,0
6429,2,43.73764943179057,14.713761645412252,5,0,0
9737,7,92.32580225694107,12.34836271229762,8,7,1
4992,3,117.79554447461726,4.556235518390986,7,1,0
1157,2,41.79466482561224,0.0,5,2,0
9003,4,26.014109216407974,12.099943722453093,3,4,0
1532,5,60.804262736167466,13.459095571970167,4,1,0
8992,5,29.558229985344575,7.4570510844048785,5,1,0
7859,4,52.23588977606866,4.55173538661097,5,3,0
9110,4,81.2948662355722,6.702116121931548,4,0,0
1535,4,51.25441552707984,12.849350531465907,9,0,0
9259,5,220.8229324244466,12.758191596185172,8,2,0
5517,2,42.25982678260395,8.807004111537196,5,2,0
2605,3,68.69359092959712,13.37829521311227,7,4,0
6127,2,27.79475239206453,14.606930439366083,7,3,0
9141,4,55.84028167404607,7.759836415188431,4,1,0
7458,2,41.13429467385544,11.011044599575035,9,2,0
2177,3,86.86744268350536,13.422774677634962,5,2,0
7990,2,30.25576604819432,17.387760354558548,3,2,0
2351,4,13.103355746706935,12.61174456586726,2,1,0
9177,2,25.977095244151148,12.480257014493937,4,0,0
3502,3,29.99184118277872,13.564482032680589,7,2,0
2134,3,41.26441017750513,11.259338626116204,3,2,0
1480,4,15.683912006400057,6.294418392876022,4,1,0
2793,3,114.79732429773706,22.59786869673047,6,3,0
4843,1,73.74719867029992,0.0,5,1,0
9780,3,184.41507245689,5.584309578915273,7,3,1
9934,6,26.560234633259224,5.631372149851954,12,2,1
4762,2,46.51348265771411,13.096091088778026,6,2,0
7191,4,83.16217360753024,3.7829115864925473,3,2,0
6041,2,60.905471103976986,24.26849715546254,3,0,0
9636,6,87.01028686337003,0.7308012598185005,8,3,1
3445,3,35.0392077347453,22.134366771307043,8,1,0
8149,3,69.0163163358846,16.207777787320563,5,3,0
7765,3,18.331620559719884,18.00393211137723,3,0,0
3620,3,21.556880464951256,0.5259322002705424,6,2,0
1952,3,41.30901801196412,14.19088273353769,8,0,0
555,4,41.33925937087379,16.289494722062997,7,1,0
4264,3,58.61195378724984,0.7515925572330531,6,2,0
1163,4,39.20275526157132,6.989561851780009,5,1,0
1584,2,45.02581598043861,27.477484006752135,6,1,0
6151,1,27.804855255601097,8.553980485646141,5,0,0
9720,8,34.930687905215244,0.1187741533281006,8,3,1
5837,5,28.591279868386003,0.0,3,1,0
5261,3,79.59659091214309,17.748771395401167,5,1,0
5239,3,23.948742582334535,16.94248538693553,6,2,0
7913,5,51.46710651870093,6.440128927313208,8,3,0
9162,4,24.680026876326345,6.985629857389947,5,1,0
1598,2,65.02956986646946,18.23953354984866,5,1,0
7182,2,21.474886234553317,7.314881174420894,3,4,0
300,5,19.651395496201868,6.053493501139184,6,0,0
9660,9,103.03852358930696,8.234661823357417,8,2,1
6947,7,91.19489945904688,1.3952675226645095,8,0,0
3794,1,33.316279951781596,28.758886562130762,1,0,0
4572,4,32.20718757064741,13.000812258823803,6,1,0
4335,2,61.31148203895608,6.657266333370219,6,2,0
2858,4,70.56956687993501,17.51507849404601,6,3,0
5694,3,56.041092075323185,24.407567506415113,6,4,0
3142,2,39.90294934425452,20.164053628112228,4,0,0
1359,6,48.620161812566074,20.336155284207656,2,1,0
4533,2,60.10468125562147,13.584101383483898,6,1,0
9749,4,576.8081903855939,8.37436275908672,12,3,1
5687,7,190.34301896645636,18.189490708575555,3,1,0
486,1,33.84265544224072,9.262294842536003,7,0,0
7836,3,103.86803688881405,6.932152261790877,3,1,0
9554,8,57.013360101458346,0.0,8,2,1
5900,5,28.24712610452932,19.28055766143524,3,2,0
8116,7,91.94113952156684,23.577053458403817,5,1,0
7362,4,104.5573721208854,18.13360107868909,4,2,0
1152,3,51.163438448529156,17.456975072444514,6,2,0
5382,7,11.062804914822125,10.57388812297382,4,0,0
9741,4,148.36269303832452,2.8402385640131413,6,2,1
5424,7,86.91024636731969,20.391380731020543,7,1,0
8807,2,45.19536665551388,0.0,6,4,0
5186,4,62.987558324971516,1.7102197462810267,7,1,0
8409,4,30.131609760687176,2.684112556575503,2,1,0
6189,3,106.34103428717741,17.340641450673647,4,1,0
9702,2,187.85349334077648,17.584601616303615,6,2,1
8269,3,34.03597799564863,12.27336563252589,7,3,0
5314,4,20.985984406569916,22.666829784684246,6,3,0
9903,11,147.97428997202132,15.671080745346968,6,3,1
665,5,125.41894165469375,6.766365606467718,8,0,0
3353,1,72.69377392064143,13.028674742169935,5,1,0
8851,9,34.17336680516512,10.254387904766547,4,1,0
8061,7,44.64549634276307,11.144887899995412,5,1,0
642,2,50.54571350293,18.477278385085206,5,0,0
9242,6,141.31940409212143,11.103603077331185,1,1,0
176,1,104.68634075192941,19.84393713162296,4,1,0
6431,5,44.46878319713477,0.0,5,2,0
9910,4,73.95549057714797,8.571493097170206,7,4,1
3438,4,26.73181175734064,10.551604736577243,4,2,0
786,2,52.021625060001575,8.984034077193666,3,1,0
6391,2,123.75253480120168,7.492224852614098,5,2,0
9065,4,13.975213929464198,7.622586021244722,4,0,0
9927,6,63.70136419678056,3.119622214220284,5,2,1
3202,2,121.68681884537733,14.435503739422053,7,1,0
4803,4,48.03075236302646,17.65488242920751,6,2,0
7835,2,30.465626600490406,8.504507484427913,5,1,0
7940,4,72.98545328254984,12.63000112695167,5,1,0
91,5,43.64463252738084,10.502102794518725,4,0,0
5762,4,76.05380154137794,13.093964988809809,9,0,0
9027,3,48.83512100524707,10.117499659337138,4,3,0
9504,3,116.92395809785457,7.038725381085629,9,5,1
8237,3,26.373957515072874,13.922063280198358,5,2,0
1971,3,65.28916636743833,24.35634384745001,2,1,0
2905,1,25.829827187960515,14.959278080587898,5,3,0
530,4,45.02032718268534,0.0,2,4,0
3635,4,33.93542699735411,25.457730767700887,7,0,0
996,5,120.41822813560637,25.50946810425435,6,3,0
5852,3,27.580785287814205,16.568850557848254,4,3,0
4226,3,165.9688551655515,17.444829415740923,4,1,0
5616,3,88.42321421832696,14.99181385989971,4,2,0
2312,3,51.2099093523925,1.6220633628457453,9,3,0
2154,3,97.09259383864067,19.354165388097428,6,2,0
5317,5,52.69194428966314,2.864207600195485,4,1,0
1427,4,32.30308912276091,24.560959897165986,2,4,0
8630,5,109.1246954581038,13.326269764673322,4,1,0
6032,3,40.4396272978055,3.394821349688783,4,4,0
4415,3,22.433054229564874,14.627804888437968,6,1,0
8818,4,33.04131691962353,0.0,2,1,0
3085,6,19.3164443640071,2.390209940024608,5,1,0
7798,2,17.802724598018592,6.604302739772403,4,1,0
9153,1,16.567925909368366,10.074125236240345,6,1,0
8209,2,36.31288318414536,14.743664007110919,3,1,0
9573,4,20.038092417832853,18.629118030065225,9,4,1
9534,3,91.8207232183263,4.413595247094088,11,2,1
495,5,25.882040569766495,13.647299299138254,6,3,0
3749,2,77.7237267044391,9.013008775406005,4,4,0
2321,9,99.0502244002757,7.3968631032722065,5,2,0
4267,2,120.02314616246774,13.309678277199504,3,1,0
3405,4,35.07965873481151,2.4028256132459873,4,1,0
151,2,30.981141200404906,10.215115892433179,5,0,0
7369,4,59.90343599403165,3.7186501289632083,5,1,0
694,2,63.81727072403849,15.421300507459659,3,1,0
4417,2,81.65912889378494,8.338660274581237,7,3,0
5697,1,19.021548823730875,18.8235022612597,7,2,0
1738,4,17.873065687199535,9.124139635214611,5,1,0
3001,3,21.680328222539,16.21451436672008,11,0,0
167,2,28.922416022257124,14.100214710355038,4,1,0
6111,5,9.976586391049867,17.2152308884313,7,0,0
4622,4,75.20759305256341,14.255451475268732,6,1,0
2865,3,15.135623067862085,7.187604695392714,3,2,0
8544,2,135.05927963394166,2.485755764732513,6,1,0
4702,3,117.23861515004428,8.653230313409182,4,1,0
2883,4,48.800094045970184,22.78949375158897,2,2,0
3031,3,58.98050491701841,10.841701508806612,7,0,0
8183,3,97.11961785263222,14.29703059255283,4,1,0
8980,6,67.16924602080161,11.05995180829503,4,0,0
8528,2,80.04212758009706,16.133112481205096,5,3,0
5681,6,22.175226485016527,11.982602480265038,4,2,0
7209,3,9.566338065218192,20.135442265789237,8,2,0
5991,3,209.05386805272036,12.743177351042533,9,2,0
2276,4,75.96807199438705,10.9667569791763,7,3,0
7132,1,41.99550248636411,18.13073282476308,7,0,0
5705,2,55.740411627687195,11.55608923380273,6,0,0
7998,5,81.23644012995608,4.746149631635722,5,2,0
5292,4,30.85392088086358,14.569205131796693,8,1,0
4304,4,39.15563469118294,9.923484586455437,4,2,0
7445,4,58.40446303215523,5.825755724437572,6,0,0
428,5,63.19350872284446,9.102760187728066,3,2,0
7068,3,69.62225255685459,8.749103410785763,2,4,0
6364,2,92.93356553538867,26.03149088317114,6,1,0
4215,3,50.2032206715013,8.666173884098768,4,1,0
426,5,88.9513816764492,3.4790035472887393,4,2,0
2223,4,33.23176882753626,19.178399691093713,7,2,0
100,2,62.53186402793453,3.5483763555528576,6,4,0
9244,2,35.343411214488114,19.28472373008259,7,2,0
3307,4,32.37658667261774,11.193600106855584,6,3,0
2762,4,47.467269021458094,8.964574305309306,3,1,0
5857,5,112.50762727220155,7.988720703487346,4,0,0
4738,1,31.414732626139866,11.469121002149896,3,4,0
7092,4,82.1129757293114,9.975473060991709,1,2,0
9632,4,53.988749744562426,6.653631303901734,6,4,1
3286,4,36.26243935641484,13.725264750833986,5,1,0
7712,3,80.38005674930243,11.217383065882583,4,0,0
7868,2,11.584693853781369,4.563778729910388,3,1,0
6067,2,45.76271515755637,3.4688399787498625,5,2,0
9235,4,64.79941864969918,18.660173039605347,4,2,0
3577,2,99.37567485962883,16.661200898336006,2,2,0
1465,2,44.17450089918077,12.13331288515914,3,2,0
7675,4,42.26804395729326,4.77698931672802,6,2,0
2234,3,25.06728379894445,21.785161951507725,9,1,0
1744,1,109.69272012597833,12.447548580669729,3,2,0
9754,8,65.9681911732841,9.340576076357632,7,3,1
6094,5,9.658999987443948,20.65923528423483,6,1,0
8781,2,18.44246574671985,22.41417925255287,4,0,0
9401,4,73.33983182898496,19.34296333737499,3,2,0
8371,3,85.18867890726503,18.053272696167284,5,3,0
5027,3,44.842122016903986,15.453666735105955,4,0,0
9234,3,118.06374834616395,14.928776809724901,4,3,0
3944,4,60.55367181301161,14.94647485643863,3,4,0
6862,4,41.813640361382156,23.30819306328081,4,2,0
5350,4,54.025660512081025,15.079685600115203,8,3,0
9422,2,15.799251106051178,11.298243423004786,6,4,0
2121,4,17.661151639043066,12.193094883826273,7,3,0
4972,2,60.45970524465928,6.053177812392739,5,1,0
8576,4,12.22148396588035,4.356465424413416,6,3,0
3784,4,29.78579125732103,15.212143364981712,5,0,0
6872,4,126.95317906374852,3.4061241656263697,5,1,0
916,3,85.8052288294468,22.52142825679119,6,3,0
9394,6,120.96489929744453,28.609400318828968,9,0,0
7252,8,41.89304694114871,15.374749928100549,5,3,0
8012,4,63.03012335171009,19.15081133224616,5,3,0
5821,2,20.746370723543002,18.64258774943487,6,2,0
4403,4,13.47520311124484,15.479804832166804,2,1,0
4863,1,29.785325647992895,3.173128567679468,3,0,0
8515,2,40.04780175831425,9.038719179347941,4,0,0
5422,3,29.137148917268494,19.957761583586716,4,0,0
7733,4,30.151901436012448,4.09048772127298,5,1,0
1203,2,63.317134261984776,14.337695215212033,10,0,0
3768,3,27.449183197515325,15.448631731458644,4,0,0
5357,5,75.7331161885137,11.403269518725569,5,0,0
3852,1,27.41070287967818,6.318518554733701,6,0,0
1926,3,14.226848925223598,14.519335387401645,8,0,0
3114,4,110.68364433823307,12.443899465780126,4,1,0
2641,2,30.377628826703113,9.171717604028515,5,1,0
7639,5,62.91091554312062,0.0,3,0,0
7360,2,48.836826181964355,0.0,4,0,0
8182,5,34.70302617383681,26.39894175924418,6,2,0
7610,3,21.028142245748267,16.071896786033747,5,2,0
2728,5,70.66293370959599,22.38242634386032,8,1,0
9597,5,274.89238920766365,5.44420198448468,9,3,1
4985,6,72.34176524187383,3.57901703462532,7,3,0
6846,5,20.762018383557677,10.37650988862581,5,1,0
7698,3,32.23908294675547,7.485977699382535,3,0,0
4012,4,52.34591410689182,7.6161134246735855,5,1,0
2626,2,101.31569694031985,0.0,2,2,0
7238,8,19.813670154216133,2.1508158243847237,5,1,0
8255,3,86.38273917601425,23.670954878322775,3,0,0
9565,5,77.48598673649875,5.011431091723186,3,1,1
805,3,31.916191375091294,7.463197904586721,5,3,0
4634,4,43.97590649338513,5.631746274300397,6,3,0
5247,5,30.999380424560897,19.557446957027622,4,2,0
5566,2,93.76400217126644,14.222027763418888,2,2,0
5739,4,139.71507127937969,18.3268424768179,6,5,0
5143,6,69.33680963951547,16.243716204922894,3,0,0
8265,2,50.37481293459101,16.02624380565933,4,3,0
4459,3,29.650471942371468,19.56480179217127,5,1,0
1242,7,48.45420306484669,15.690209713908374,8,0,0
6945,4,20.33033513747335,24.337774547015258,5,3,0
5740,4,37.11824504485764,0.0,8,1,0
5325,2,50.191172555658305,11.259039682816752,7,1,0
547,3,113.29090318696949,20.315804483172105,8,1,0
3022,1,29.022248167151485,22.514648041474075,1,2,0
5761,4,58.20432868643528,13.745519943111034,6,0,0
4031,7,26.531984677561823,14.77176952846165,6,2,0
26,2,43.185561224690154,12.454316039850674,2,4,0
4952,1,22.039537002471917,5.71718201923888,4,4,0
5152,3,152.7413554064,11.293604355510016,5,2,0
2508,3,43.28124912726208,4.832200937348581,4,3,0
1433,3,57.83897567918452,14.363319635219057,3,1,0
2582,5,39.23351992535384,6.188225964308496,2,0,0
1302,3,73.09102002467357,9.688514730276937,5,3,0
5812,6,32.14660453457228,2.1200322087985786,5,0,0
7349,9,58.98321991075675,9.311270168489388,5,3,0
5281,4,46.327485614493,6.524163168508178,8,2,0
6114,2,41.26158197709731,11.846983426088611,5,1,0
1221,3,33.97699626431109,19.94772598932572,5,1,0
7435,2,64.92018417598992,18.13962397794014,5,2,0
2548,3,81.38514050804301,11.749806172909377,1,2,0
750,3,102.158440049403,3.677726765808883,4,4,0
437,3,33.19023491951711,3.813217442956619,3,0,0
4371,3,52.043148674543424,13.010806807511242,6,1,0
4448,4,55.752983745068256,3.5841941508431088,6,1,0
2847,2,41.21093016247248,4.988176025381593,3,2,0
1173,3,21.497360532472065,12.632868377253168,5,1,0
7495,5,19.177591745280246,11.773078556923968,4,3,0
2699,4,33.21758776528947,6.552562502198837,3,0,0
9888,3,64.23404218287804,11.105756493764751,15,4,1
9506,7,48.41543010975784,4.892392636699774,8,7,1
6395,3,58.11726821104522,4.511398756858139,5,1,0
2481,1,35.27774523105218,15.093917293201935,6,0,0
5456,3,9.248462624848118,0.0,6,2,0
8444,7,10.45982032620748,9.423767952814606,7,1,0
2706,6,93.59879865995121,12.81415965349838,7,1,0
4661,1,68.07705087707485,8.59567411770284,8,3,0
326,6,16.064185304600162,14.068690835845981,5,1,0
1039,4,8.414458724078871,14.095397160525094,1,4,0
2637,5,133.06089064280917,16.08001601762424,2,3,0
5022,4,14.2217032390083,10.337830111104294,2,3,0
2499,3,29.179531613445857,17.401405943158814,8,3,0
1004,2,64.42452652457159,10.016470878241279,3,2,0
2861,5,29.346773440038337,10.248460205605687,5,1,0
3233,2,47.669499797810246,11.12127776590885,5,2,0
1870,1,20.854934102615413,3.5173772878802794,7,2,0
4245,6,154.48551904852837,6.862877458779792,6,0,0
6927,1,68.77665935266148,25.997620561013836,5,1,0
8385,4,25.649556001669666,18.13082450982519,2,1,0
534,2,29.278864900900782,15.688976996744202,5,3,0
9827,8,110.08003650269026,0.0,7,2,1
7148,5,24.846043976190877,13.87605845063328,2,1,0
7365,5,32.28991239733976,8.360085511622826,5,1,0
585,5,28.83922814623141,11.53510918318799,6,1,0
9914,9,160.45983149400672,11.137266677933109,7,3,1
3035,6,32.1908172955825,22.067263697213615,2,0,0
4428,5,51.391822649132564,23.24389695567904,5,0,0
4089,4,32.2970921290874,19.29368405734806,7,0,0
1703,3,72.8270971877835,2.7356966818709907,6,2,0
4295,6,28.86399134509454,11.182111566590612,10,1,0
5719,2,30.491072568351385,10.888398713930648,7,0,0
491,1,125.5780682743296,6.710494184825585,3,1,0
6899,2,35.906841741753425,10.922136377147055,7,0,0
4353,3,17.012430711021807,12.422118844325185,8,2,0
2836,1,23.648353050412513,12.788450185003258,2,1,0
2266,4,33.71318703045617,16.47411781266832,4,1,0
7718,3,24.761342479649738,17.187389633378785,5,2,0
9523,3,126.25401687256411,6.6774805326165385,11,4,1
8022,4,49.171728099491894,13.407467887626614,8,2,0
4707,6,102.17041717748477,10.589120716156886,5,1,0
9843,6,89.35324734680636,14.427027736747378,6,5,1
2900,3,132.9320961863809,13.354178974760394,9,3,0
9618,10,89.33173918321411,2.7542023835192664,9,2,1
2944,2,18.937622058175894,26.100912759545594,4,0,0
1916,5,29.993575521871175,19.87917803406044,7,2,0
3185,4,62.853071059729366,5.464899120332892,6,0,0
8626,6,68.67183304482705,13.658825034169542,3,3,0
9434,1,27.863228537473326,9.568298958790983,3,2,0
7255,3,77.54120704660262,10.482722931836406,4,1,0
4246,3,82.15062611850917,12.551851804271436,4,2,0
8615,5,44.48200185918082,13.47340121174625,6,0,0
5146,6,25.454268718377506,12.150276654140168,4,2,0
8565,1,97.65623866778687,22.611360265445484,7,0,0
2518,3,72.31089728313746,16.80881367659886,3,2,0
397,4,13.18683074078493,30.0,8,0,0
1317,4,36.20108378023164,9.675125338771167,4,3,0
4560,2,73.58493929948051,1.6026809751695517,3,0,0
121,5,35.03930264902922,9.132623219875475,5,2,0
2449,4,13.743272900052254,10.211341582864462,5,2,0
8855,3,25.560397615553356,17.293723479883095,7,0,0
8108,3,11.122965099211614,2.5832330180181344,5,2,0
1566,3,35.166662176216434,23.730398031815284,4,4,0
1984,3,55.276688784726325,12.81939286466455,3,2,0
4333,3,92.43385256550243,7.135768762605727,5,2,0
7910,3,51.49927328821028,11.657673000251812,4,0,0
9286,2,115.9289471962975,21.65525766174674,7,1,0
3918,5,98.98728620549765,7.823598792444346,7,3,0
2173,4,48.960963189469346,18.588956409751002,4,2,0
3283,3,13.649935500735099,3.2430768823551777,2,1,0
8495,4,33.16534886966685,10.135744422311419,6,0,0
8584,4,194.7985340891749,24.136962240905426,4,1,0
2333,5,41.41140322276899,11.362237896480636,9,0,0
573,2,80.70930061812936,12.368845743423398,5,3,0
3660,7,82.92403186235083,14.23137509176268,2,0,0
9075,1,102.37509868183328,11.230694932335194,1,1,0
981,5,39.45038556489382,19.899785660222122,3,1,0
9370,3,215.49295041842365,15.14191600900958,5,3,0
1407,2,37.18484618715935,12.629789648972583,5,2,0
535,3,171.43540077522647,20.241628613126338,7,4,0
4315,3,127.94178118148962,12.250528795073244,4,2,0
4598,2,70.1244984401872,0.0,7,1,0
8622,2,20.10597905625142,7.129681425996752,3,2,0
8758,4,38.11828070391239,11.175442722251395,6,0,0
1434,3,11.5248911968261,10.468802571650173,5,1,0
6994,1,36.6268775708356,11.203205410833021,3,0,0
2579,3,44.14638880182155,17.70541451325142,5,2,0
9403,3,85.96863079957214,15.404446343455557,4,1,0
3269,4,63.74211443302248,17.5380352413967,8,2,0
9553,3,42.629119459564286,0.0,9,4,1
3838,3,88.6401772154936,4.3000771899403984,2,0,0
1867,3,20.013864374617125,13.935422103278743,7,1,0
1454,7,30.883503598114306,17.409062877126242,5,0,0
1786,3,42.90463672843818,5.554414762494806,6,1,0
9912,5,173.14603104782344,10.871787973103519,13,3,1
7095,3,36.31903933580885,14.534795241219882,6,1,0
2521,3,50.68029801346003,12.39454179288776,4,5,0
4439,2,57.052518959931575,8.28427045962422,7,1,0
1820,6,74.84525701336148,20.906294039560407,9,3,0
5615,3,47.05104872692432,9.474655421045098,8,6,0
2929,3,55.64716326335528,11.109841236641614,9,1,0
51,3,33.43524978798217,7.753625589195129,5,1,0
4726,5,62.88527489185835,10.027175961701035,7,1,0
5716,6,49.800372191260095,4.1333871749603315,3,1,0
5465,3,28.837064525250955,10.246280335952182,5,2,0
469,4,119.32838140618775,8.915684885800523,8,4,0
2629,5,41.75377226053555,14.207984337587758,8,3,0
6513,3,44.2675799630179,12.53866398071698,3,1,0
7467,3,57.52703657065646,22.349307269042626,6,0,0
3945,6,101.74410901246067,7.513377982159718,4,2,0
6204,8,14.019267563305863,17.235739216284767,5,0,0
4262,3,51.817926475921695,17.703731298758917,5,4,0
1858,3,229.65733582865172,22.6905537228199,5,2,0
9532,4,188.16931038391508,0.0,12,1,1
865,7,78.34648709396747,4.956302292807707,5,1,0
6390,3,43.174264581392755,6.117294315926547,5,2,0
7212,4,15.87528853496014,5.265832467471968,5,2,0
4921,4,222.92134721559017,9.75482558175409,7,1,0
8101,2,20.392520623952027,11.689545866891887,5,0,0
4792,4,115.21458347985686,15.51264848822583,8,2,0
8854,2,62.32725593471574,12.539971553425987,5,3,0
6250,3,59.86683333695302,30.0,4,1,0
5936,3,8.53237559020318,26.22958967982362,9,3,0
425,5,30.126355788062853,17.831824238103135,3,2,0
188,3,69.26427160552115,19.294244886891406,11,0,0
5629,5,48.459761438970304,18.89566567289787,5,2,0
4359,4,44.88327130029853,0.9471498913265499,10,1,0
228,3,94.9968512982553,14.66540873533772,4,2,0
7757,3,101.8733008745938,12.46491529023167,5,1,0
7677,1,70.6551022463143,12.618447279602188,4,4,0
2741,4,82.36959764462983,18.112937423696334,8,0,0
1041,3,21.45882539605824,17.083559835146495,2,3,0
4075,2,99.19028783523603,8.318258987610932,5,2,0
9140,2,72.20759492839406,7.5616982853098005,5,0,0
6118,6,40.137882857379815,18.514169064939313,2,2,0
6902,4,29.794556603923287,15.161666597447004,8,1,0
471,3,76.37467054171913,4.181772134711737,7,2,0
2921,5,36.7287324396722,8.272354528873631,3,1,0
1905,5,85.93051942440617,14.400183860782064,3,4,0
8876,6,56.599334913105274,27.158435033652093,3,0,0
801,4,48.55993136667087,4.518278083225486,6,2,0
1487,1,88.24316238090877,16.29783537834374,6,0,0
8441,3,20.576214043198107,18.226551739586686,7,3,0
227,5,26.220532750397393,19.601108637473814,6,0,0
7890,2,51.290789290471196,19.102698791245835,6,1,0
1128,2,38.09245216553321,11.762695139572454,6,0,0
5070,5,76.91546823727813,18.100219572247017,7,1,0
9166,3,65.64647535502334,4.117514589838994,1,0,0
2208,2,43.36775499129261,10.179208428068527,5,1,0
7993,7,20.316529466542075,4.365547042032594,6,2,0
9842,7,132.18886099356,15.730699443389526,5,3,1
6559,4,64.23134011051039,16.786588776594385,5,3,0
9921,2,21.172449456603324,9.882771746306382,5,2,1
3153,7,45.13791921354551,12.456214330985508,8,1,0
4441,3,40.57306647963171,14.751660105445865,6,2,0
7505,5,21.220139698912856,12.218842976426027,1,2,0
8957,4,124.77858818333912,10.773960612579717,5,0,0
6215,1,23.073594108435866,16.18023531702838,5,1,0
9598,2,37.951314045648736,0.0,4,3,1
2144,4,35.33608888432855,11.997964792754649,7,1,0
7411,8,22.84787193927541,10.322993480912231,3,2,0
8929,5,43.69298076553202,16.07999048996326,4,2,0
2374,3,35.84192779463175,11.884357947556643,6,1,0
2577,3,30.888430026230402,18.56156871976539,5,1,0
1632,1,13.438122316334152,6.188083856357651,4,1,0
4832,4,85.39202473047541,10.772054366978095,5,3,0
2298,3,14.942001764249776,6.239139226287742,4,1,0
5033,2,19.88491485318894,8.857180866884942,1,4,0
156,4,92.52834659012903,15.972102226587726,9,0,0
8046,2,32.12620294723317,23.201737972837815,3,1,0
6706,6,57.51275150071307,10.738244642548556,5,2,0
3349,3,23.75444293639058,17.24744988100037,6,1,0
2879,2,45.353914472643446,17.628808589525082,6,1,0
3413,3,71.19849289846275,0.0,3,0,0
7768,3,41.52518152111189,9.673406878338946,4,1,0
4189,2,28.15701568950236,15.581937931415244,5,1,0
9610,7,221.9092581861571,6.423007640353263,9,3,1
9734,3,83.05237447178368,6.752613431700169,11,2,1
7251,5,68.68227847756438,24.436644480870314,4,0,0
7613,2,13.486624165992696,0.0,5,2,0
6919,4,74.9977049787447,0.0,9,3,0
9681,2,84.69131474221881,13.664241729720963,8,1,1
9671,4,34.92487345693538,3.246518515185735,2,3,1
4794,2,33.807633031310985,6.69064051642342,3,1,0
5654,4,43.5278978521636,11.660828233064464,4,4,0
2495,2,22.76137279368863,20.537933902992076,5,0,0
7304,6,31.057016928566945,12.37898351153318,3,2,0
2372,3,61.961191204687985,4.202959973977559,5,1,0
4091,4,134.68187426706652,14.077820927184991,3,0,0
9471,2,72.32377637852325,20.993259205018592,5,2,0
3461,3,57.5724831847008,14.151500802271517,5,1,0
7006,6,36.680621929520015,12.839361192597611,5,2,0
5391,3,18.207229275729926,8.861895797657041,7,5,0
7172,6,80.9734104493493,15.586693347687167,7,2,0
5696,7,42.74914817270503,1.2826047172762305,7,1,0
5664,3,20.395488467250008,10.574752871382765,6,2,0
4503,3,29.949419267642238,0.0,2,4,0
2550,6,9.360857464040814,8.286546050043466,8,1,0
4715,4,45.473502170877005,2.1405838041093173,3,2,0
847,2,16.6822634164747,8.156648595723102,5,2,0
3344,5,33.852408524188455,16.925363466063782,5,0,0
938,3,86.65747705402444,4.400205573186031,6,1,0
4825,4,24.221728436890864,16.62342723788477,5,1,0
9693,6,141.54468792708195,14.707760118406075,10,4,1
8863,4,44.56760080150058,10.639843434552787,5,2,0
8610,9,103.60736824813152,12.07565029407976,5,2,0
5354,4,85.01511588729016,14.036900433681025,1,0,0
5477,4,21.069807288363098,16.69708927237097,2,3,0
9723,6,39.53289190667339,3.8502647153079272,7,3,1
756,3,16.6575889801152,8.715518404430133,7,2,0
4750,3,31.06536343446081,9.694827941056175,4,0,0
2644,2,57.043027813206756,1.2888636361713157,1,2,0
4162,2,48.79693014201253,15.038023344680294,4,4,0
8648,4,15.351368946116763,13.352742364994388,6,3,0
3165,5,21.756288416837496,10.091082884686653,2,1,0
6497,4,68.32193459283168,7.062022818069872,4,1,0
5987,1,59.60042210304587,22.08319345569305,10,1,0
3873,4,99.19856264054683,6.208661897889025,4,1,0
7751,5,43.28552054446469,13.341864858849338,9,2,0
6523,1,114.67266024809894,18.819868363662096,8,1,0
3418,2,93.7970143513547,11.31152775980138,3,0,0
9904,7,65.34537959780627,6.526682051838173,14,3,1
2061,3,11.490746616115912,6.266070862501218,3,3,0
549,2,28.70660799548926,11.08124916636997,3,0,0
4453,4,35.847214095849466,3.1248876515691357,5,1,0
2812,3,34.91786910499715,13.510188780678561,11,2,0
8777,2,84.33210918876661,10.291230619417828,4,0,0
8995,3,27.007310734639862,20.72481187751536,3,1,0
2549,10,40.54297285983048,2.313611367482803,4,1,0
6069,4,10.135890967108002,9.431670850100572,9,0,0
3169,2,36.03198471930521,5.391389304737414,8,3,0
7054,6,23.606120868001497,8.661928665850468,3,2,0
4828,2,13.087238744622642,28.342495153236612,5,0,0
9570,3,129.1758350733998,0.0,5,2,1
1259,2,56.01289777213988,6.108788727072235,3,2,0
8712,3,59.639346684403385,17.67133954717813,7,2,0
3661,6,185.96230158253834,27.018277685337857,10,1,0
7922,7,43.90922251636534,10.00171191658186,8,3,0
1024,4,53.20386453670417,21.32321550356773,9,1,0
4965,4,26.583036185803895,19.14114665508641,6,3,0
752,9,33.470457199041405,8.279592385373718,7,2,0
3942,4,43.023123344827425,3.5961096208970265,3,2,0
3710,3,60.148430391423055,0.0,5,2,0
9960,3,123.84027905246865,12.813200439763738,10,3,1
1951,3,127.21468364421668,12.655485862482367,4,2,0
6314,3,120.75945651970335,9.426797814355531,2,0,0
351,3,39.856323675216835,4.730670527318178,5,2,0
1511,1,32.686149279565655,5.832875278092265,5,1,0
4829,3,21.001848238893206,17.54084998895633,5,5,0
9616,4,18.33610752202235,16.34281346719659,5,2,1
3746,5,356.2154785497735,11.39519840902413,5,2,0
5799,3,42.0439927724981,19.29894408506526,6,1,0
701,6,22.192927629525983,10.395195942358185,3,0,0
3693,5,63.5808914176638,19.40989548934099,7,1,0
4614,3,61.713877485765124,10.227906322705424,3,4,0
7213,4,25.657227129408547,0.0,5,1,0
561,4,58.96810907658322,11.034042039955562,4,2,0
2318,2,84.86509487248914,10.431995558651046,6,2,0
3098,2,82.0402009451742,17.593460598266162,8,1,0
4838,1,75.34787482745645,19.83522850108024,4,3,0
3150,4,24.30832760924749,1.0095174902164405,8,1,0
5608,2,21.37009849398605,1.8285864727645311,4,0,0
4299,1,106.9065982030804,11.789013598106905,2,1,0
4618,5,33.04382108130581,15.444280929655367,4,0,0
4074,4,132.3111925292317,13.945618264380675,2,0,0
3994,6,63.321274544728475,13.440506373570255,4,0,0
6373,3,58.13946022075632,21.991854806936175,6,2,0
6167,1,48.36348666069715,3.806604284516732,6,1,0
1047,2,53.51678446965597,0.0,6,0,0
2939,4,60.00858627732393,21.19683414391413,5,1,0
1808,2,51.72093365191512,18.061421516674613,2,0,0
3166,4,36.81251092840421,16.881852106400803,4,1,0
414,4,65.81704334781683,12.372266297970246,6,1,0
1340,2,28.846829436895508,12.693634377900027,6,0,0
9371,1,89.90933736234915,10.367424430878717,5,1,0
7740,4,32.694226199233334,18.141698001204983,3,1,0
5060,3,71.3669785051762,9.729616315313306,8,1,0
4633,2,35.89371480908305,10.062079590024558,4,2,0
4609,3,40.15797393941458,15.161319820471803,4,2,0
7366,2,35.67869868718429,12.842423719456274,5,1,0
1469,3,18.493701235829473,10.25651593060191,3,1,0
1710,2,101.98755393477684,20.963847746941322,4,1,0
6270,3,152.57238663653845,5.155548299494076,4,3,0
8732,3,20.825989376221187,4.342032942912187,6,2,0
2271,4,131.73057231165123,6.603829994022625,4,2,0
1583,2,103.00663631073935,17.51055908452912,7,2,0
1412,5,52.17245246908001,19.8412504803488,4,2,0
4111,4,40.112172572842866,30.0,4,3,0
7652,5,42.70249125985953,12.17751284705123,6,3,0
6693,2,52.92184733659349,0.0,5,0,0
1722,3,29.481549770504888,16.29288328882442,7,1,0
2024,3,70.86833744977598,0.0,8,3,0
2212,6,30.62238572586555,7.437073440990544,5,0,0
1507,2,37.36776752734313,5.963034770968463,6,2,0
2622,2,35.22167169601343,14.092223328300566,3,5,0
5290,2,12.080612839498105,5.170429829796453,5,1,0
9128,3,113.72958944362172,10.10591537643419,4,3,0
1321,3,31.941109627427615,7.7500769899399256,6,2,0
842,3,31.962150699754257,18.811589043602808,6,0,0
1146,1,87.13612635370315,9.617722099613239,7,1,0
3624,3,15.211878435352393,9.02901123381122,3,4,0
4280,4,63.051599071295556,13.148571244398182,8,0,0
9010,2,17.292927729858302,14.657059507598717,3,0,0
8986,2,48.37466148094567,11.330248519104858,7,0,0
4681,4,22.50622306143105,8.73651955735565,1,1,0
463,4,75.77237145010768,16.207535701936592,4,1,0
1754,5,19.694864191794068,6.260255066408845,8,1,0
3936,4,63.5413849412069,8.466921550981128,5,1,0
7933,4,22.794851326549843,1.3011870708301405,4,1,0
9460,2,29.393593163774494,17.924697149845855,5,2,0
4401,3,46.619457630073384,9.11954728988084,4,4,0
4700,6,63.383208882976696,19.72707288121046,5,2,0
8991,6,15.306367424096688,14.560614499077316,5,2,0
378,5,36.06504499049503,2.803465820221131,4,0,0
3106,5,76.09871572999893,1.3198484255050147,5,0,0
8215,4,146.93493540845535,6.441234976401609,4,2,0
1335,4,75.87054533732089,11.399262383320936,3,4,0
1223,3,42.036648881462504,6.643142245320921,5,1,0
3848,2,66.95308507882966,0.0,2,1,0
2716,2,39.52275960634492,11.569056804950506,3,1,0
6837,5,94.16113432174673,29.535590348237175,4,2,0
2952,4,46.15012923715273,11.255155328503031,3,0,0
1350,2,24.049387481523357,15.432267139602349,4,1,0
1082,7,120.85180326315815,10.630764500564204,5,2,0
6453,2,46.63682482008952,16.68392249672028,6,1,0
1811,3,143.82298937536237,9.171275624208398,5,0,0
4121,3,63.383471526292205,14.99002852374812,6,3,0
1351,1,83.19391538195704,14.384852871689452,3,1,0
7817,2,19.254497319226243,16.275575768908368,5,3,0
8796,5,61.067812524129025,13.314490769463648,6,0,0
1894,3,46.42353975307313,22.863040794095177,2,3,0
6639,8,95.49277344838694,21.46949469889499,4,2,0
565,2,38.81311677634786,9.320650729712957,4,1,0
3903,3,36.48899711078513,12.633839631410389,8,3,0
7100,4,64.1099289719178,1.3687821296702847,6,1,0
3673,4,31.28214588560837,9.689744056233064,3,1,0
4366,4,38.65695597328162,10.117500898099665,4,1,0
7545,4,41.59586775622337,21.179756937078377,11,2,0
1212,1,22.00567466001538,14.82504799236251,6,1,0
1189,3,41.13698294156248,10.961043256514337,6,1,0
3955,2,29.555898348014782,10.829323612646155,5,1,0
898,1,67.01231227333055,7.547562485972371,5,0,0
4786,3,38.67923531467517,15.447855046003795,1,0,0
8092,4,27.93009986159259,18.144602190622486,9,4,0
4602,4,17.56392779625481,7.792198312870297,6,0,0
8896,2,27.723086603963722,14.156421076243003,8,2,0
3454,3,12.830062688954762,6.560200321613396,8,2,0
3609,5,30.03870571123522,3.5525431355676265,4,1,0
8157,3,32.040294150558005,0.0,4,1,0
8765,4,55.16626819730509,0.0,4,1,0
9677,3,164.45252952396447,5.140450695069115,10,5,1
7572,3,21.555389446175653,10.083301321798624,6,3,0
3909,4,62.18180964876044,2.4172088983810287,7,1,0
4028,5,76.61116001026332,5.372035020656806,5,0,0
3931,4,23.720581247215257,7.501575383002817,6,1,0
2332,6,74.8782309609276,14.897696924134284,5,2,0
7302,3,72.1209472859051,16.174637515465044,3,0,0
2262,4,104.87577510614716,16.541304764574036,3,3,0
9260,2,29.450906228433272,10.348513084684992,9,2,0
5781,4,46.1464373578952,14.277858729682057,3,0,0
2595,4,23.04162253112114,9.679622950181017,8,0,0
7200,4,40.719764278441446,8.932031833607398,4,2,0
3593,3,53.47448450126623,12.41989030014163,7,0,0
5216,4,58.22645197733927,16.381916791963032,4,2,0
1030,4,36.907421993196955,5.04467821917696,3,1,0
7433,4,39.44808099308265,3.3136445559512335,1,0,0
7877,4,42.48987931770236,17.21825818117689,6,1,0
8823,3,24.307480535500247,0.0,5,1,0
8236,1,78.56614197820834,8.268842427655997,4,1,0
5733,1,29.358873043672325,11.019430052224294,10,2,0
5378,4,28.627183440417006,21.165850633802783,6,1,0
7762,4,38.11676905118056,5.568582499325215,2,3,0
1755,1,75.99095424480804,11.106184918177117,4,0,0
7355,6,66.70524369071822,10.86399818311803,2,0,0
4161,3,31.38584954903756,22.551281399252915,5,1,0
231,2,51.781114362137984,7.357583434595661,2,2,0
8104,4,80.39120895069823,19.647392045044523,3,2,0
110,3,31.841040804582555,9.867262726058584,4,2,0
5457,3,48.85864908449447,8.558795638065003,5,1,0
6708,4,53.08905284118114,16.385560887694854,5,2,0
2514,3,109.1363680229303,8.416492139735885,8,0,0
5961,1,42.295159527924994,4.693389168467514,2,2,0
4279,4,36.30323883292786,0.4587078707468688,8,1,0
4720,3,118.32318129778976,29.899636417105214,4,1,0
2917,4,44.4363646995102,5.312425614035472,5,0,0
9390,5,50.37834502784019,4.1826173563460785,10,1,0
2992,4,27.52603470207476,17.463935238503055,3,2,0
2317,2,24.921068358517726,12.14226784076405,4,2,0
4847,5,52.138979586658515,15.746537788037692,5,1,0
4292,5,58.85476555028082,5.567004420105397,5,0,0
6991,3,29.480423220643143,23.129850342147392,4,2,0
1515,2,59.269052000653545,6.7748242907235205,5,1,0
216,2,30.818661139385625,0.0,3,4,0
9213,3,46.08367348217468,14.771674250414495,2,2,0
9061,1,27.485411208443196,3.6400377601406504,7,1,0
8417,2,26.842320879990556,19.763194414645568,5,1,0
2263,4,36.78108107505324,5.882825706371681,3,2,0
5326,1,65.30710317607182,8.363639267826462,3,3,0
6840,6,47.214616057556206,8.743507394031823,4,0,0
8498,6,36.20505398239123,6.683872173595767,2,1,0
6010,4,35.05058415199816,0.0,2,2,0
893,2,31.25870922124035,22.086113715439154,5,0,0
1490,5,69.45746746104702,10.89638060748057,4,1,0
3003,2,48.734848680606866,18.024038989299964,2,1,0
1850,4,57.67490360320349,0.16031783478135253,4,2,0
5199,9,29.06997820107876,12.85237389266032,6,1,0
6380,4,40.20675167457182,18.741444954175165,5,1,0
324,1,22.138677106833693,7.3932378265773115,3,1,0
1215,4,108.58376703152113,1.9641741438046338,4,1,0
2899,4,40.10464707042111,13.686753415285475,7,0,0
2933,3,11.687918970738517,8.403124151205896,6,1,0
3658,4,48.64545555571116,10.401879395772465,3,1,0
8678,9,36.93794250463236,13.588414445579794,13,0,0
6673,4,10.75567009802879,11.687383043339386,4,1,0
7972,3,29.64310473378888,17.955765565989008,4,5,0
8586,4,80.48299211217235,8.883079297423947,2,1,0
6169,4,38.927511090832176,6.644898363656227,4,0,0
9724,6,78.93899434425865,7.237503947762951,3,3,1
1129,4,100.51572238906056,8.203594289227967,7,3,0
8856,6,67.0420359592791,10.989230097649928,6,0,0
2918,1,212.08218871674012,10.174463245581403,4,1,0
3902,4,49.54857944817171,15.991569100272823,5,2,0
7947,3,28.665807766110262,1.084151793151408,4,1,0
9097,4,14.325863467371187,5.477255898803368,4,1,0
3827,2,60.44873092738081,17.257226868271964,5,2,0
4923,3,46.07591464684038,16.295423967567796,6,1,0
208,2,35.72989851569923,7.024195059129058,6,0,0
3254,7,55.02053218315666,20.58886390433029,3,2,0
2795,3,51.77455699288921,0.0,7,0,0
5106,3,34.80003991151032,13.14152151726309,7,2,0
9011,3,116.11186635194868,9.052471852768374,8,2,0
798,4,33.39958491221037,10.907912817566325,4,0,0
9105,5,53.51674510193335,8.457719308520938,4,2,0
734,2,68.53094439956817,13.161853906815647,6,1,0
2244,3,37.435383561231916,8.164752865646605,3,1,0
178,2,44.75299447168656,4.039879765982522,6,1,0
5830,3,81.74889399260312,6.567522367770987,5,3,0
7008,5,18.58283622382537,12.81309178264148,2,2,0
1174,5,27.586890912493978,16.835371671355865,3,3,0
6642,2,39.84137943667942,7.75352748490355,5,3,0
5848,5,24.10900467419804,8.923171948807175,4,0,0
1831,1,48.78468052829877,16.30130011028806,5,2,0
7995,5,91.99407981494339,4.973543477720988,6,1,0
9279,3,39.963884013243536,6.768602542930946,3,2,0
7897,4,26.852713357103926,15.572751692305644,4,2,0
8597,3,9.187445324962948,7.192208185217235,9,0,0
8522,3,50.6207478712917,14.11776648165174,2,1,0
198,3,30.216039658497344,9.763568105487096,7,2,0
7928,5,28.030718132865488,8.40910179474748,5,1,0
7076,1,72.46456546510814,3.6177270709023794,4,1,0
9284,7,62.62018298616834,13.884912269343697,5,2,0
1097,5,23.199003221972227,0.0,3,1,0
548,4,72.1099662151372,4.783652946818593,6,0,0
6908,4,20.683324924572727,29.79740315633459,5,0,0
8229,6,28.34548065594804,27.273465071878118,4,3,0
4706,3,11.185971056141147,13.340964020884556,8,0,0
6912,4,33.93020970750742,10.25607940050328,3,3,0
3369,7,56.995900963707825,27.378431768627962,5,0,0
7583,3,34.79565090699948,22.142479122581825,4,3,0
2532,6,29.162655171176407,8.636858959434011,4,3,0
4055,3,21.303927442188368,4.028458670253347,4,6,0
2314,8,42.761633283605725,10.7710595602683,5,3,0
6653,4,38.442621861890075,15.976271610977118,6,1,0
6885,1,40.14584241301361,24.5996659146124,3,3,0
5937,5,13.764843503770086,6.820403912473703,6,0,0
2815,4,52.64548634482524,21.853222948387184,5,1,0
3437,8,40.167345493615144,23.201523460227534,12,2,0
3880,2,59.89180118831604,18.671179436371613,3,2,0
4157,7,84.65365922236005,9.121225130578402,3,0,0
66,3,20.57225618858775,17.699599913737355,4,1,0
7866,6,49.59251099189821,14.020547119069384,5,4,0
616,4,120.65637614602599,8.350303769122567,7,3,0
1118,6,55.07534258860768,4.562524876321364,8,5,0
3260,1,51.58077138895697,18.911906785235175,2,4,0
3401,5,66.51684440876626,20.393145341820148,5,3,0
3692,2,60.07254916146508,15.888353519970888,4,1,0
937,2,70.01523799161654,8.186035323550733,5,1,0
6604,4,51.490761446604715,11.882789620625761,7,0,0
2572,5,56.67243512143569,8.75691281193082,10,3,0
7536,2,77.07456373843468,6.449069569704126,5,2,0
6324,3,46.311441640459144,23.74563718839226,8,2,0
622,4,50.71722389807237,19.86732471290644,7,1,0
1681,6,25.628922265510734,22.93572369010328,5,4,0
2126,3,88.68517285132988,14.592780292035918,4,1,0
787,2,69.53346083970818,3.030548641734807,5,0,0
3332,3,79.7369359005405,17.64528451783623,4,1,0
7236,9,98.3943991426311,12.34235105270313,9,1,0
1092,2,19.33979698806179,6.90901776914418,9,0,0
9103,1,74.82168643796501,15.080143429595289,10,2,0
5020,3,42.92397753239695,13.998531777546365,8,0,0
9353,3,37.615998385261214,14.816709750807957,5,1,0
5944,3,106.06094234012808,11.830702613446945,5,5,0
3280,4,96.96020653358404,13.275477063589255,6,1,0
8186,2,63.51627627633903,11.61475471962689,4,4,0
2201,4,148.03176878367256,23.164845344550343,6,2,0
1160,5,25.05052039224862,17.58738300753378,9,1,0
5581,5,28.930203958648143,6.7672451301372245,5,0,0
3592,3,56.98019165294203,8.71415741145816,3,1,0
3952,3,27.330450566112734,14.180247786538828,6,3,0
9691,6,59.766410033600465,14.97392542220656,10,2,1
6247,7,54.64328656617188,6.328857057162184,4,1,0
4153,3,34.20502984228123,18.76721254500815,4,2,0
478,5,52.25810594336597,25.641904663437042,2,1,0
1352,3,26.34549913198187,11.38368703067161,8,3,0
4309,2,20.06562227018002,7.009587454032162,5,1,0
5698,3,34.57015604762831,3.4554312490777956,5,2,0
2647,3,117.21863898063367,13.640040429290892,3,3,0
8460,3,81.69867520651748,27.209419222361426,5,2,0
8198,3,33.12388721356529,10.739489677835195,5,1,0
7689,5,84.78655847631178,6.335401827969364,8,1,0
9257,2,88.25622009528273,0.0,10,1,0
2589,3,42.05774201689804,9.420378016631433,6,0,0
1033,5,18.155493193772816,12.345439607215623,6,2,0
4686,3,56.722997057387765,15.772389161393615,7,0,0
5011,5,78.84085384265393,14.325245430057372,7,1,0
2598,6,62.70732759054871,12.342246409340914,8,2,0
5819,3,20.67506344921441,4.531740654969273,4,4,0
4608,1,43.838477295348014,10.452914503380072,6,2,0
8470,3,26.949169448509917,12.061007356161687,5,2,0
9040,2,48.35591169897035,23.22564060319694,6,1,0
7450,2,75.6012471120974,17.643228559315617,3,2,0
4671,4,21.154149637793147,15.103576844406563,7,1,0
5583,3,82.52175541468716,10.73102440930068,2,0,0
3717,3,68.09835119815382,10.52815076045428,4,0,0
9327,5,117.57223186533088,1.4700251670259679,6,0,0
3928,3,31.134898854187377,10.1067083577631,3,0,0
3617,2,23.894530701270412,9.94797184976785,6,2,0
1425,4,22.351982140219985,1.7163651758552891,8,3,0
9378,1,51.58477697255277,18.996339656837836,5,1,0
2919,3,22.995824678698693,14.058829183978716,4,3,0
3819,2,36.166711193050844,6.13479216252088,4,2,0
1871,2,71.9506412661021,0.562863232737806,8,0,0
5487,6,167.50473687973513,13.078651879080905,8,2,0
480,8,17.637615384041446,24.212417710039695,3,3,0
5972,1,39.80599880333181,11.23035899431488,4,2,0
9600,5,57.83957584420916,0.0,8,3,1
2888,3,60.59211280731029,15.945990378868522,4,0,0
6686,2,37.51939618205829,7.872147212422867,6,1,0
6315,8,19.759910598793816,12.245075563476552,2,2,0
527,5,22.52569182618041,7.273738780104636,6,1,0
4129,4,39.21776833485962,20.169428970914936,3,0,0
722,4,28.426834401790167,0.0,4,1,0
5120,4,139.3289472035637,10.352380472274856,8,3,0
4722,3,23.905601217667744,12.297651999367277,3,4,0
220,3,44.556801452240286,4.458678918075796,1,1,0
9188,4,25.11945186671746,8.964217951629696,4,1,0
1935,1,32.43045636095992,19.908271101553048,3,1,0
344,3,42.39001665787339,5.270348716571482,3,1,0
8332,6,42.43222034701019,11.682432421198158,11,0,0
9674,3,38.79314109225311,0.5456154532849542,5,1,1
4483,2,83.38280819323441,21.232511976897648,3,3,0
9706,4,60.44831921342156,0.0,7,2,1
8486,2,56.93921416370389,10.20004521577942,6,3,0
9216,7,63.58750385537012,16.087839964081994,5,2,0
6903,2,260.4194356728533,6.439403239223751,5,1,0
9154,4,14.278293882073744,24.220214960733525,4,0,0
5960,2,47.82723982338232,0.0,8,1,0
7034,1,24.412526791920115,8.545941237989329,3,1,0
6051,3,16.033654155478807,15.135055182522429,11,0,0
2391,3,79.28902559323228,21.231350983880148,6,0,0
7181,3,27.723863861231195,6.057735755247319,5,1,0
4328,3,113.89810639009494,29.591262274306583,5,2,0
6452,1,49.02133648871012,8.35719197305076,5,1,0
1983,5,63.41631580908106,0.0,3,0,0
8246,6,38.46692220280544,20.437399654966818,3,3,0
1554,4,20.655946372166856,16.385067102288353,6,2,0
4850,1,19.76126517155166,5.134579245649894,6,0,0
9095,3,61.08529912330679,11.439292064932848,4,3,0
9922,3,17.193631296789967,8.259432182614313,9,0,1
7532,2,19.669863434686032,11.362094057690356,8,0,0
6853,4,68.8348485560372,11.974281812715228,7,3,0
4641,3,11.109595045883474,10.592221376236605,3,2,0
2881,3,137.0953885361661,21.328559886146408,3,1,0
1677,6,76.09460197697092,13.611106634450298,4,2,0
4885,4,43.08287428797813,15.645537743855366,8,1,0
1964,5,30.20576367386139,0.0,4,1,0
901,4,38.98265586107573,26.634742972472786,7,2,0
7130,2,16.203472171659726,0.0,1,1,0
3068,1,8.577765418002134,28.45904529377995,4,0,0
2296,6,44.79129660677788,13.679707912406343,9,1,0
6237,4,205.59442415759196,10.231600719087302,8,1,0
5862,3,42.02373743683767,14.650650269219433,2,3,0
296,3,51.80872111902307,6.689414493334387,4,1,0
8778,4,65.71598405373392,6.929854735688205,6,1,0
57,5,57.269599767967414,18.92612096074472,5,1,0
7242,2,16.735650395721027,11.258671622412914,3,5,0
4385,4,33.32768423163877,11.619556245490015,8,0,0
2984,6,64.69562788980016,16.737036211320927,6,0,0
27,4,23.151411449065634,13.279005957659399,5,1,0
4407,2,91.79826397061169,24.489505804805106,4,0,0
9877,6,126.17196907220946,0.0,7,2,1
2676,4,26.581872336391324,16.73016178465774,6,1,0
8545,4,19.317715781914067,4.631696217380448,7,1,0
5262,3,114.29295856465616,5.934383336833524,6,4,0
5841,3,39.97453560271423,8.01222584106961,4,0,0
7021,4,102.83498605623649,16.681521051156928,4,1,0
3248,2,39.588604869288524,9.679599955215602,6,2,0
5667,4,74.69667833416682,17.82000818218288,5,2,0
3884,4,56.226025399514256,16.257854717987428,8,1,0
7663,3,96.40567332076205,19.07702900003673,5,1,0
295,6,63.414219645848696,6.36087079532158,7,1,0
3161,2,76.16123846356498,0.0,4,1,0
2580,5,25.709036610233476,7.143103577794619,9,2,0
3870,4,62.09695775854334,4.343930120066544,4,0,0
9210,2,51.352965123909975,18.22415850066892,7,5,0
4404,5,22.356973083968615,16.942292782140434,2,0,0
6952,2,49.01181490649647,9.580200590854119,6,1,0
648,3,27.185203745072005,14.341401954450347,5,2,0
1370,3,80.33384717517607,16.57484547159423,6,3,0
9855,4,59.137183730687994,0.9855808606723588,7,3,1
6992,4,111.63185389054023,18.78376969227852,6,1,0
5532,2,18.97984152052218,25.34662086732736,3,1,0
9620,5,120.98114369374758,3.5018119781723493,7,2,1
5708,2,18.165830115970387,10.70686066771542,4,1,0
4209,3,50.99112379938764,20.445257817277717,5,1,0
681,1,62.565449759323336,17.15768054111553,4,3,0
434,3,16.352074938132077,1.2364596718456156,5,0,0
9309,4,21.433117824350486,4.483740853763194,3,2,0
4824,5,56.04761453221887,4.34614792847352,4,2,0
9761,7,130.5527640327923,0.0,9,1,1
3159,3,29.33294773220023,4.721378730818868,2,1,0
1489,4,61.53799211937261,20.30250459064724,4,1,0
2987,5,33.899460491369545,6.2136666722277045,4,2,0
812,4,17.20734088701811,0.9979841615922354,7,2,0
1882,4,19.81571831437882,6.016469483521859,5,1,0
9267,5,84.88997649007757,9.414377650275483,2,2,0
4936,3,38.504977894526945,7.132705686552927,6,1,0
9935,6,118.112129418635,12.426073441157516,9,3,1
1940,3,55.873528535436165,10.304654545936465,8,1,0
3296,4,28.70252224527537,7.534461456476225,4,0,0
3534,1,24.73081081089686,7.912649838424968,4,2,0
4525,2,59.07973157486476,23.674148703673225,5,0,0
3729,4,51.92311985211666,1.3898832364158462,8,2,0
7015,5,18.15997564751385,8.14127036348186,4,0,0
1612,1,31.818203277447186,15.59704698349104,2,4,0
1181,6,22.878229136881583,4.117233179911509,6,1,0
1375,1,69.69523846423813,0.0,5,2,0
9224,3,25.050456485756406,19.448896459150035,6,2,0
3946,7,27.093857404085853,13.034596852994255,4,1,0
7210,3,34.83110368452975,8.687036996683032,3,2,0
5211,4,28.438555336145292,16.765689062780535,3,0,0
63,3,82.1257101357858,10.195142205720195,2,3,0
626,4,17.378267992320982,13.685516351912483,5,1,0
4421,2,37.038111757997754,23.465761676464485,8,3,0
1669,4,29.747717997219134,17.31828937952958,5,1,0
2112,2,39.04991367759412,8.229746397163527,6,3,0
5804,3,37.563388530197784,16.062647675542735,7,1,0
9763,6,15.920915389251178,3.9771932916488915,7,5,1
4032,5,105.16015396357292,15.951681973395793,4,1,0
6545,3,19.765356577335353,15.380401788747148,2,3,0
7948,3,28.961758013837166,10.39937325004055,4,0,0
84,2,79.2986483764927,17.19081846725199,6,3,0
9180,4,33.933871022498614,9.218076193375966,7,4,0
1462,4,42.028345210596726,24.313232409530258,4,2,0
2283,1,25.493360597554975,3.880199363347886,3,0,0
2887,7,60.270875988177224,1.3788545273566584,4,2,0
5834,3,36.8537039772989,24.750356017593965,5,0,0
684,2,105.94502910373104,26.6527685384646,4,3,0
4469,3,16.561456011921685,7.2138812311794736,9,1,0
418,3,78.58723918474209,15.648661589803169,8,1,0
5228,4,63.59218727027056,22.72937222690748,6,1,0
4253,5,38.78434660153438,12.650135726396357,1,3,0
2709,5,60.112570926846274,0.0,5,0,0
2357,3,102.76078207011128,18.694204078228594,5,2,0
8059,2,23.456538927711726,6.357458564615893,5,4,0
1366,3,14.649614182271849,19.982648641792473,11,2,0
6277,2,42.962534839181146,4.543790129840218,6,1,0
3916,4,35.33770196317854,14.484518337908018,7,2,0
293,7,39.09355953095424,1.5464408565622527,4,1,0
2639,4,35.89842089723113,19.192614153439266,2,1,0
9458,3,41.81854136323128,11.201675803168683,5,0,0
1506,3,29.87225354578688,25.261550689770694,6,2,0
9037,3,59.36942298634877,12.256813995182615,4,3,0
7393,3,123.03025230107973,11.928601771358325,4,1,0
1634,3,36.592295121398244,4.03115123771847,5,0,0
2457,3,46.89016036444772,4.58557784197601,5,3,0
9891,6,267.8566558922886,3.37311437616012,6,2,1
5558,4,16.22051102761984,10.261954943014453,4,3,0
9751,4,56.448592554128446,3.3004789221050608,10,1,1
2300,4,49.61062970596302,8.431310212930562,4,2,0
4537,3,102.65303989215896,18.184156338695935,6,1,0
2938,5,15.006901435442927,21.708663155993342,6,3,0
1563,5,44.40219895643489,11.65875147249652,8,1,0
5689,2,74.18987569005631,20.203139628333133,3,4,0
8658,4,49.1035837480385,10.292837968701846,7,4,0
7517,2,48.5125448894511,21.65876252753619,7,2,0
1979,4,15.10105232720816,14.606811596637689,6,1,0
1883,1,48.84170239087661,8.179774438591782,6,0,0
3803,2,60.23556847997948,11.445293240389422,3,1,0
438,3,68.14722304731744,3.6747194445786455,4,1,0
4635,5,47.91050860625455,11.225052743822513,5,1,0
4528,3,37.31829768581134,9.562057316200274,3,1,0
4332,4,47.67702836081647,21.470966373258346,8,1,0
3573,4,37.745676034362695,8.74569837671888,9,1,0
8741,5,26.364947410278226,0.0,8,0,0
8911,4,54.66064029915787,18.161280216070114,5,0,0
4817,3,20.35147466374618,1.360420418962855,3,1,0
6435,3,30.971503135335873,22.064822829734204,2,2,0
2986,2,54.84658781722385,6.652594465393164,5,1,0
7838,4,26.19579546128386,9.667528602585968,7,1,0
704,4,48.7648283105333,17.639583034249693,7,1,0
2280,2,34.01789031297033,18.22079883379307,5,3,0
8734,3,25.025329886047373,10.736811030021224,4,0,0
4147,2,47.956675624774746,7.155266169499552,9,3,0
5412,3,95.02411535632085,3.935281122542184,6,1,0
373,4,31.393953921033233,7.671857535014642,3,0,0
6405,3,91.76143277317703,6.733058120629693,4,5,0
9223,2,152.1320993704997,11.80673822236681,4,1,0
2585,3,28.816161642593503,11.892204387074187,6,3,0
1332,2,41.66704411685753,6.492193075944029,4,0,0
9572,4,153.92200948327687,8.33107689217872,11,2,1
5282,3,35.12518249778847,11.06920488025205,3,1,0
9131,4,11.790444083859816,13.140367393258854,3,0,0
8315,5,35.26722169415654,17.802474146171583,6,0,0
9809,10,81.73277571274477,10.0907976361257,5,3,1
1784,4,44.28488395809492,20.86895666229786,3,3,0
3182,4,20.26930723667181,13.95597631212623,3,0,0
494,5,158.84574305132335,19.05303399309921,4,1,0
7363,4,68.7944066957696,28.287863936165717,5,2,0
2860,3,25.164569511883712,20.27516257153888,6,0,0
7929,6,43.78765671377785,0.0,4,0,0
4041,5,51.74874863050922,13.819614766408302,3,2,0
7178,3,31.126038573642532,27.45746873676878,8,2,0
2897,3,112.62427296306132,12.10640246781813,4,3,0
366,3,14.755578960392324,16.126563508197016,8,1,0
849,5,45.841972188684345,16.883203997521548,9,2,0
7440,2,14.123650431563417,14.73790400970482,1,2,0
9454,5,65.5631119861401,7.972771274692257,2,1,0
4301,5,102.76430641381785,1.6060112596181941,4,2,0
2653,3,45.20804935435243,10.038227488790836,5,0,0
3503,2,82.49167211275497,3.033720331304705,6,1,0
1541,3,51.95133444240456,16.92607421207323,5,0,0
4165,5,46.31084430162249,0.10598846462503353,5,0,0
8866,3,60.74630681454549,11.46305305807845,7,1,0
322,2,85.34548313345206,0.2809291678328023,9,0,0
2031,2,15.931609366938497,6.135563649627554,8,1,0
813,3,36.89178039657408,22.777502439695922,4,1,0
8939,5,36.989343386142096,0.0,6,0,0
9375,5,31.056725231210535,9.436302084433684,1,0,0
1079,5,26.72228581131625,21.27052513381687,2,3,0
2226,6,46.417002558391516,18.183822603009258,9,0,0
9136,2,30.080338784040975,2.4999694977415707,2,0,0
9531,4,95.54821581596715,12.397093411386487,12,5,1
2705,5,53.345869802407954,8.709924709529432,2,0,0
6824,3,48.9047185379482,7.3821440701825605,12,0,0
7556,7,193.54238921081924,11.83583870928627,8,1,0
1164,2,86.93340574081462,10.580798566662653,4,0,0
3261,3,75.44661680327674,11.905303214114479,7,0,0
4687,4,42.48468947315941,8.12790761854323,2,4,0
1450,5,58.34542617930554,30.0,2,1,0
3862,6,9.721920708578736,15.125590431373283,4,1,0
6103,3,18.576951584361225,5.470101677159553,3,1,0
9215,2,44.942480137169916,22.57440605720994,3,3,0
7120,6,19.118688691105774,13.558193652995751,5,2,0
6398,4,77.4929998471032,16.075990842397726,4,1,0
9588,2,60.71900602450745,0.0,8,3,1
6214,3,42.34030192853498,8.013195612550167,5,2,0
9645,3,100.70265605256776,4.079616315528729,7,6,1
5336,3,60.395816809179266,5.2462298384745685,2,1,0
4056,4,53.02714865369784,11.079575063496325,8,1,0
9511,3,142.97230923176056,6.746046263430195,7,1,1
2999,4,13.31560126277614,12.581331921316686,5,3,0
9024,3,38.2888066565993,12.359921064201572,5,1,0
1231,3,14.534197554567198,7.9681054276710706,3,2,0
1514,2,23.672254922874817,14.397388762241013,3,2,0
2313,1,44.85291924820653,11.044616558699131,5,2,0
1451,3,80.75088719607868,18.741492112616747,5,4,0
5267,4,67.56928798923522,15.953213154894296,3,2,0
6131,7,43.78713073386682,13.899500805029765,7,2,0
8531,6,58.37634838302328,26.68488582731848,2,1,0
6464,4,11.958636792851886,13.451137962431028,8,2,0
838,2,56.62836968119141,8.950697453010974,6,0,0
9915,4,86.40186983535229,5.187371860632129,10,4,1
8261,4,59.224238609847404,16.726051902646688,4,1,0
6414,1,117.4195098236206,9.786181706963838,6,0,0
8504,4,46.24917285021899,6.41887350276737,6,2,0
3567,3,109.36052357211072,6.801649651121618,3,3,0
9264,4,40.63627412909309,16.13581155268433,6,1,0
3087,7,29.41934103704185,16.18942027843909,2,2,0
8643,3,43.41255882759999,5.019822935144495,7,5,0
1714,3,37.889867648278134,21.827256154329298,7,2,0
339,4,82.54663304908819,13.288543852948326,4,1,0
9563,8,124.77872877170908,1.4846338074834673,10,3,1
5942,4,112.23643753865035,21.299499225214475,8,2,0
9869,5,123.27138346919446,0.0,9,4,1
8102,1,110.65709200728735,13.288564757181563,4,1,0
8488,4,148.14483327958544,16.293029384192845,2,0,0
588,4,86.69419263029968,26.050491644688485,4,1,0
3365,5,45.248992828161974,10.366680045476699,4,2,0
2670,3,114.95098919943594,15.909237895518695,4,3,0
3589,3,22.373031147395306,11.568154716871884,3,2,0
34,5,71.31409108763468,1.7216557158108259,4,4,0
28,3,59.37755025723637,2.5649248738989705,6,4,0
8553,4,21.225739391930738,14.068106597210205,1,0,0
8117,3,46.128130535278366,13.853584054405998,7,2,0
2170,3,26.325364763324796,1.729401080077123,5,0,0
8377,2,14.613782597817062,9.968909675630657,2,2,0
5620,1,86.6711963085826,13.631314818784277,5,0,0
889,5,218.08914613438094,10.1723537797425,4,2,0
6489,3,57.02047297276717,2.127076510362757,2,2,0
3322,3,77.67563091732339,29.010662694187282,4,1,0
9396,3,47.82624131235582,16.01435367893319,5,1,0
3514,3,47.1448487204393,1.9830993741122747,9,0,0
4420,3,24.203456909859863,0.0,4,1,0
8351,3,48.9034511883656,17.963630290671244,3,1,0
5361,4,14.469982265480105,10.909450868883228,3,2,0
3733,4,76.62023181060411,21.587314037107316,6,2,0
9463,4,71.94860181835035,3.5878130511959245,5,0,0
7081,2,88.79636767009701,3.6991167801041662,7,0,0
1654,4,22.783217840964998,20.054493237664445,6,2,0
5032,2,53.73358842603356,8.435676145942065,3,4,0
223,3,88.20945122708288,6.980443377675244,6,2,0
8625,5,20.262043870875942,9.607554861633112,7,4,0
6194,6,45.49049535201894,2.0534644041925105,3,1,0
1590,3,57.1562165822263,19.059515602708657,4,1,0
5982,5,51.993598057112536,14.166386180399444,3,1,0
3256,2,20.721435212594553,9.81282366647717,7,1,0
6680,2,25.30745632293947,6.924844210228763,3,3,0
4770,2,23.11339246381061,6.853158935910841,4,3,0
2181,5,18.2301267718485,10.319698675862085,2,4,0
6803,3,39.859148542832024,0.0,11,0,0
4913,4,54.993252663809216,10.65975910074924,3,1,0
6786,6,76.74538032274822,10.08777595885998,7,0,0
4789,1,134.2387123854446,24.122753522644473,4,1,0
1209,3,60.56321279452939,0.0,6,1,0
421,5,16.672766257538985,11.047844294234961,4,3,0
8740,4,15.239826676367601,5.73558079278069,5,3,0
1706,2,22.892124142736524,14.131404419162957,4,4,0
1158,3,28.59669020345586,19.46864629840458,4,1,0
2306,5,25.269008797442872,10.75844313945194,7,2,0
273,6,42.71236140975516,15.682452090627306,9,2,0
171,1,86.36953072341662,11.154936975275598,6,1,0
3956,2,149.39624578493078,15.024229348986424,7,5,0
6696,4,22.22359774132219,10.451663126379536,5,0,0
3188,3,158.50737851793218,18.547773667929626,3,2,0
8132,3,45.30856132177548,12.426803284405493,5,1,0
4808,5,41.80691581164611,5.093242587004385,4,3,0
8083,3,14.874255632073933,20.092954389171027,5,1,0
1564,3,31.891229988289357,15.972926570126207,3,2,0
1782,1,31.32957278642925,20.507220315105442,4,2,0
843,3,44.30488482100178,22.067521127909867,7,4,0
9345,3,61.4627270845176,11.181579234163305,9,1,0
4461,5,57.63802490001345,15.990389155070762,5,1,0
904,3,14.438485032381282,3.96445216367537,3,4,0
5911,3,59.18899628769291,16.705107524463095,5,0,0
9950,8,27.689636400277497,0.10732445487395292,9,4,1
9297,2,38.774440984178476,8.67936510288036,6,1,0
1547,5,58.0851810314461,9.018886222814377,5,2,0
2080,9,12.015251431206876,18.734669498513796,5,2,0
9881,1,159.4687707799648,2.086828333748299,10,3,1
3985,3,14.716225030277956,19.696608285959172,4,3,0
6389,1,39.9543827097219,8.311936769728723,3,0,0
7579,3,41.49083128126443,8.542746583129999,5,0,0
9245,3,28.392294211307213,9.961718281788452,5,2,0
6567,3,11.63049754848324,10.734718888514424,3,5,0
8206,3,65.67657898313517,7.6488584128653,2,2,0
3820,3,87.58984755212094,4.1460913640174795,4,1,0
2646,5,50.494015720898375,14.731562816700134,6,0,0
4454,4,15.247623763885187,10.37660630633785,1,1,0
7159,2,113.70564668441702,10.848760679558115,5,2,0
8221,3,101.24533705970929,11.923296650129119,9,1,0
8596,1,110.97651328368393,14.051742838844335,6,2,0
9589,8,45.970906441103075,2.9502582133101543,7,2,1
6071,3,127.5317384819592,23.89908614036186,4,0,0
2155,4,16.295811067636777,7.280032788041944,6,1,0
6712,4,57.76432184601269,10.285187710227662,3,4,0
3715,3,55.67223762672734,9.360062779382773,7,0,0
4057,1,61.88043775380374,13.995318913013513,11,2,0
5952,5,53.18538311901952,11.176872977486235,4,0,0
3102,2,47.32058502670854,19.57599381727473,4,0,0
558,5,42.718539100112025,13.872660016865547,4,2,0
4610,3,12.26535804933522,10.967416839071706,4,1,0
6978,4,43.24553346437533,8.235198236002006,7,1,0
1436,3,58.49093598361831,26.48337677572269,8,1,0
507,5,78.60641122200815,6.759642574401631,7,1,0
1869,1,31.20404144722126,13.280455400747602,3,1,0
755,3,89.8873544850255,10.858223039158101,7,0,0
5419,5,32.5095223215383,12.912265946424712,7,0,0
4050,2,43.99148215948532,7.908670365334086,4,2,0
8089,5,59.278042286001046,12.085466859794344,5,0,0
3836,3,100.72411134591822,12.87747836702687,5,2,0
2118,4,51.638903111407224,3.2249618748303206,5,2,0
6152,3,74.6448093180835,21.268563006531842,3,0,0
7808,2,34.49876732883973,10.803383045638293,7,1,0
501,3,18.933556654444995,17.232771783608804,3,2,0
6259,2,67.67634790658138,13.374035676544077,3,0,0
9743,3,90.09978347015712,0.08769991374072639,18,4,1
1539,4,88.50101600594087,9.250882679930616,6,1,0
6141,3,32.24919442720783,11.629201533234658,5,3,0
1211,3,54.554277370953706,13.586808281493624,6,0,0
9122,7,169.90250571493672,7.337338248705491,7,1,0
672,4,38.05400848298866,29.632543953847215,2,2,0
3377,3,42.361814227359126,0.4232224266053013,3,1,0
8783,3,51.62662957654616,21.977101781098742,5,3,0
1464,4,52.62852540858487,22.218376294618277,4,5,0
1192,4,14.632520436390898,0.0,3,2,0
6984,4,22.28377633985991,19.341315382879994,5,0,0
1872,2,45.00231467405388,30.0,6,3,0
3590,5,64.40935865091505,6.580358876444325,9,0,0
6726,1,52.40340483309723,12.627182641469881,5,1,0
505,3,148.00018020582567,4.469171280594189,7,1,0
8118,3,19.494427828034134,14.97176788094082,7,0,0
506,5,22.270189893820366,20.36734576863218,2,3,0
9449,2,27.243347665010315,13.023034781241696,5,2,0
7131,1,82.81038914953061,4.42039279166885,3,1,0
4807,2,104.5441172813676,16.901257983139136,5,2,0
7303,7,85.64752044329082,5.6923599888554675,5,1,0
1773,4,75.10285258447317,16.49991153153995,3,0,0
6854,4,18.11223068780199,13.922877361351206,6,1,0
4906,4,67.65615763364919,6.384658723019411,3,1,0
797,1,40.687315821718066,20.361324080624055,4,1,0
8785,2,38.00476837699617,7.756127300592174,6,2,0
7070,7,36.61163484838202,6.165854721449072,3,0,0
2829,2,43.81024573469453,5.99685360733771,6,0,0
9319,4,82.10304224121764,19.242331362622934,7,1,0
8737,2,93.6048254139993,8.61500599182048,3,0,0
312,4,46.37065804842579,17.585280196962643,7,1,0
746,3,48.29871601835987,20.65524052637677,3,1,0
3569,2,56.882916711733806,5.855081791092093,4,2,0
790,6,28.29124161903995,10.224551365846164,2,1,0
2476,1,25.24356812300459,19.193722359960837,3,3,0
9325,4,35.175373474454986,16.37306831251558,5,3,0
2570,1,35.21388430618345,1.5282764870219339,6,2,0
5286,3,143.7127279297377,10.764385844078555,7,3,0
5215,3,36.872966114599,8.187274581592394,1,2,0
2163,2,65.10883440277784,13.030206432201902,3,3,0
6577,4,74.91121445011045,6.884131822400242,6,2,0
8449,6,68.84553231976194,11.385496420811002,7,0,0
380,2,30.80494846705398,8.87790310247063,3,2,0
8508,1,43.580882146493266,16.747934616292852,4,4,0
1292,6,52.97651954677604,13.834365460440413,7,1,0
1912,8,43.38275410274571,6.523268106931416,6,0,0
599,2,83.81960495031788,15.57794147474804,4,3,0
3892,6,40.64459881379599,12.690224390258132,6,3,0
4141,6,43.501139106181995,4.769274192006327,5,0,0
1652,4,51.11459756746711,21.896440650914208,4,3,0
5224,6,25.93063596874131,18.899730718933103,2,1,0
1893,4,47.86826893059365,3.6165769673295287,2,3,0
1944,6,96.13839952688545,11.916594416249536,5,1,0
3395,3,65.60618237434117,3.554594978570332,1,0,0
5479,2,64.87428584599981,7.866869508287037,7,3,0
9769,7,70.19422795457008,21.520006926406126,9,8,1
375,5,31.73293895980266,20.395621579109594,7,2,0
1966,4,77.10689419823271,12.44042346189646,7,5,0
3957,3,47.244519684215405,14.143122832486778,5,0,0
7135,2,31.124427425965894,2.952484405465137,4,1,0
7478,6,6.773178151565852,13.590087887583369,7,2,0
4505,6,23.24783588680272,6.926615653733441,3,3,0
9580,3,39.96191810259841,4.63819448195953,10,5,1
5288,3,47.55877987043236,19.712745673881663,6,0,0
1471,2,37.65155029228656,9.969300296878323,6,3,0
3346,2,114.19081072073686,16.029944541317953,4,0,0
6253,3,29.82971732753549,14.416497147199706,3,2,0
2853,4,15.967094385067881,10.486918322438644,5,4,0
8988,5,164.35680394364604,6.708030950600374,5,1,0
9775,4,78.72006045886205,0.03750330470226437,7,4,1
6459,2,92.78466435256522,26.899155148423517,5,1,0
4062,3,39.94939236423747,13.576137780229534,8,0,0
5863,6,82.44628678826594,10.887323471174579,11,0,0
4306,4,60.17332277725467,14.941539010007602,4,2,0
4877,5,45.53912921288545,19.45560844956293,5,2,0
7249,3,19.748990257336327,18.427201819579892,4,3,0
5273,3,74.64124020336875,10.24369580550574,5,1,0
3990,2,143.4101631231847,16.415662972011155,10,0,0
1049,3,79.64857892291631,10.352706513246076,5,0,0
6175,2,50.29983146596396,10.056356893770328,3,2,0
6926,2,46.949772587794556,8.97923692382971,5,2,0
7864,6,57.894998316747355,4.836681562953521,4,1,0
2035,1,11.373042045299663,13.25415531617937,9,2,0
4039,11,120.21079273084327,20.47476950104315,6,2,0
6875,3,45.810407765888705,9.8978628069198,4,0,0
9354,4,30.45184221745004,22.40097127426884,6,3,0
1972,4,12.577999830463193,11.70568905686357,3,0,0
5072,2,21.3436767447704,6.0425588950417115,2,1,0
2099,2,31.454812923363843,10.57628662378682,2,1,0
1499,2,50.99239420814426,22.743476811085444,4,1,0
9612,4,58.399030034412085,10.112088352330858,8,5,1
652,2,40.085851138564855,2.8307143023516375,10,2,0
170,4,35.26466925414747,6.778514698700661,4,4,0
4085,6,21.680230389801974,24.86594488795665,7,3,0
242,5,33.649886499278985,2.848079792897245,6,2,0
5710,5,14.004783064018001,15.98258851892356,4,0,0
6972,4,10.480221394533434,11.101126201973337,5,2,0
2756,1,28.807660188510457,6.858236637364917,7,1,0
6884,4,34.46900673412646,14.48622303669876,6,2,0
5446,2,16.308921979840832,17.189039527255733,3,2,0
2076,3,74.79380511364117,19.185293232570693,7,4,0
4103,3,33.49556121490897,7.337046168580359,5,1,0
9559,3,208.80074609325771,6.68397160707882,5,1,1
7571,1,29.18898393489334,0.0,6,5,0
9466,3,53.29154979800992,8.893820379840648,10,2,0
4894,3,36.584804824746755,10.952032066808208,5,4,0
6692,4,78.06760047914226,11.246365173776145,8,2,0
8054,4,44.122130724953294,17.03567202955917,6,1,0
5389,4,17.064162738917382,21.867840668769723,7,3,0
9373,6,39.368039570777555,26.47851452840497,4,0,0
8021,4,42.13435334292864,7.14907367342931,3,0,0
8604,2,66.46944254892004,8.520731203547985,9,2,0
4480,3,105.0922079202109,7.076870985859444,9,1,0
8326,4,33.34508485883833,13.87531111227831,5,4,0
4078,5,125.91657062694526,13.348069093734502,6,1,0
640,2,77.70373754513105,15.845307301774305,6,2,0
1270,4,39.47099908364619,9.161935338337525,5,0,0
2778,3,42.33800281624874,0.41616641705588364,2,2,0
9497,5,66.97929216304566,18.754092767573027,4,0,0
3861,2,34.28311369635192,15.789899289272144,4,2,0
3480,3,29.784596508266034,4.921823531514035,7,0,0
1534,2,22.074586193644816,4.3256541512953,3,1,0
325,6,46.72696939521235,17.583768931115618,5,3,0
2338,4,112.47756276634118,8.909080424599004,3,1,0
3980,3,42.58119344704921,19.353554598474474,4,2,0
6877,2,44.46377318936814,6.526609496884663,5,5,0
4054,3,156.71949206499647,14.505671902052406,3,1,0
2237,4,36.89330183124898,3.2399682559537855,6,1,0
7106,3,102.13505471957596,13.951230827214339,7,3,0
9668,4,420.98666725191885,5.791060043722176,10,3,1
4745,4,34.16799034636547,9.442910363675223,1,2,0
864,3,36.163427809822814,9.605964760757278,5,2,0
6203,3,30.217315350757715,6.662748352365514,5,1,0
5508,7,51.20331137103766,13.026608343631874,2,1,0
7429,5,69.1116688329764,6.598368558905982,6,2,0
371,2,23.826293730239186,15.773967985928476,3,1,0
6296,2,94.90422321677158,20.93611273225524,5,0,0
5551,4,94.83493446852695,8.121142612225562,7,0,0
5723,4,60.548405913334875,10.399035294713011,5,0,0
5899,2,50.48600082943764,21.563381038226943,4,5,0
9287,4,67.1392607814685,16.718798680475167,6,4,0
7871,5,18.58541230003556,14.863098328789972,5,0,0
2364,2,95.38865460924595,7.83531839959573,6,1,0
3213,4,41.50387788548463,14.82995880719659,4,1,0
911,2,44.15690256758149,21.813329818171866,6,1,0
9047,4,70.33317879879107,0.0,5,1,0
9790,5,149.25704803958948,3.589410713625203,9,1,1
7289,2,115.39595299555427,7.257730484601637,4,3,0
9958,9,76.1190725021306,0.5087291226899691,7,0,1
6536,4,26.480301209033648,13.248730645076071,3,2,0
9192,4,12.852015072234416,3.8232177487152796,2,3,0
1423,6,34.55180974519881,9.91421914940662,4,0,0
9807,4,145.8156882165299,12.909582314147386,2,1,1
479,4,14.726141123915522,9.140302053732595,8,0,0
662,3,23.27400569518043,7.2919364017228325,4,4,0
4476,4,62.08589208576233,4.394069130694454,2,1,0
8982,3,31.5537262514527,10.24539733369194,5,2,0
8077,2,38.170798023624116,13.968985994547818,2,1,0
2988,1,43.549399046295264,12.438988852175331,2,1,0
1119,4,50.25864858556366,10.154883878707954,1,0,0
2776,2,50.311217111092056,30.0,5,1,0
9835,5,138.66405497971314,4.823291827610914,3,2,1
5003,3,41.080595177467906,6.18559708576929,8,4,0
6649,4,29.17225993089546,14.553221001686468,4,2,0
7254,1,40.375994532163695,12.384376433733888,7,3,0
4427,1,243.09882106470394,10.099131204241946,4,3,0
7431,2,18.935675540094493,12.552699653205465,6,1,0
3981,4,46.068590259843305,5.742257025806485,4,1,0
6351,2,49.36576378938924,11.985688291379418,6,2,0
2893,1,28.539538102980597,10.912919479570387,2,1,0
2669,5,21.26399711533752,17.887384232404834,6,2,0
3977,3,19.30681153609854,13.3376771458861,4,0,0
5259,2,207.8677661478281,11.66583391387388,7,2,0
279,2,20.698421106172486,15.228636909794451,7,0,0
6730,3,33.06119555022194,11.977440246438425,8,1,0
6104,1,12.59149203129656,13.644029978982003,1,3,0
7020,4,138.35334407864664,6.541781473222674,4,1,0
1694,2,44.078915869605474,0.10051741308740603,3,3,0
8912,1,13.6531838488054,0.7153365454795395,6,2,0
3479,3,52.03800097160024,8.476077868923893,5,0,0
4416,3,96.51675148583104,16.128197886018768,4,1,0
7592,4,20.882606663590785,8.783991037374804,5,2,0
6282,1,53.174587032201615,6.076310382573874,2,1,0
5603,4,18.796917019535112,12.710036391006517,2,1,0
8619,5,97.63426281195447,12.669925214606959,4,2,0
7780,5,24.18295899810704,5.667988967716208,6,3,0
4296,4,40.12133186380874,17.638846885679683,6,2,0
4593,4,25.23368622904102,18.349318597032404,8,1,0
4844,6,39.69274100571428,27.63886967214355,6,3,0
2209,6,90.32155064667069,9.350610096912916,2,3,0
7605,1,10.870886842468009,2.945144942968369,9,0,0
5501,8,31.609574017573316,23.060439182530416,10,2,0
184,3,15.976175009481816,13.483337071224717,6,2,0
4800,10,21.150148404732363,6.631004875533581,2,1,0
4845,1,67.538043679394,13.385945314569486,9,0,0
2350,2,21.99881864991061,7.776062887997995,8,1,0
553,3,80.71806530400825,13.332057767250646,4,0,0
1397,4,174.45286871200173,4.859898574052851,4,1,0
1384,2,29.321025837162992,11.95685283536735,4,1,0
9182,5,97.83557666712703,17.729211448553265,8,5,0
9817,6,38.009027910176364,0.0,7,4,1
297,2,56.3291442254282,13.885267230734199,4,2,0
443,1,24.066911833945618,4.095558836974972,3,0,0
7338,4,69.14187942547915,12.598406923090867,7,3,0
2077,3,39.63995566257829,12.942956373878086,4,0,0
7815,5,30.289900010219842,2.3065801336947196,4,4,0
2229,3,20.22701439377623,3.0179795890389247,4,1,0
2842,5,28.748486669944597,15.415072685760967,6,0,0
2537,3,69.04419003212696,2.90886924241984,6,2,0
8145,3,37.0076782355365,10.181911707871008,4,1,0
9536,3,110.93664753535748,0.0,9,3,1
6443,5,40.47480108118565,15.1460371923068,5,1,0
3367,4,40.43191263259391,16.570472470381073,5,1,0
4486,2,48.31509076918925,4.215054036952978,7,2,0
2578,4,14.165183248322949,19.941320976701576,5,1,0
1131,5,95.25364331910407,20.534091989855646,5,4,0
4818,1,70.47925229834327,7.332319671407885,3,2,0
320,3,17.327962681593217,23.049736859590244,4,3,0
1371,4,84.28256045374506,23.345952527241863,6,4,0
4042,4,8.525730755832821,10.232825661690654,3,1,0
9125,4,47.321331795377326,16.548884288421235,6,2,0
5145,6,60.86106399761293,10.793218778725796,5,2,0
907,1,37.66351822755617,14.529362942870739,2,0,0
9426,5,47.89817126182362,10.751196399234738,5,1,0
3950,1,19.620511102871973,15.297320967208723,8,1,0
6145,6,56.5088852539172,19.798623125846838,9,1,0
8886,3,60.168103871261465,8.66377395433271,4,2,0
6695,2,34.58789439754335,10.570271262034645,1,1,0
4977,7,52.10684611691498,22.917334811622844,7,1,0
6092,4,39.91169669606684,23.57928657067067,6,1,0
8408,1,143.35999205475278,3.424808805749244,10,3,0
926,4,21.07376797620904,8.823391299819239,3,0,0
6143,3,45.69901239030116,15.158503674365225,4,0,0
15,6,121.5781848783737,7.17458326788641,4,0,0
143,5,20.644579427366747,4.485515482346999,5,3,0
2363,3,31.27138637324875,2.76235795958147,4,2,0
129,4,78.11289075493058,18.78216398557921,2,2,0
1161,2,23.589877676988323,1.0065969559550698,3,2,0
7551,4,15.618776137615132,3.2517304251038635,7,1,0
6129,4,15.868571954194696,1.6404225585184253,6,1,0
4665,2,107.66838041198136,15.172508302136109,4,0,0
5660,4,22.63687201811165,9.975255232832298,6,2,0
6460,6,94.81958388975073,7.740150229051906,5,3,0
1876,3,15.089467886757028,0.5507554883249846,7,3,0
2488,3,16.903044965206742,12.107088137846993,4,2,0
5327,2,55.822101201371126,0.9201545554392414,7,4,0
9361,5,8.698088893974795,10.850380492955079,5,3,0
1182,4,36.15775771660781,18.69830896358659,4,2,0
6135,4,34.04415895978395,20.060367069448162,3,2,0
6377,6,70.61831526732034,0.0,9,0,0
1170,4,59.05214055659012,10.141016231557773,8,1,0
2182,1,41.71073797263076,11.249632534292266,8,1,0
3371,2,137.8298734785372,5.995246509633515,6,1,0
8040,2,104.74685017110353,13.553189132710415,5,3,0
1859,3,28.14861116592524,21.264155539426877,3,2,0
4860,2,159.08345517510338,15.838595999909629,2,1,0
9255,1,19.490227424767525,19.232090980942196,5,1,0
8345,2,34.62964096443679,7.620782163495215,3,0,0
7347,4,51.81734905706695,14.301606499015714,6,0,0
4864,5,36.88870434068769,13.019258365312565,5,0,0
9886,5,286.55629246459574,16.275933752742663,7,3,1
6388,4,155.82829111484642,17.34552081831894,5,1,0
3121,5,68.58487128514025,7.1838602375461775,6,1,0
387,4,36.542575772887275,18.580461075699176,7,0,0
7785,2,45.372924080737164,8.580326297452675,4,2,0
1032,2,24.34083152895306,12.462070350044291,6,4,0
7852,3,219.17959823373445,6.855103780960137,7,2,0
5418,2,21.698725857697035,22.25157390892261,3,1,0
931,2,27.173581374028142,17.865937107346507,5,1,0
4019,5,38.22767527105871,12.893857373879312,5,1,0
691,2,14.912188200868734,9.778852547154601,3,2,0
5298,6,98.36311324347878,7.32846733697491,5,1,0
6658,4,51.190902141605775,10.484045806606646,4,1,0
829,3,134.20246943598266,12.03742527395737,6,0,0
3498,3,32.58327988790494,7.559653116647966,3,5,0
2081,3,91.19341071728194,16.316240774070966,6,0,0
9440,3,25.466307633474063,17.37173531638941,3,1,0
44,2,35.97292309549778,15.211479852631765,6,3,0
3939,3,19.283078828277457,5.929264643262526,4,3,0
5257,1,121.119853469257,10.620690997672027,2,1,0
8437,3,34.69201890280813,7.5350858603024395,7,1,0
4319,6,47.44652372975021,6.885770590528191,8,2,0
2965,3,53.92607673396865,13.181174287287448,3,1,0
3969,5,80.0688496998268,10.329334865646032,4,0,0
1187,6,32.84874005152231,11.524559510974276,9,2,0
284,1,50.93071050925507,20.479423580931886,6,3,0
8873,3,44.45866499316135,14.774861678600207,3,4,0
4159,3,186.12638405386969,19.18793489729042,10,2,0
3092,5,44.51221654488186,18.361795706942285,7,4,0
4556,3,19.02777176008217,2.66057253108678,6,2,0
4584,2,40.64857400188448,3.9843886565823254,5,2,0
4323,2,13.26805509821956,2.7193220534115596,5,1,0
5504,2,36.873637898547926,17.187897679083896,7,3,0
7074,6,34.42495834709902,16.751551935701432,5,0,0
3364,3,54.52237552964001,5.814662932349837,4,1,0
8025,6,58.74424000666342,13.100823089712712,5,2,0
3195,4,26.778609614923884,14.38970352446276,3,1,0
8810,4,68.00268526992491,1.287318052669164,7,0,0
969,3,41.57690694346399,4.3962979430219775,4,1,0
3734,4,45.69649563302804,12.084646132376761,6,2,0
925,5,25.39871669391365,18.38335186957587,6,1,0
9496,5,57.498401589868166,23.67384134782592,7,0,0
6451,5,89.16537561467652,18.86464007780679,7,1,0
8797,4,90.32346182666157,15.209179464613904,6,2,0
2851,2,49.39750662339725,6.921657637932144,2,2,0
5180,4,19.98031788502979,15.588534365146865,2,2,0
6723,5,75.98994371870666,3.731197396507671,5,1,0
9322,3,53.772789836264245,11.406248078339912,4,1,0
7810,2,42.4468613502057,2.731651757200442,3,2,0
4471,3,15.564811810243638,6.5680443188390685,2,0,0
5168,2,25.67631721325818,16.1253862082859,4,1,0
4348,2,24.978456154802462,13.978300424838181,7,3,0
7903,4,73.78803578243418,14.316577879481063,7,2,0
3626,5,37.30819818061631,1.04571675593656,6,0,0
1789,6,43.22156158484714,12.500620065981979,3,2,0
8293,2,60.61664457721849,13.378757932170345,5,0,0
2059,5,37.162454645288285,0.0,4,0,0
4013,1,25.482053944128747,13.658971090539621,7,2,0
1902,2,71.99590283206163,12.72312770562541,5,0,0
5573,3,28.38404412693031,0.0,7,3,0
6925,3,105.40011894750322,4.668134417782146,4,1,0
75,3,160.480843769054,8.231818568164122,7,3,0
2345,2,137.61097112970532,15.761910264102974,6,0,0
5484,6,40.63682685588626,11.407700736061633,7,1,0
430,2,39.41006715363524,16.415793912775072,6,2,0
4586,2,36.520654605117855,14.417258996018916,5,4,0
8099,3,45.4922881126102,10.155677071609794,10,2,0
8457,4,21.521412580796586,8.684284849749375,2,1,0
8156,6,21.457004528356187,15.159251505776753,4,2,0
7893,2,16.781475946780613,11.691399062494249,4,0,0
1553,8,41.38088459929242,8.64432396804439,7,2,0
240,5,121.66945535640811,20.013378404673453,4,3,0
783,3,22.400094420639093,0.0,4,1,0
3066,7,32.684703958915144,14.675206211175578,4,4,0
977,3,28.018955727758826,2.6919817681976514,5,1,0
2941,3,110.3291635255643,6.067900932514378,4,0,0
5377,2,81.91475080172252,10.00693459767998,7,2,0
4730,4,82.18554324912431,22.478372575276886,8,3,0
1620,4,21.943684421318174,12.56567607510812,4,0,0
2146,3,60.68687964413601,17.50558017586117,2,4,0
1801,3,45.527134514648196,15.580792190485804,9,0,0
2095,3,65.83820894643725,11.876034700578828,4,1,0
6074,3,118.50679016193956,7.5004814765432615,6,2,0
5245,2,54.83706566991042,12.19491990694389,6,3,0
1357,5,108.75751707146544,10.105692756126405,7,2,0
8063,4,32.82290061993341,26.40526960379243,6,1,0
6050,4,58.06048826884274,14.199430958645216,5,3,0
8368,6,37.47693063407258,14.246080831320834,2,2,0
6017,1,14.23396577686155,12.124481805632426,3,0,0
9931,4,67.6698805100921,3.0614493293237066,14,6,1
8769,2,31.943728228546945,4.096218944537307,3,1,0
7503,2,29.310864015217867,10.228697877348651,5,0,0
1609,3,34.14785723316439,5.228514817366629,4,2,0
3096,1,38.459663216045925,0.0,5,1,0
9771,2,231.3757975638814,9.654105794345107,7,3,1
2415,2,26.625047479827458,11.965152393769518,4,4,0
2017,4,13.576764543337157,6.537947255218015,5,1,0
6018,2,9.055916316740158,5.197185217522321,5,1,0
4125,2,52.498657908260775,15.587400865924234,2,2,0
9802,8,171.08155571527013,13.876135145276074,9,2,1
3246,3,48.34714288252914,8.741830969339354,4,4,0
124,5,49.704197833232485,2.036253234676705,5,3,0
6425,2,25.093814561095602,19.172407446648847,6,4,0
5308,3,26.086226996549513,3.012814116289512,9,0,0
7463,4,23.4253998637345,5.323854697962495,5,0,0
9157,2,86.54296386791425,11.947309352964208,7,2,0
3341,5,40.39716056519307,11.950794290034095,7,0,0
598,2,23.399291367510116,19.07798722478862,3,1,0
2123,3,55.44466017001053,17.5135321696671,2,3,0
9498,4,38.12361922636891,14.396818139272995,7,0,0
7685,2,14.03381243451817,4.722103090982266,5,3,0
7049,6,29.9803240546166,14.111188705935197,2,2,0
9661,5,94.71789679345643,9.409839346708509,7,5,1
2197,2,28.008196136051453,7.9556522601290105,8,0,0
4051,3,26.600705221078453,3.0425679590019143,6,0,0
6054,5,84.41399736167307,13.7317605984902,3,1,0
3362,8,10.988781015085042,8.065205145826985,9,1,0
6851,2,52.30703140599721,18.131724452213902,8,1,0
725,3,29.61097467891735,2.772743482095107,13,4,0
4934,4,115.05661075239844,0.0,8,2,0
978,1,18.937686596549963,20.433300276360036,7,3,0
808,6,44.66320215899687,16.207805084483105,2,1,0
9603,5,118.46879587760291,5.289164000504557,9,7,1
1475,4,28.149425715503796,7.683494175581532,4,2,0
5935,2,47.264382010247374,6.306270404703536,2,3,0
9036,3,67.95740907517127,3.026039488332904,3,1,0
7335,5,68.16909726895592,13.467074547173203,8,1,0
3962,4,39.493289214547715,6.343719165540031,7,3,0
6422,2,39.43421060455218,10.739436774332344,6,3,0
4905,5,66.92357248377321,11.740057437806566,3,1,0
1235,1,23.669447412502812,14.036366900796173,2,0,0
1225,6,53.39009289264787,5.421306726831524,3,1,0
8049,1,21.292260671115468,3.0693052452078824,5,3,0
9278,2,34.177694249893655,20.61455806403311,4,0,0
8671,2,32.42975689337449,6.362407999089901,7,1,0
5229,2,34.26435612564754,29.714319686356173,4,2,0
6950,4,197.8455234764424,16.596480621887252,4,2,0
3217,4,87.93570748758613,26.090971332483917,5,1,0
287,3,123.52600061408754,12.509923229939321,4,2,0
5023,4,21.69575005047462,26.35613743287408,4,3,0
2966,2,52.48526740030275,13.958086144393782,6,2,0
3164,4,18.974780621410183,17.976227672400498,1,1,0
6003,5,114.42835621307186,16.571008851098863,3,5,0
8887,2,106.16131734135104,21.53257378495253,4,3,0
1657,1,38.01678443902057,12.036068806796543,6,0,0
1975,4,31.602548876314934,9.96005242049938,5,1,0
2397,4,79.12771736870786,20.182638060421915,6,1,0
452,3,14.943809513080184,0.0,5,0,0
8030,3,26.123091270881396,12.562366126948504,2,2,0
4696,2,45.01125309756786,15.241540776866223,7,0,0
3681,2,20.520485846928562,9.477497594960202,3,1,0
422,4,22.52466857471749,16.210534839695438,9,2,0
9725,6,64.80814477942754,0.0,9,2,1
657,2,115.64993041121907,21.31601987028953,8,2,0
3301,4,55.96079428980745,10.0768112587205,4,2,0
6394,3,63.478349634389794,0.48875960592225454,5,2,0
2845,3,91.18291516823086,14.60695414431186,6,1,0
8291,4,56.26621657774635,9.38383907077477,7,2,0
7497,3,42.65143911564968,8.133944809274922,3,3,0
1001,3,60.931168093078924,0.308801342199823,4,1,0
4198,4,52.794374397926745,18.86921984127311,3,1,0
2418,3,45.335411183402414,4.31979380598468,7,1,0
7482,5,116.695386315486,11.820269934267523,5,2,0
5706,4,90.59570650889783,14.091988868598074,4,1,0
3847,3,88.38848350330308,3.5852253186206813,6,2,0
961,3,22.735712144619875,8.765998115299052,4,1,0
1580,3,70.97667263364606,20.624652795566682,7,2,0
5007,2,45.39248760433147,15.828635648892988,2,2,0
2206,3,38.43784575664022,12.690747963663549,3,1,0
6312,2,38.375150835431384,9.319277178265546,3,3,0
9562,4,79.72059239630138,0.0,5,3,1
4231,4,15.527230357131256,12.073467738901243,4,1,0
757,4,46.79575260168477,0.0,4,0,0
2284,1,8.636971852125695,10.74872368570405,6,4,0
6663,5,29.44813871317201,19.703138592977176,8,1,0
4755,3,88.06891397548199,27.493089834964344,5,1,0
8211,4,115.11259501770007,10.516629425500712,8,1,0
807,4,64.0283932333128,15.257143386092562,6,2,0
6575,4,92.2108802857644,13.63091479810768,6,1,0
7719,1,50.785158938768845,10.03805384899542,8,1,0
1956,2,40.66502200111233,12.234664209668207,5,3,0
2445,4,172.894744499801,15.433561820711912,4,0,0
5875,4,49.45010633809267,9.132923968956609,3,1,0
8163,5,63.579884247691616,30.0,8,3,0
6138,4,11.24906974900507,1.0497519354086613,8,2,0
2402,6,53.896414367363136,15.859269206900702,7,2,0
1073,2,31.59390266500998,6.476064555586453,6,2,0
6557,4,115.70282386237913,19.632569439254215,6,3,0
4240,4,16.32016717279682,6.891880830604737,7,1,0
8509,4,104.00388969300217,13.00121509230756,6,1,0
2091,3,12.856246028080365,12.23855815217876,5,2,0
4527,4,57.54584508751087,18.416753787775555,4,1,0
7202,3,163.41462549966062,16.250304687043915,7,1,0
6795,4,36.53627781095377,6.044244461920105,5,3,0
7237,3,127.24692182816197,20.306171228916604,6,1,0
7422,2,32.40499971619269,0.0,9,0,0
6849,3,35.33337876780426,15.211690414948695,4,3,0
6836,3,32.88764251920051,19.233726658332337,3,2,0
1003,6,24.472274592623737,15.96312267311942,5,5,0
9099,4,33.8674221581262,9.966209162085711,3,0,0
6562,3,103.56838826447559,13.566903183048328,7,1,0
5614,5,68.35244191856756,15.195900032557919,4,2,0
4651,3,23.060211175812494,13.39913156559019,3,1,0
5313,3,17.200702136945107,4.714147558036544,9,0,0
1485,2,204.58955277386397,8.453524406470887,2,0,0
7607,3,76.75101169640946,25.207043956755903,6,0,0
1411,4,28.122618498865346,8.205269507550327,5,7,0
9303,3,61.47675726870995,9.403152263051279,2,1,0
709,5,40.34153272236839,7.750502709879763,5,0,0
9806,7,51.02289177311108,7.718342583154057,5,1,1
8042,4,43.163323601475504,8.726249361962596,7,3,0
7211,2,39.809897588180746,6.302995310752637,5,1,0
3076,4,292.11370349606574,14.094895582361728,9,2,0
8314,3,40.27384740062914,19.635728837453055,9,2,0
4101,3,29.090859778919963,21.839796783021853,2,1,0
5114,5,44.395944377797754,0.0,2,2,0
2722,3,18.5076628151816,21.80423068892992,8,2,0
9359,3,27.739430561240187,1.0635542670962046,6,1,0
1268,4,25.079466276334934,10.317367975687297,6,4,0
2462,5,34.097591638279766,13.0284844037251,6,1,0
5464,3,44.34661944225348,6.613597378974676,10,1,0
268,5,78.07589568738344,29.589995328062788,4,2,0
3580,8,38.51518494434516,10.903649618746133,5,0,0
5349,4,66.89810387839678,7.62585442849623,5,1,0
7290,4,138.8179055216778,14.621308282450602,7,2,0
5157,4,15.443116375288797,20.82245668340124,7,2,0
6601,1,23.887012110470984,20.561164144994624,5,1,0
2821,2,41.673182012176945,11.024665195706486,4,2,0
5807,3,17.367241649424454,18.100289143236303,4,1,0
589,4,30.60495504320457,1.7099348072941023,5,0,0
5955,7,117.99276039078019,7.458089333933014,3,4,0
5254,3,145.29261788669777,12.471356007037162,4,1,0
6661,3,102.5571275179237,16.475107676951595,4,2,0
7656,3,43.754702898114104,4.909641150885926,2,0,0
8725,5,26.79824238135394,18.42681904470242,9,1,0
6896,3,59.2571270580667,8.215394599472702,2,1,0
7594,4,15.412688194968277,25.895114680521306,7,2,0
2028,5,87.1749649545191,8.667375519497227,4,1,0
6818,2,21.626842249707423,19.233123974628903,4,4,0
677,3,25.1914012379097,19.211263079727033,4,0,0
5763,2,73.46346460257298,5.0681017152070815,5,3,0
1232,4,47.50420542044272,4.9904323948103375,5,2,0
5296,3,20.533936426317982,15.032512517799177,1,3,0
7103,3,18.960468864944534,7.687164258803026,5,1,0
5034,2,161.89163243883905,15.770626339765121,3,0,0
5452,8,14.01160371203519,7.572530265823858,7,4,0
2432,4,56.0753660828536,4.0117673910446,11,3,0
6319,2,46.66932116170909,12.838729550672799,5,1,0
6119,7,55.43088741310745,3.893981226196617,3,4,0
9158,4,23.096746967169107,9.048824434656336,8,0,0
9953,4,27.67501512981716,18.24716070416515,11,3,1
896,3,27.291928409342823,19.33766503010055,6,1,0
1611,5,43.40157166931265,5.08939684284241,5,2,0
6474,6,52.0041386226455,12.170307575844795,2,1,0
7661,2,70.33794132703746,16.285864531049327,4,1,0
7460,4,41.08454897440703,14.01195916461613,5,1,0
3806,3,116.19717930291883,21.361480545976647,9,0,0
8273,6,43.852208181882766,6.072386266210486,4,0,0
9451,5,62.51911664656206,13.204591107774371,6,3,0
4701,2,44.67816009690937,19.669014155889485,7,6,0
3961,3,19.88736324240167,0.0,3,1,0
5417,2,70.36335796958824,26.184451561399108,4,1,0
890,1,32.02688111458984,18.22800643675769,9,1,0
4999,3,18.594005295368866,29.338735943306762,6,2,0
7506,4,26.16696807675169,8.823297138280008,4,1,0
7881,4,106.85776913268083,9.951053989371063,5,1,0
5095,4,31.2498271822708,9.995605310112321,6,0,0
6932,2,23.949402902338345,10.149682070972789,4,0,0
9617,2,176.3722855542069,9.038156778495722,13,1,1
2799,2,57.80852397748473,10.113163395856212,1,1,0
584,4,70.5564947049275,13.471311112957897,5,1,0
3268,2,30.010521516244395,8.788818506322933,5,0,0
3932,1,22.565908225131214,11.815012287936339,3,2,0
1260,3,82.90754168445461,0.0,10,2,0
6205,3,56.533314522719806,15.067098588108179,5,1,0
310,3,54.563060440674285,15.861865953436485,2,3,0
7789,3,48.34670665635279,6.311517366206414,7,1,0
6458,4,43.39334119889446,22.433735920241833,4,4,0
6206,2,33.84230766941958,9.255502638891471,6,4,0
5882,6,51.43811490107979,6.622798656943407,7,3,0
4668,4,15.125656037255421,12.932619328250489,8,0,0
4298,2,85.81781971380123,9.366490807855856,4,2,0
3783,5,21.673343818296104,24.97407107213829,6,0,0
1008,3,53.89668089177846,24.044271694124273,5,1,0
8354,4,34.08049623941862,12.300245338751973,3,3,0
2185,3,159.2997920420933,24.601128439522103,6,1,0
3623,3,98.76169367476368,4.938049389929563,3,1,0
7039,3,71.5251991278183,2.160881343603652,6,3,0
4922,3,41.346319524738355,11.228528088348416,3,1,0
9673,2,170.00127626024752,7.311539274135014,14,6,1
7950,4,28.55561660439405,8.592618470359252,1,2,0
6125,2,42.582076562144,22.13924399732589,6,2,0
4756,3,38.09934235460787,16.8814261506364,3,1,0
5074,1,23.048643018557982,4.274282449316777,4,0,0
90,7,53.48059904343853,12.076701040698856,7,0,0
5974,2,66.54041460264898,16.701007372220005,8,3,0
6418,6,16.18276314676135,4.9596741561070825,6,2,0
8640,4,59.6490043741492,11.481786638417727,4,2,0
8690,2,57.42541973647171,18.267339122755317,2,1,0
2117,2,91.0291874369928,1.8448560624155306,8,1,0
2937,3,26.883728023280053,8.517633006072217,2,1,0
6842,4,16.157116724481515,20.07713792344338,7,0,0
983,2,25.415837538678883,3.6341020048536326,5,1,0
7260,3,16.39524618385566,16.28356320727479,6,2,0
9985,1,41.76656936607868,1.924493199880981,8,7,1
2925,2,64.64313149832529,8.608940569540072,5,1,0
6061,1,26.412075314754208,17.583998555024532,5,4,0
3214,6,85.9812948986451,18.716302699611152,2,1,0
6447,4,80.75532698913655,11.355890195678445,3,0,0
6779,1,29.877032924402606,18.71292895515208,7,1,0
7038,3,98.96093771960578,19.85753364519864,6,5,0
5663,2,74.40316222109504,11.704727117761966,3,2,0
627,4,38.43311307504916,10.51043600865376,4,2,0
8008,3,83.85172391989033,4.242168653136602,7,3,0
5125,3,46.113541950526944,23.73690882791357,5,1,0
4765,6,123.40779367370318,5.950903429968999,4,1,0
8143,3,77.67688679198017,13.353513395708248,6,3,0
9594,3,38.550645023076385,14.403820837068565,9,2,1
1269,3,42.56318495832213,10.401373048767883,3,1,0
128,3,67.10580186093686,11.146317792809985,4,3,0
6112,3,62.578317615837314,2.3921956613882145,2,4,0
1711,2,17.178037895667426,0.0,3,1,0
7862,5,121.7894408712011,22.80951046035331,8,2,0
4235,4,29.34321929664773,20.361830858480978,3,3,0
5192,5,45.802877189119755,17.558912869573575,6,1,0
2398,4,28.90494069243375,18.652974142917582,5,0,0
5434,2,75.28434133480854,2.6335172874128556,6,1,0
6057,1,31.219426080569765,8.09324940227048,7,3,0
9318,7,26.552746095605528,21.550448570286036,6,0,0
1186,3,33.56511725097619,13.42291747365701,4,2,0
6013,3,19.032241078878485,17.619151736927698,9,1,0
9793,7,35.32918892736065,3.8917754280938115,8,3,1
6014,4,133.20010232433,8.370813994438036,7,0,0
1977,3,124.56615881544462,21.055709741871414,2,1,0
9887,5,122.03874172445529,2.807386539863262,7,6,1
4247,1,107.3449060499613,6.674365599423123,5,1,0
7672,2,159.90152737609682,26.052988524404007,6,0,0
915,5,41.64824054497486,20.129052190506435,3,0,0
1305,4,61.13473147699116,12.277177174877457,2,1,0
5455,4,7.192113714668616,4.628458186326412,2,5,0
3049,5,41.818647732901404,24.1475960190507,6,1,0
9521,7,161.44344193115398,5.638325393679884,14,0,1
1273,3,70.7580841726609,18.10600620876434,6,2,0
8055,4,48.37977415585551,17.54347657481337,5,2,0
2796,2,41.10169253706193,13.811323548205634,3,0,0
1398,5,44.28371220263585,18.67938504317121,3,0,0
3358,3,66.43882432755014,17.917067223631555,6,1,0
183,4,60.37862052108204,25.212098218571295,8,0,0
6867,6,64.26924590958352,12.325055715564629,2,1,0
5695,2,28.553032791773102,11.302404243670685,2,2,0
8835,3,52.72589646761977,7.602544982687441,3,2,0
9626,7,800.0,6.123037204184397,5,3,1
6170,4,45.31966576508466,2.4107498976201747,6,3,0
6987,2,70.43074824181048,8.196450211346447,4,4,0
4567,2,49.94980108010636,7.6157116868323325,6,1,0
8955,4,31.43786206827486,18.688727883666697,4,2,0
2656,3,226.42599660699463,18.53961545089951,4,0,0
8309,3,24.542483871955802,16.558427325479627,5,1,0
6857,5,54.66447387002393,10.549126447543607,3,2,0
1961,1,75.79664548237582,11.627034713394098,7,3,0
6383,2,24.39344958690393,28.374094265802867,1,2,0
8853,3,60.34838818783938,15.981926614886866,4,2,0
9973,6,281.67980924919914,4.9239625626813295,7,2,1
1251,2,53.36864022807501,10.848419492110494,8,1,0
3176,2,22.477246611885917,7.084243681603631,6,1,0
7760,6,30.37218913450415,30.0,6,3,0
5013,1,29.19445905303146,7.796417356828686,3,2,0
9705,3,60.568881973198515,0.7806099600483449,12,6,1
6539,2,7.621518601467871,0.0,5,0,0
3289,2,26.07939317576132,10.360658512878222,4,2,0
6448,2,38.05033405492107,6.811030549560403,8,4,0
8726,3,145.8250352285784,6.336690429118464,2,0,0
7611,1,26.82998805923859,5.701178789354706,6,1,0
6275,3,86.24610790119795,8.296713555355483,4,1,0
6887,2,43.673125588135804,13.824390248305484,5,1,0
1051,3,147.5134660306358,18.651827095317614,8,0,0
4069,5,22.921465625379216,21.20461217493302,4,1,0
6022,3,24.126870404998705,9.391832249789239,6,2,0
5552,3,21.74210042341915,19.55487752576187,5,2,0
272,3,81.33704425263876,12.539824286187207,4,2,0
2042,3,26.895272107879478,17.58591454757756,3,0,0
4763,3,45.352550190370984,9.767543744509185,9,1,0
8997,5,30.140486548467372,10.277919154564916,7,2,0
5204,6,68.40930050685881,12.00463217874624,7,2,0
9509,5,104.09747063792496,12.06553570580075,4,6,1
1086,4,79.05653868761539,7.486223295869146,6,3,0
8373,4,33.94859630095667,15.713855392419447,4,0,0
7732,3,78.42311786215143,0.0,6,1,0
7515,3,55.90905237357708,16.787849019744833,8,2,0
6678,4,16.222370455702617,25.358031960043753,5,0,0
4322,5,70.6154130895315,12.914543103219689,3,2,0
6946,3,42.27150266128016,23.248433943695925,4,1,0
7747,6,45.214707238798596,11.070826257131968,7,2,0
6772,5,19.555594070270445,17.271322336405987,3,0,0
5518,1,64.71014346434764,19.04418455189399,4,3,0
5117,3,46.4316831595665,14.93229869283724,8,3,0
6179,2,48.66236515448811,11.82340599348612,4,3,0
4709,3,9.578239236810411,5.533391931442578,4,0,0
8121,5,28.377288152706384,13.564346338111122,6,0,0
5969,4,28.103626070607685,4.314865702575451,6,1,0
6784,2,23.064874166870418,8.380015940205745,4,4,0
3478,5,63.90561264951155,17.18585153619142,9,2,0
8414,4,163.12439453707256,17.25343790927761,3,0,0
3924,2,25.52916115926993,30.0,7,0,0
1748,3,51.61601858871503,5.1771520540213345,5,2,0
732,6,14.128081702097893,20.51339829010734,4,2,0
2553,2,90.35134221421303,6.444862351798741,4,1,0
5458,1,53.14466260361758,7.28596766668579,5,0,0
5873,4,46.19198456710905,14.118555575797075,3,1,0
2662,4,59.72667531096468,15.891766299390131,3,2,0
9398,2,82.25611765214367,27.41523648806018,4,2,0
6455,1,13.258503682930339,3.0365881558698398,2,0,0
3113,2,41.02078701926644,2.067461188292514,2,1,0
3303,2,16.05300994017036,12.557231211752198,5,3,0
1344,5,36.95942273935323,17.950539177683247,5,2,0
1690,3,108.76081076130603,11.160718983665262,5,0,0
7180,4,114.59306831140633,0.0,8,0,0
6499,4,30.139348922015184,20.46876871844926,4,1,0
3308,1,21.08567617510955,8.550381544953575,6,0,0
1504,6,41.06026271270694,4.240740038330467,8,1,0
1806,3,40.90288116438163,10.524269881862278,4,3,0
8469,3,20.364636499237374,6.1280563310373015,4,1,0
5369,5,44.3047774506824,10.290505443070215,2,2,0
3791,4,42.468418736527184,14.9348207060002,6,2,0
9520,4,69.47498169950198,12.164067725193338,6,3,1
7329,3,18.911882147125972,1.2520072183744428,8,3,0
5909,6,20.287297750171874,11.82262722602626,7,3,0
6825,3,90.54511801134609,18.355612610729477,7,1,0
7263,2,47.59654962748499,15.102872712594372,3,1,0
1848,8,28.890397677778218,13.27755625497328,3,3,0
4512,5,41.60029488864833,7.573359047247935,8,1,0
2431,2,93.59371032267939,16.165459789798426,9,0,0
4660,3,52.070297235892156,9.61674402662219,6,0,0
8885,3,18.542337218111296,9.104238153436334,4,3,0
5584,4,62.05311384544608,19.738977241023733,6,1,0
142,6,23.02970004728507,13.343001919096078,5,1,0
8760,1,71.02465890130526,9.584313444737141,4,1,0
9211,2,18.16239037188835,0.0,7,2,0
5264,3,11.790233382404551,14.930379709780402,9,2,0
3409,5,89.3048195634716,15.104286612560474,2,2,0
1117,5,84.14555843657408,3.2575572071558376,7,2,0
1756,1,30.984291829083038,16.300817352528988,5,3,0
497,2,47.759993768720534,8.140390571992322,3,2,0
8031,1,42.14307732568752,23.96803110596417,6,3,0
870,4,89.56207287747375,6.889043956188408,6,1,0
3357,2,109.63629185559668,21.190751478769464,4,0,0
912,8,22.44054243153995,12.74485577457608,6,2,0
721,5,124.22138019245322,11.418883813975835,6,0,0
2805,3,46.30254610802457,13.314222374015015,4,1,0
9943,6,60.77537813163935,11.389243673237742,12,1,1
886,2,40.64217260570033,12.78016193675881,6,2,0
9592,4,80.1833819331409,4.215521389521884,10,3,1
6587,6,54.795492775750134,5.254722750273885,6,4,0
8100,4,66.19048223609569,11.543216457701261,4,0,0
1520,6,40.21319926607915,12.430665171912722,4,4,0
8689,2,51.85956615161626,4.021244286601739,6,1,0
2746,3,26.41690416153672,10.996717223532121,6,2,0
6700,3,67.06160177423942,6.660702342137517,4,1,0
5775,3,89.92375108958413,6.301479421878511,3,4,0
314,4,42.79491103581727,12.188858573556589,4,4,0
1799,4,112.93215044684958,15.030090586756424,7,2,0
327,3,23.6908922694999,0.0,6,1,0
5642,1,26.049669643330184,10.014058405552927,4,0,0
4204,4,52.27580795529357,18.510453314529876,7,1,0
3129,5,46.5178495346153,4.2277305256226825,5,3,0
6860,5,65.55837365040223,21.554086901815218,2,1,0
9905,7,203.7232818518835,14.362872107132006,9,7,1
3968,6,68.00490990628305,21.782624727306082,4,2,0
5743,2,57.59325375380812,6.621986109708507,4,0,0
6226,4,45.998479151747,2.658520043996221,8,1,0
1973,1,9.76710253928839,16.570359567096833,7,0,0
336,2,58.80263273428381,14.069859376999064,4,0,0
2764,2,107.90642487091817,20.933423881055273,2,3,0
7660,2,55.93640382043634,7.624282517364351,5,1,0
275,7,122.66601073165015,18.039638236814636,2,6,0
2985,3,11.290002793747208,19.278057546022332,5,1,0
5646,3,61.44946411065919,16.517432192000832,8,0,0
5849,5,132.91256534153058,15.82522118657226,6,2,0
3477,4,15.067649562578644,20.18415564710333,1,2,0
7558,6,28.011416041965425,15.151956975476246,8,2,0
3558,2,40.568354329737716,16.914889316777405,2,1,0
2809,4,35.64459726798381,17.749184249792677,8,0,0
9113,4,32.34781549377193,10.70221596241382,6,0,0
4861,5,39.157118825632224,7.485251464442471,7,0,0
6586,2,182.49599895165088,10.867429572782443,3,1,0
3416,3,36.87569805982463,10.474713308689065,4,5,0
307,4,81.49237142986117,0.0,3,1,0
3908,3,32.81656576781545,14.670849500994901,2,0,0
348,1,19.72432757911751,19.87856787991442,4,2,0
826,4,48.03055180094749,9.126258500963461,3,2,0
9501,9,27.446450079323476,8.429169655434594,9,1,1
4482,2,35.22009162498466,25.641530336142743,9,1,0
6576,3,50.25829850370136,21.595117289661985,7,1,0
3682,2,26.666171262926813,12.803520376563235,8,2,0
5876,1,23.003165623128588,15.366314430635084,4,1,0
8387,6,16.395897917293492,9.289092153245825,3,2,0
2053,3,69.1740820215706,7.262676771036697,5,2,0
71,4,18.52306141487134,0.0,3,1,0
5507,3,97.05928737772808,14.833907597188432,6,1,0
8514,4,50.26207164027194,5.13837559805841,4,1,0
7510,1,59.89036367953965,16.157216190632138,5,4,0
8151,2,53.548465345787406,2.3852672569899944,6,2,0
1666,7,32.417604394497594,14.336827272336624,4,3,0
7861,7,87.8808631021932,9.174258401540179,4,2,0
9159,3,63.95214112211676,9.524600707032159,3,1,0
5688,6,13.839377617567054,0.0,3,1,0
1445,3,27.528915734351365,13.315736649139573,4,2,0
5227,5,55.66012919441309,16.25010690455245,5,0,0
6982,4,81.7081854252591,14.966538931957341,2,1,0
1695,3,68.58767904128683,8.867502046423347,8,0,0
2892,4,71.273743727807,0.0,2,1,0
1574,8,40.493273844862046,16.839653979227258,5,0,0
3203,3,28.681444443635698,7.719577639838074,4,0,0
4405,2,39.67792104016946,0.0,6,3,0
1630,4,16.792027399365782,12.003338390301236,5,3,0
8380,3,186.70042411095739,5.154719210784374,4,1,0
1881,6,53.42726394979726,0.9804164440384309,11,1,0
8821,1,20.50816838501209,6.938277722534029,10,3,0
6463,2,45.960927770329185,6.150112620633158,7,0,0
848,3,17.055068722687285,19.979136877883967,3,4,0
9923,5,38.14002769687001,9.34911815670969,4,5,1
6188,3,22.5341752349907,20.16653502544603,5,0,0
5869,4,42.28958261920699,5.730064505334638,4,0,0
2877,3,46.019126350876085,14.361092701174067,10,1,0
186,4,34.634358158723195,18.733234398016744,5,4,0
3779,2,37.55571537745358,18.440975890660482,8,7,0
1830,4,71.82507527121565,10.048723331483433,5,0,0
8325,5,44.44179567833956,14.374767075410361,7,1,0
9241,3,68.57341122606792,11.21751914079035,4,1,0
6378,2,21.245188847811757,13.791122213040646,4,0,0
1234,1,38.780457146883855,20.31281083500143,3,0,0
6964,6,65.00398080846573,6.616073892043576,3,0,0
3915,4,146.90171458420855,12.837892242857675,3,0,0
446,7,21.462714132417187,26.913925347600177,9,2,0
844,8,7.805598501420348,19.694052633329513,3,3,0
8062,1,12.13150769370421,27.708391279725152,5,1,0
5402,4,27.42625046421379,30.0,1,3,0
2440,3,31.97688655601812,10.60691614433945,4,1,0
3103,4,37.77867846907503,3.39138300412351,5,2,0
8585,7,42.468604201011225,16.23260812846337,2,1,0
6791,4,37.07849039801663,12.883533853286114,3,2,0
5650,4,84.14887108018682,1.6291331431577998,5,1,0
1294,3,37.308531012709686,17.861019083762333,9,2,0
5079,8,32.92916368257983,20.314779438633614,8,3,0
9016,3,25.016440343282436,9.566003415936027,7,2,0
5067,2,57.71363616605885,24.00709940132818,10,3,0
3442,3,203.56441609675113,3.4585346902450986,7,1,0
8451,6,93.48257738629553,22.789344677006838,4,1,0
7273,11,64.40765424306922,8.96289310758841,5,0,0
6105,4,18.294656542236954,7.548663310940712,3,3,0
776,4,73.12349818079004,11.45293172454294,5,0,0
9716,3,123.59569860177429,4.861440588873101,8,4,1
2153,4,67.6421537313285,26.92936116888449,5,1,0
4920,3,48.326490746261456,16.430634855099147,5,3,0
5360,5,47.1470064256997,7.457605751645029,5,4,0
9735,5,74.2083451982812,4.42766518848393,8,5,1
5957,4,63.568117322060274,13.646958920919298,8,2,0
8411,2,38.0702671207009,11.785621234039953,8,1,0
8432,5,25.875125621087356,14.472958908804042,5,3,0
3183,3,141.92126962558177,27.515529462147164,5,2,0
6792,6,16.375697725808667,18.75440944469795,4,1,0
3199,2,16.69111892821545,11.974805347067687,5,0,0
9369,6,55.99430807377295,12.070963844692878,3,1,0
1289,4,131.6246213655466,21.02302996795391,4,4,0
4581,3,135.5182146678685,6.694015170318173,5,0,0
6192,2,62.25459994762893,6.942532200527388,3,1,0
8935,2,84.19680805004216,17.2249267295347,3,1,0
7149,5,162.87102297824003,14.68043098108285,7,1,0
9846,7,59.1082017196339,5.738934345055379,7,5,1
4106,8,51.484444114767925,7.711241749358204,6,0,0
4126,4,114.92391499636527,19.63516756358834,5,0,0
8300,4,79.46936837646716,16.92066342169851,5,2,0
3966,5,77.17925046658027,18.855123000646387,1,1,0
1879,5,68.96431464100706,9.926610858244281,8,1,0
8496,3,135.26654111222248,13.1321068764969,9,0,0
9299,2,21.318379530579033,22.146380281198653,3,4,0
6348,3,54.72254765995386,19.02054632822841,5,4,0
3587,1,40.63257897965299,17.294447894531167,4,2,0
7372,2,50.698218742013246,4.9427085634458745,4,0,0
3865,3,41.0184027238388,17.310100612363684,3,0,0
8487,5,61.17912359702777,4.968991278907609,5,3,0
4131,5,67.24371605140794,14.91888805712649,4,3,0
1036,7,43.043033350550466,5.940635646282701,8,3,0
636,3,32.49059236446298,15.869264148081617,7,0,0
6153,1,25.60399773646801,17.118296537825398,6,1,0
4134,9,29.14021751264691,10.660201004444987,5,1,0
5338,7,40.07236682605624,0.0,5,1,0
1083,3,66.20469644861865,1.2015401647333945,10,3,0
861,2,88.49065923891739,12.473377170929703,5,2,0
903,7,18.227159574521494,10.716975128950159,5,3,0
191,7,56.56194181241295,26.656221189742354,4,3,0
109,2,24.167980181452904,18.38183656700309,4,2,0
4455,2,64.42187668558941,1.7875763479901234,1,1,0
1942,3,20.596742791080196,7.59937698554142,5,4,0
5856,1,58.121000224088604,3.0669208838126405,7,1,0
4331,4,44.37456232141095,0.0,4,1,0
8541,3,19.131374901258543,4.628037743019992,2,0,0
2040,1,77.7886247201511,9.250185336766277,5,1,0
7331,2,9.048015561028256,15.886273702056902,6,3,0
7317,4,42.04826434393882,19.634329051220966,2,2,0
7779,4,31.921857325119177,3.7263471414027727,5,1,0
4659,5,59.67018245120469,7.399669258545425,5,0,0
7313,3,16.4477033701416,2.151809691281281,7,1,0
2775,1,60.09286692703478,0.0,3,2,0
4145,3,58.90471415278609,12.02226735646035,8,2,0
2323,4,18.350152744946406,27.813646728830186,5,2,0
762,5,63.27819340445181,20.028037714845485,3,0,0
2617,4,267.88000211076763,8.619398642447619,7,0,0
2411,4,26.57119846206664,11.625941016848554,4,1,0
1094,5,24.541441790481695,11.383969976771601,7,0,0
6173,3,36.544855937910526,13.663591872758781,4,2,0
7048,3,59.45747246988587,14.103579319832514,1,2,0
9272,5,20.854837352322797,6.699644631320196,4,4,0
3135,5,20.41312366257529,0.32581345577195364,5,2,0
7787,3,239.01453587119488,16.07787790974203,4,1,0
5040,3,19.111425022682884,21.55614542390066,2,2,0
3805,4,25.162456577163198,5.212175198242136,2,1,0
884,5,36.44065136617457,11.277809923345052,8,3,0
2654,2,40.35499811569506,18.68593766008548,8,3,0
5921,4,23.505988789505505,15.894522905539105,6,1,0
6187,7,20.090685304947346,18.794707038643374,4,1,0
8085,1,31.87017306344412,12.68044969601453,5,3,0
6742,1,66.28863732692032,6.485008008728482,2,3,0
7626,8,16.641403616313475,7.008097479245089,7,2,0
5680,5,69.25933332169834,9.43104149325923,3,2,0
7007,3,41.146409577006864,7.596418928788081,7,2,0
9686,3,32.22318900703941,0.0,10,3,1
2202,6,254.394732569758,3.6729464206977145,3,2,0
6107,6,37.57419560798766,11.738949266742473,6,2,0
6417,1,39.839388292713544,7.44874499981875,3,0,0
1262,2,41.81108537262457,9.303866497231581,2,3,0
8379,1,87.90070761943535,7.305848602210129,4,0,0
975,7,41.39064179489311,13.308214682902014,5,1,0
5831,3,96.03120903418485,5.699408737290397,5,0,0
4925,5,66.83479730956282,6.548220487529996,6,2,0
941,6,29.740845909795848,7.20648028285178,4,1,0
4723,4,67.7092546085916,20.48442027959888,4,0,0
2387,5,79.39469474787938,15.846846949474184,4,0,0
9728,8,121.98407931853707,9.229799803422251,14,4,1
5021,4,61.53051864081895,1.6704212122178017,5,1,0
4391,3,64.38730805310738,16.606565296621994,6,2,0
5148,7,35.12773790614524,2.1067157256477476,4,1,0
3221,2,85.65500688800498,30.0,7,5,0
3882,4,35.496660830604526,0.0,7,0,0
9438,4,10.02570892520915,17.212275344116318,5,2,0
6624,3,16.22216895701006,5.483108732885772,9,0,0
5918,3,30.100796976923142,17.594938482397957,6,3,0
2789,9,24.14703243306118,10.069466376639715,2,5,0
944,3,49.10476714743052,10.142471302260748,4,5,0
8908,5,143.2997864343371,0.0,6,4,0
1857,3,35.73090689734675,18.40068110527477,5,2,0
9080,3,51.373364674347336,11.0716302511813,3,1,0
4108,4,147.40478745328616,2.4009341163337634,3,5,0
8513,3,29.945164292003472,7.374970490892527,3,0,0
3255,7,56.90215157705699,19.109734247494398,5,0,0
2690,4,36.59155135580108,18.88551285295836,11,0,0
9512,6,333.1212138022138,2.519058218816309,7,2,1
6961,3,49.65388933569975,0.0,4,1,0
1319,1,25.24059420896646,19.047569368279532,4,2,0
8882,5,68.57081103460591,3.415271178408677,6,1,0
9880,6,305.2081085564539,0.0,5,1,1
5162,4,30.566497240292218,1.9024672540069165,6,2,0
5829,4,259.5421707301072,7.603762656957733,6,3,0
7953,1,35.30053369943368,14.908916901074267,7,2,0
5958,4,37.45418861825363,22.954646871782117,6,2,0
9271,3,118.04265040574128,8.266705929748582,3,1,0
3475,2,85.8667666871625,15.171146483401875,9,2,0
3505,3,14.975426123371834,8.734218402571187,7,1,0
4749,4,27.84086966828809,18.002835302404918,3,1,0
2477,3,20.64633796317552,14.255531224484042,6,0,0
9490,4,17.756477276959398,8.070728882800209,7,0,0
6615,6,35.19487160570129,12.425043020765289,2,2,0
7413,2,37.51591075350126,7.250692269046673,4,3,0
7586,6,65.37221791758377,5.44828306367165,5,2,0
5344,4,29.94989761715345,7.35264638261842,5,1,0
9863,7,19.47361753288843,6.162981206397235,7,1,1
7111,4,53.44495398096842,12.7841194043515,2,2,0
1874,5,20.620053064016894,26.942977093314873,3,0,0
8516,4,39.94022786513302,9.93093082416031,2,0,0
5270,5,17.205236276429943,8.80467583436436,8,1,0
5096,3,36.63676142236763,8.995477545091342,8,1,0
2904,6,103.51425470550781,5.5854570918832,7,0,0
570,3,40.587261266611556,6.807003721400315,4,1,0
1448,3,17.836086412896833,18.236464741263042,4,1,0
5964,2,37.262552015501825,7.8980717278065615,3,2,0
6242,5,174.899790143744,0.0,4,1,0
6347,3,24.15768358780964,18.202762555222108,7,3,0
7874,4,107.02187497341825,19.39463839772326,5,2,0
9816,2,213.83560058066806,0.0,10,3,1
3226,3,20.835464144847347,15.288282699180405,7,2,0
9744,7,258.8959482397391,5.3633848959185695,5,7,1
3978,4,23.270801704749594,19.46529041745307,4,1,0
4383,4,32.54402563411241,4.238749768536338,2,3,0
7856,2,86.33806572001562,0.0,6,0,0
3539,2,122.50385501573757,7.049327268660844,4,2,0
5682,6,88.83922764521114,23.727914443268684,8,2,0
2827,1,99.09938249030155,15.714556107309718,4,2,0
7658,2,51.26417181786923,5.8417069043749015,4,1,0
4996,4,30.252393189480994,13.985894496568948,2,3,0
1338,2,33.83327488006951,16.551382778959276,4,0,0
3262,4,33.18858581187318,12.998059232870894,5,0,0
6386,5,168.57378385797634,3.991121649074877,7,3,0
7951,7,46.674881343541955,21.819032702833148,4,1,0
650,5,76.49933969459401,6.405483234390042,5,1,0
2902,7,21.193623741166647,7.920325632827815,7,3,0
2258,3,91.04513505086065,6.773559031497084,3,1,0
7402,2,23.424859337066344,16.45877520718634,5,1,0
3521,4,94.4039602674561,7.382708235757434,3,2,0
2730,3,18.940423486637307,14.698686061987067,9,3,0
5496,4,41.02552266601635,6.246743563637562,3,3,0
4478,4,52.01511120729627,21.942819076162102,3,0,0
1596,4,60.58001590518467,18.436554052350964,7,6,0
7066,3,72.60990621621868,14.465341105863736,5,2,0
2584,5,32.66703967124573,0.0,4,0,0
5441,5,131.81632836289452,0.0,3,1,0
3196,5,54.50423621283308,12.556096719058305,3,1,0
8523,6,92.5269563103738,4.793496671516105,3,0,0
7682,4,91.38333144852537,7.099841038726131,4,0,0
5376,3,20.57327787142098,6.628666057516206,3,2,0
1258,3,30.59826947904,20.36030946237308,4,1,0
5277,4,53.55422139526367,25.76790930936368,12,2,0
991,5,10.749100193926724,0.0,8,2,0
3504,5,47.079053557857634,15.35763772942233,5,1,0
113,3,46.57836785074921,16.00628264538156,7,2,0
919,4,49.656914084524395,15.86571642753767,7,0,0
2509,4,123.31493817188849,11.954247803918113,8,1,0
9404,5,83.97114615892488,17.814877394368132,5,1,0
165,7,46.07056197043399,8.633748452322568,1,1,0
5263,3,60.25216241321878,13.668531940483163,4,0,0
4603,7,47.54785001542175,11.14826148027893,2,3,0
949,2,108.17406860969987,11.440027660804716,9,3,0
4594,3,55.63693451339806,12.908267942510472,2,2,0
5727,3,41.87788275520116,17.094591919791814,2,0,0
3770,4,40.54326064510721,9.443867644408785,8,1,0
2506,6,31.851654675739173,10.304394816744558,3,3,0
5107,3,87.77232727663586,9.813691998283268,3,1,0
2850,2,27.247017924154473,16.37134178422412,4,4,0
6485,1,46.17099364583502,6.5900036321486315,5,2,0
5362,3,16.54084330048837,19.78887167695769,7,0,0
7442,4,50.4731498384327,10.910416084928332,4,2,0
4446,3,34.27755324367586,11.772760216217113,5,2,0
4460,2,15.64485975276845,11.265864865368679,1,0,0
9513,5,81.43190335789468,0.10217815667295582,13,2,1
2505,3,35.99750321261134,14.154602963395472,5,2,0
1114,6,20.016979277940646,0.0,6,4,0
8397,6,42.865322211193664,5.887576072293894,4,1,0
298,3,42.056413022255605,7.717320360265412,7,1,0
1675,3,119.14798043878166,10.315852639554915,6,1,0
3347,4,109.73213681013571,0.30299833611233495,5,3,0
2735,7,50.519373574476504,11.853832588523817,4,1,0
7819,4,31.951061577547545,7.700916793248233,3,0,0
4988,3,40.92257704194205,19.551097225100353,5,1,0
9894,5,95.539357311222,0.0,7,6,1
5817,4,14.56545485071089,13.545649797911036,9,0,0
4325,5,35.23554804266379,9.892402643012407,2,2,0
6719,6,10.201289581460586,13.554097590410635,9,0,0
8786,4,48.773993416791086,12.367149572935062,6,1,0
4550,2,50.12376609537701,11.19455399258136,5,1,0
8572,2,78.57606545353549,18.877490037272,4,1,0
7847,4,39.998092433207475,20.688988773457382,7,0,0
2103,3,78.96370423717866,20.02650194466389,8,3,0
5813,5,28.35992601698253,8.504130508861255,7,4,0
9104,2,91.9522013428935,0.0,5,3,0
7453,3,77.31379711216047,9.19858750457878,5,1,0
1837,3,46.85740804894754,0.0,8,2,0
7902,6,21.42133827794537,5.936508806571619,8,2,0
8318,1,64.67981739519108,20.09665991280426,8,1,0
8723,6,32.498321833059705,15.840810882073933,4,1,0
607,3,103.70553618826153,8.472778306477263,2,3,0
8374,5,66.67205110711826,28.082058375417905,3,1,0
1093,3,49.22000432687296,1.7087970104398327,6,0,0
6387,5,37.29793872249803,0.0,7,1,0
6505,3,52.50083103346257,22.08613087963525,2,1,0
8964,3,54.815059683758726,5.638913161052939,5,0,0
4487,5,46.657967780267334,8.440313561515385,6,1,0
160,2,40.01785190683285,10.595479565392203,6,2,0
203,5,62.255425468670865,14.901027416820941,4,3,0
7040,3,39.84112208402039,18.038891253266396,5,0,0
5893,5,33.277933883075825,7.04633075494791,3,1,0
4933,7,32.27278194109821,10.255648636377451,4,0,0
2934,3,47.19112056566766,9.605330258308538,11,1,0
7322,3,39.11586406843611,5.660282562122033,5,3,0
2435,1,13.844435107697786,21.8356747547279,7,2,0
1230,1,60.178508110499635,17.42751164495508,7,1,0
8675,5,45.86070500341469,16.170977385656915,4,3,0
3046,3,45.700243780597546,15.965872080195071,1,0,0
9654,6,80.36491801963103,0.38930414556709536,10,4,1
8419,3,10.924549146898775,1.1072703977370288,3,2,0
7666,1,20.719093143371293,9.960535439131142,5,2,0
6407,4,17.985582746621184,13.510323865225228,3,2,0
4251,4,19.810449250814205,20.279973985886972,3,2,0
5577,4,51.95705155208806,21.525255673279133,1,1,0
3293,4,11.768521358463627,14.396148563098041,8,0,0
4034,3,12.864604639446029,13.141032473754313,4,2,0
8112,4,43.99901107474874,15.466099205204753,5,3,0
4290,2,42.617889801332254,22.361434758055463,6,1,0
4334,4,14.188417187597757,6.031441422569269,4,1,0
5931,2,22.181608408547476,12.030984602871191,3,2,0
3877,4,37.97513066086595,16.309130725822936,6,1,0
5428,5,173.4163827954009,1.130804873597615,6,2,0
4753,2,147.55153971611156,17.649214182076776,4,2,0
4886,1,66.24981268293818,10.315603113715499,3,2,0
857,2,39.96660630001599,9.526566532190344,5,3,0
8233,2,30.16964694038866,17.750249737614457,2,2,0
8375,2,157.98207769381614,14.512676309631182,4,4,0
2561,2,13.809009572197414,2.1473059549417,6,2,0
3801,4,80.62428383074746,0.0,4,2,0
2640,4,53.14133848677874,14.595371868833851,4,0,0
9663,3,26.75020811937786,3.8013298574542587,4,1,1
4490,2,46.925287243963545,11.680897371079892,6,2,0
2347,4,33.531070193607064,9.13755907720974,9,1,0
649,2,55.72294904664146,17.294300170465252,4,1,0
2781,3,86.20351654917025,0.73281093662583,3,1,0
5652,4,68.7848829004163,0.0,5,3,0
8543,3,39.54816968100386,15.411678597442846,3,1,0
8677,4,48.451590569161624,14.582974405405619,1,4,0
6433,3,118.6301980433331,4.749100142297472,2,0,0
615,3,92.03238544975373,19.83435313033741,6,3,0
8448,4,67.83600124736392,17.724394097966268,3,1,0
2575,4,49.58857609247223,20.683109743128952,2,2,0
53,4,37.40496594635232,10.797228023263443,7,1,0
3340,2,64.29094122361148,20.808585294873406,5,1,0
7037,7,70.9780699575519,9.374958770136857,4,2,0
1705,5,41.00365551338296,12.493602849049303,4,1,0
9060,4,46.78407586912607,1.0367650657605392,6,0,0
9352,6,80.84701364826178,8.325286366106738,6,0,0
1493,1,5.452761910886081,9.820936872472133,3,2,0
9963,7,60.3514189888543,5.059921043459503,6,2,1
5632,4,57.57976837378963,19.096619351499562,6,1,0
803,2,13.293933491877414,12.447233122024645,11,3,0
4953,3,25.06603167159927,14.678845287162389,6,0,0
6933,6,11.795741708063263,14.192600194665943,1,1,0
7104,2,258.18286105340826,12.22580836110659,3,2,0
990,4,47.50059495598427,12.339332006071432,7,0,0
2774,6,121.70765217559854,0.6567433507734428,6,0,0
7470,7,23.506372659172804,11.171324691519837,5,1,0
6419,3,20.768561928455245,15.934708639236952,4,2,0
3513,5,51.22309828722839,14.761306248094861,7,0,0
5478,2,31.857090180162043,3.8383938083740663,7,1,0
8400,5,17.025615363004125,13.58888387564652,3,1,0
219,1,27.424091296223576,0.0,8,4,0
6969,4,39.421466004751785,20.181923032014232,6,2,0
1288,3,134.06924249256454,5.295861276507889,5,3,0
3163,6,43.01257404085357,2.9136556953712542,3,1,0
4678,6,68.33386314620503,14.955203645747453,4,0,0
2618,2,38.35186065372397,16.470270261968878,5,0,0
3612,3,108.03504804209705,13.669841161032002,4,1,0
43,3,16.049359676372635,17.686883257491015,4,0,0
8094,7,37.49410970502936,0.0,3,0,0
8372,2,40.97176741980436,8.977752369443937,7,1,0
3792,6,69.19894942117517,6.028682697111881,1,0,0
3571,5,174.25870194679584,3.8505902561174903,5,0,0
9980,8,222.191059625626,3.6718991975341924,12,6,1
1503,2,29.34855469968026,19.90878673847015,7,5,0
5556,4,28.046716663024245,17.04878684174309,5,1,0
9830,8,15.734966215916382,0.0,12,5,1
3439,4,51.1619303682112,21.957190309142554,8,1,0
1892,2,72.98609293700477,18.66404945840526,4,2,0
9323,2,40.405882157509346,21.038562969167472,2,3,0
5255,4,86.36259877373065,26.966450357928593,2,2,0
1955,2,26.818372167029636,5.486043312693856,5,1,0
5167,4,28.976499399789677,10.720799031056723,7,1,0
4814,5,31.492368668782973,6.738379005074904,3,3,0
6264,3,74.27529844193408,26.23240510988441,5,6,0
1505,6,179.51607801995613,3.5739082512681364,4,1,0
670,1,42.47975375028116,12.319924527798275,5,1,0
8907,7,22.454134287384978,14.553513863219791,5,0,0
7055,2,43.805217105578166,17.758622476614356,2,0,0
897,2,23.140177667843552,18.08447714144568,9,5,0
6178,3,73.51423759888081,17.01137072534467,4,1,0
2666,6,9.845072691517235,5.6322878056690096,3,1,0
3193,4,58.32578609778667,12.939530715297465,4,1,0
2890,3,72.42633746844787,8.101475154420193,9,2,0
7773,5,30.532163221552825,16.34083393087733,3,2,0
2621,5,21.4105247956717,6.860768579927464,4,1,0
6008,3,53.26382976384492,10.314729715618212,4,1,0
5956,3,44.93807926235515,18.770424577533774,4,0,0
2,5,36.37292221093578,10.081125375543843,7,1,0
2370,5,60.433524346863706,24.5755701038528,7,0,0
7914,6,71.56670319589729,10.28129693577212,4,2,0
1769,2,42.2036241913804,10.187444271499267,6,2,0
8506,3,25.411298526260875,8.913076589870464,4,3,0
6025,8,52.29756928354742,10.950274039274333,7,4,0
531,2,21.24020511843353,11.665243515669104,5,1,0
8724,5,21.58616798449425,7.06715850069593,2,4,0
8649,5,16.391068074749647,7.205970452797372,3,2,0
7873,2,94.74326378775375,11.621248723113924,7,2,0
8890,1,8.052521351723449,24.12539779623146,3,1,0
3120,3,54.877190984873366,7.744225054826209,2,2,0
9022,3,24.834453302185533,11.13121882736064,5,2,0
731,2,16.3298516008769,8.93750792906453,8,1,0
3406,6,14.69559185154077,3.5973170903473957,7,3,0
2339,2,65.10486224629848,19.967274670816273,3,3,0
5967,3,54.886722008113864,10.988791684103239,8,0,0
6580,3,48.839551915221655,11.861302751738812,4,1,0
2565,2,53.34056496826009,9.85641061572481,7,0,0
7726,4,135.8612740626108,3.7720200838406193,2,3,0
7820,6,33.87542975487901,14.021324687521737,2,0,0
6713,3,27.71923946804231,7.5716291922454335,10,1,0
6995,3,26.053231052184692,12.74749250436099,1,4,0
6942,4,63.609087894872495,19.446151015906818,9,3,0
7794,3,18.714319172164,12.864815602765967,9,2,0
8975,4,13.754572958462811,19.124269953095972,6,1,0
1255,6,46.16456814124049,4.513662153628941,3,1,0
2104,2,100.09512296457858,21.408878556609082,5,1,0
6734,2,158.45435852711432,20.802020966072263,4,2,0
9778,2,100.81865835038722,16.549691746803518,10,2,1
6224,1,36.595017081939865,11.544146725324623,4,1,0
9150,3,61.89613393995999,18.714193329323482,4,0,0
4994,4,38.54429622543903,21.17396890546,4,3,0
8969,2,59.06208118104656,22.204797510871604,2,2,0
6839,2,42.48215435554141,14.005558844856914,3,2,0
5057,7,58.21125004135959,7.306030434674075,6,0,0
5846,5,13.481418052805402,14.419668345584284,3,1,0
4434,3,37.577677110679154,2.237520090585999,4,0,0
3484,4,84.33293069379337,8.801974183965523,6,1,0
9493,3,20.25046714167241,23.886444523683025,7,2,0
5318,5,32.85385519057812,20.942071795087983,5,3,0
3816,5,38.27384478748421,7.99723661842896,2,3,0
5729,4,15.075876234740083,3.8755536888707116,7,0,0
8903,3,201.47194468737015,11.807322436774376,3,2,0
7840,3,39.97333208435614,14.762374074207852,4,1,0
9889,4,108.90818781747251,11.15503667247311,7,5,1
1621,7,33.818223911606815,1.7274931932017008,6,1,0
9423,4,48.83501615002529,3.474952032577562,5,1,0
6307,2,44.260466911901915,20.456866538874554,2,2,0
9304,4,34.012060778900356,5.1909056399381495,4,1,0
8902,1,26.939008257258536,17.381627840696826,3,2,0
1096,4,98.79650584632391,11.171073681801294,4,1,0
8057,4,62.64651401961245,0.0,3,0,0
9481,4,76.96569409156821,7.977761714520472,5,1,0
2463,6,23.291260646927448,8.143665916247942,1,2,0
8289,3,48.422705364025305,9.889662663478461,4,0,0
1788,2,24.95533104566121,14.90485395651894,5,3,0
250,4,39.90403074495674,20.61285490167016,5,1,0
9926,6,63.14173826072639,9.54923905291303,12,5,1
6191,4,83.69942675521473,22.254313675228097,6,1,0
9650,7,75.86115583010867,5.57542689065437,7,5,1
192,2,14.237603089816654,19.806618265414375,9,0,0
820,3,20.33748405352269,8.28373641593858,7,3,0
9627,5,271.7845833526567,6.897552441420731,3,2,1
5714,4,33.63750745045884,7.774109944280535,7,2,0
7195,2,64.71884810963064,10.247245431892985,4,2,0
5715,2,16.68248411436538,4.842491137106319,4,1,0
4400,4,10.73642742505653,4.574642252164576,7,2,0
9290,2,43.334179221132125,13.515673606432134,3,3,0
5388,6,42.44325749764205,17.887259825095867,7,0,0
4166,5,70.62227478409314,0.3363584009381615,4,1,0
4951,1,28.034349641156513,13.558247274761102,5,1,0
2687,1,22.286442184421045,6.781014773723507,8,0,0
4390,1,34.63359883161652,0.0,5,0,0
5860,2,60.87835750850407,5.537745240013936,6,1,0
5981,2,38.62984676143007,7.458104606325827,7,2,0
4927,2,29.52039071385174,23.280153551521405,4,1,0
6735,1,33.75267527126605,3.303199540259799,1,0,0
2607,4,32.80977317985749,14.880264492387033,6,0,0
7466,3,75.88590827497575,16.498301170800715,5,1,0
238,5,87.01839976143644,23.080488469096007,2,3,0
4015,3,9.03972836811213,0.0,4,1,0
9262,1,61.60922647139772,10.171009164522228,4,2,0
2977,2,27.596272544999998,9.527763897613713,4,2,0
5712,3,31.7675511207547,10.34548071983749,5,3,0
9856,4,24.207261764284237,6.217320346659243,8,2,1
5473,2,87.02875339943006,0.0,2,2,0
945,1,49.054103453644274,23.183300930359973,7,0,0
8251,2,24.22285631853191,5.6439222687471515,8,2,0
7681,3,63.49126771198332,21.89721664296639,5,3,0
5097,2,28.91485655442392,0.0,2,0,0
6805,2,8.46237467890715,9.024880696963631,5,1,0
5803,4,58.6780561144479,13.265215391568743,8,0,0
3552,5,29.407642684756475,0.0,5,0,0
9969,6,82.10443846639008,9.161350963694643,11,4,1
3360,5,383.8448987051565,14.39886907320423,9,2,0
8249,4,94.91486514733866,12.8169630248148,5,2,0
2410,2,29.044615583883694,13.52050500789041,8,2,0
4507,6,43.7460047918879,8.034956147001974,4,2,0
8462,4,91.00019360131793,30.0,7,3,0
3982,2,27.632214309062196,17.0935180709537,5,0,0
146,1,57.365268967941546,5.209114302739733,2,1,0
6648,5,52.85189296692891,14.125243116203173,4,2,0
2294,5,16.28468491355881,5.422214696521113,4,2,0
2253,2,72.63558174460181,8.975807361701358,5,2,0
3611,4,12.202916549811615,14.58128890937025,6,0,0
5353,4,16.090927109432005,9.66924378264825,9,1,0
1736,5,91.36850588869683,12.561591194977115,1,0,0
7915,4,31.65037814333949,15.057761723041299,4,1,0
7659,4,52.982890170261705,5.979075899613829,7,3,0
114,3,29.73505282421032,13.547921143954548,5,0,0
8860,2,43.148826745047096,8.24705345463516,12,0,0
5649,4,103.01596351037108,17.297138248429945,3,1,0
9844,3,151.6822628119831,13.239890839954356,6,6,1
498,2,52.27844609139555,9.433640321479373,4,3,0
7822,9,47.64593685416715,1.9620484623798564,8,0,0
720,7,48.22680329963636,15.936982748458794,4,2,0
7258,5,23.268799082758512,0.0,5,3,0
8843,2,35.23375101765648,4.822930771909879,4,3,0
5730,1,55.669415791685616,18.862271288074314,2,0,0
3089,4,23.224666926495416,6.78441785574517,5,4,0
7226,5,31.210634845258184,13.749913507060842,4,2,0
7306,4,96.68840933633224,0.0,5,0,0
6508,3,21.893134721321882,12.057572618316174,8,1,0
596,3,17.820579986382036,14.88720194465266,6,0,0
9092,1,14.686070684742823,21.707967317750104,5,3,0
6095,5,68.0779297004381,1.6574472070957622,6,1,0
6053,5,114.25709384287211,6.830147003664218,4,2,0
5164,5,44.11035520752452,0.0,4,0,0
1647,3,48.60630907604843,20.015469511283676,8,4,0
8167,7,40.48180172721695,14.05235192570629,5,1,0
6920,5,38.02821472386722,10.355192823881133,7,1,0
2700,4,47.32375975803282,12.44013907995288,4,2,0
8203,4,91.7590510999021,5.301100482126578,6,2,0
1700,2,21.81387160320973,5.231434250989205,8,2,0
8943,5,64.14782248913549,9.235882211400842,2,2,0
5404,2,96.42974504725565,17.254517074955437,9,4,0
7219,5,126.86350630913279,6.5176399449961,3,1,0
7502,6,62.59742535294577,9.119289977804451,3,1,0
2942,3,17.424755479054266,12.960265645101975,6,3,0
6301,2,94.14648238352933,3.027276092070437,4,2,0
86,1,75.67701635603967,9.304634579005617,6,2,0
2308,3,32.83137382745827,24.899755207350115,2,3,0
2677,5,31.48943251122847,15.580127526583347,8,4,0
8216,4,5.0,9.148846112677164,1,2,0
7729,11,84.0915749939355,17.376076759220183,9,3,0
2594,4,86.45132203070963,13.99948472448325,3,1,0
5884,5,45.75972641648717,15.432581396255657,3,4,0
1029,7,45.22134936008092,15.427423589461386,9,3,0
136,3,29.18438193187921,13.519150328819643,1,0,0
6831,4,87.75254576562148,20.371073741114984,10,1,0
7814,4,49.21059674286142,8.970194710075834,4,2,0
2854,4,38.47675863697109,24.606320746018348,2,7,0
4409,8,32.53051375063227,14.47549295704696,9,1,0
1200,5,16.690733390586377,11.659757511110705,6,1,0
4717,4,20.188734166663103,4.069746658834882,7,2,0
9517,4,202.7545280329887,8.729364336873116,10,2,1
6594,1,40.38254447477687,17.602286868313058,3,1,0
566,4,74.76177259744132,4.9150542107156525,8,1,0
7328,5,26.804319137320437,10.15148868295534,6,1,0
5430,3,35.15119622756903,15.807121608560237,5,2,0
3927,3,101.75603168722968,0.0,4,0,0
6055,3,33.920194076444446,20.753379091191604,6,2,0
7589,7,62.03369477632787,14.003954140830334,5,0,0
7122,4,11.148087386555519,6.09476149607817,6,0,0
6572,3,19.03948047409056,11.19129060302127,3,1,0
6535,3,41.35826586007815,11.126081040789884,2,4,0
8913,2,87.40420559556304,16.080293844524963,5,5,0
8275,2,135.0052385576168,15.044700390189181,3,2,0
2330,4,46.76161615997186,9.090514210412115,4,1,0
3515,2,150.70497023752665,11.042519732238718,5,2,0
2187,1,9.750463351619246,0.0,5,2,0
195,4,17.78889487806755,8.976621853052297,3,2,0
7257,3,71.77335048690146,14.200596697422665,8,0,0
5666,2,59.190624491042946,6.120159450364175,6,2,0
5059,7,88.63309461544189,5.794143786094228,1,0,0
802,6,86.386610920458,17.58378974444213,7,3,0
8848,3,48.5162685471728,15.712557941442778,6,1,0
9928,5,100.7160548194544,8.238610161563004,5,1,1
2068,2,58.54496739957082,11.640902752635213,7,2,0
9082,2,47.92331074602892,7.869266178304107,3,3,0
8744,3,22.621821018373357,14.24490232924673,5,1,0
644,3,28.24679980283429,15.088627146782805,2,1,0
9374,4,32.489289830057636,14.680877419938717,5,1,0
5103,6,202.1238031564923,16.391527363159685,2,2,0
5460,4,43.75400341229876,5.53213586921572,3,1,0
1637,3,84.94850028579802,13.13273431172813,6,3,0
120,2,24.178314247265657,12.357372380567485,6,2,0
2981,3,59.28624582754,15.38865598915703,2,0,0
5069,3,174.09078094701997,15.313563298756975,7,0,0
3074,4,21.662613092698034,4.556072229944586,4,2,0
8927,3,41.10046994785977,15.32085558284346,6,1,0
3278,3,31.019742645657157,12.31817652402388,3,1,0
2135,3,44.710172787242264,12.732019687903932,3,2,0
8941,3,44.650351180720435,6.6984138173722405,4,0,0
4970,5,41.106616592677724,0.0,8,5,0
6195,6,119.7237108999767,9.582643599126826,6,0,0
134,5,149.80407005077342,15.792121874597097,3,1,0
7731,6,18.557222196574255,7.997707017895004,1,2,0
5324,3,22.551272851129113,21.54954772320258,6,3,0
9640,5,234.13437139399383,1.271854038705003,7,2,1
6160,7,46.131135051235084,3.8874720471697266,3,0,0
2559,2,28.801895157256503,12.4295692719853,5,2,0
62,4,184.62931714937883,24.599287489141133,3,2,0
1358,5,67.12675755217752,13.673426924764104,5,2,0
6725,4,81.15256934960622,2.265841343436234,6,1,0
2467,2,65.2175601114535,11.739861777849486,5,1,0
679,3,72.6807400259304,16.009423890133945,6,1,0
6797,2,17.484098668210397,22.452360134424183,3,1,0
741,2,27.08995381518419,8.425445899126414,7,2,0
5307,3,76.8315875755457,21.051159745905316,6,0,0
7627,3,82.09537890096031,0.0,5,1,0
3641,2,45.8264355910313,21.148109437407463,7,3,0
444,4,16.824453439415723,10.191095652048741,5,3,0
8140,2,19.399799952669976,8.324519770166589,5,1,0
3258,3,66.27109287891903,18.765940557503143,6,1,0
4663,3,171.9006460119947,14.552461191047314,3,0,0
1873,3,19.815001938477376,12.485387637589492,10,2,0
6366,4,38.108349121477445,17.35415480455388,6,3,0
2596,2,14.878879385287195,9.704913196081051,8,1,0
1717,1,46.70262053885135,6.026323632116426,5,4,0
2912,3,71.60316989056267,3.5967925593125756,5,2,0
2843,3,68.5619524933554,21.392890398851094,4,5,0
4027,4,52.11042681483486,8.182642239840053,7,4,0
5488,4,60.87407460503767,8.75673120127136,2,2,0
8634,5,73.30345847941682,20.877862953999042,5,1,0
8037,5,31.415163615185204,18.14410693138335,11,1,0
9232,3,53.120367097861354,13.207482427533876,3,6,0
489,6,69.56129724946857,9.350043270401647,3,1,0
493,3,8.926161164098335,24.40719704029307,7,2,0
690,6,82.15954428196638,1.0407625598053496,3,0,0
3821,5,77.04042896825666,14.915730138400114,4,3,0
602,2,20.269738756927453,0.0,5,1,0
1911,6,83.2837133617127,12.500804675816706,3,1,0
1014,4,28.524336526240816,9.001353760296348,9,2,0
6156,4,60.013093454872156,30.0,6,2,0
1993,2,20.482243228634538,7.328098552308649,4,3,0
5769,1,21.075751262289693,3.033731034432469,6,0,0
3757,2,53.13835959413199,22.44471936301664,5,3,0
2366,6,28.64065422190043,0.3680393277177103,4,0,0
5283,3,202.67484039906776,10.026321631316765,7,4,0
4370,5,42.38763900219087,4.506602833936838,5,1,0
6883,3,33.86888695169313,11.794281696561786,4,1,0
7011,2,16.273007292281324,20.411047506258257,8,2,0
1361,2,15.055242650289271,9.712907078741653,7,0,0
8461,2,17.38172819404725,14.239897993644503,4,3,0
1526,1,93.61672307293797,12.7311862143955,7,1,0
1327,3,117.81214289606457,24.505639129045424,9,1,0
8507,4,51.832678824892746,15.092812744510098,3,5,0
9031,3,33.34296494486091,4.6707436548669,8,0,0
1551,4,50.06694858416422,19.102436868709447,4,2,0
7769,2,43.57560768307351,15.27606026793011,8,2,0
9908,4,251.71355312888255,6.520741247114069,8,3,1
1337,3,53.56455906985427,23.987508190735728,8,6,0
3901,4,79.89787545918473,18.82773535716335,8,2,0
3010,2,87.60560688820811,11.24386210473117,3,1,0
5041,6,10.196953350006307,0.0,8,1,0
8825,2,65.46841123459946,16.415440231631578,5,1,0
2250,3,16.4796580875523,26.19255308430368,5,2,0
6533,5,29.040431275138424,7.2946902031179315,6,3,0
5039,2,76.22580748486378,17.47033311575726,8,2,0
2346,4,142.55738727450114,21.682516070541737,7,3,0
9282,4,33.11309738414783,8.063883540930377,3,0,0
5485,5,40.24361220599843,17.89581814885177,3,3,0
2784,5,63.77414364293474,4.509590375326113,5,1,0
5119,3,58.28037062178497,17.949299928373303,4,0,0
7550,4,153.63709270709995,19.439864655015135,4,2,0
5555,7,182.95882439665655,9.128955116672254,5,4,0
5599,1,47.346975298732076,5.17212537986758,6,2,0
7630,6,194.51621820239782,7.06902725950142,3,2,0
150,4,28.312164658897,0.0,2,4,0
2804,1,50.21174182404583,2.4341037094973785,7,2,0
5874,3,82.69656518239475,10.869318016611697,3,2,0
2086,4,63.06495507462472,10.022489516896957,9,3,0
3751,2,42.5619866490727,27.217883212217856,3,0,0
5612,4,62.18242639260253,9.686794745450747,3,2,0
2259,5,36.47738535158868,0.0,3,1,0
4017,1,19.665394598979496,11.374274861090907,5,3,0
6113,2,96.3320851766821,9.751766391005578,6,2,0
6058,5,45.10307564186309,18.79156665840235,3,2,0
2424,4,40.820049845125126,0.7774683682333219,3,4,0
8034,1,120.90528511067191,3.726726739993838,1,2,0
3856,2,109.99575737561273,3.487931045850461,4,0,0
859,2,16.216078668053047,17.566573714936244,1,0,0
8170,3,99.62814497785274,0.0,5,2,0
7591,5,118.20118854628846,17.98175154219306,7,2,0
8097,6,49.36837567135442,13.41704191434829,4,3,0
7320,5,9.022848498591122,4.6543374247035345,5,3,0
8563,2,76.7112216311861,10.900540377284248,5,3,0
4739,3,55.799016822641654,3.97713053173832,6,1,0
8594,4,33.666253249232284,3.4458802433823266,6,0,0
4462,4,61.550970391441474,17.659544515661377,6,1,0
5528,2,19.539089681445112,24.73329456106295,5,1,0
1364,4,112.4557926287247,17.24504573420462,5,2,0
1779,1,8.349600813100285,10.671836111676468,7,1,0
9221,8,64.06966758399962,8.892536164877562,5,0,0
4785,5,46.05814056236595,20.95158771538204,3,2,0
6334,5,93.38300013384145,14.168952712584785,5,1,0
1818,1,41.43352535373984,5.542497144077878,6,2,0
7799,3,21.140995402799334,6.294421030880698,7,1,0
4937,5,23.885986454396928,3.1703649898303556,4,2,0
2704,4,63.74799940452159,10.93803369618149,7,1,0
5285,2,72.54556496706316,6.6280089404776446,4,2,0
175,4,33.55131099193651,18.47294260966057,6,0,0
7481,2,141.81684302998823,11.438939192112395,5,0,0
2093,4,20.63252406452467,21.308716942856307,4,3,0
8750,3,43.00520809264334,18.845170274963102,5,2,0
3491,3,65.46424244844597,13.741941744128185,3,0,0
1920,3,161.53562207252435,0.0,7,1,0
82,4,7.426136944911047,11.6198811057667,5,1,0
816,3,22.0233649297022,24.632052907426342,6,2,0
8601,6,58.47793554187446,20.109017801538627,2,2,0
7354,3,48.96465236421801,5.083619499299322,1,3,0
4396,2,82.22342641633925,12.234246854612138,2,1,0
9181,1,45.980297311298365,11.947938815535858,5,1,0
5568,4,102.0733636923178,11.309888557137922,5,1,0
283,3,34.65006287983207,10.455381043215402,6,2,0
4120,5,53.02681352808696,5.073418919217045,3,2,0
7480,2,41.81317042653494,2.742125858806835,7,1,0
609,1,14.695535954627756,15.24509306615167,6,2,0
2915,4,66.8309950696003,5.3178661603421435,9,3,0
1813,2,170.4750466237483,28.502760632248098,4,2,0
1271,2,141.9640387408494,16.872461699053893,3,0,0
5924,4,98.14031710422535,10.881506130997405,5,0,0
9595,3,12.57421822392285,1.724004772789355,6,2,1
2994,5,21.096676962170076,16.71695554445515,4,0,0
7109,3,66.00011309094116,23.956053841218104,7,3,0
8613,3,5.715183126980819,16.1553843841091,3,0,0
7356,4,31.648745006025894,9.042924587112978,7,2,0
2642,4,39.81599456561138,8.31826895852484,4,3,0
6553,1,33.848146032013446,5.0332750411445675,4,1,0
4508,4,23.047680560806622,12.021841835298114,5,1,0
2305,4,33.456474708390765,2.9365046188731387,3,2,0
6502,2,9.935140885150155,18.993656960846923,4,2,0
6260,2,21.94598212332748,17.17698033483576,5,1,0
4195,4,48.33158837067964,0.34796160161645595,5,1,0
5562,3,97.86485395344046,8.754602556549566,2,2,0
4840,3,19.60763912238602,13.34130283766519,6,3,0
4655,6,23.387778285094765,10.432260143188975,4,1,0
8147,6,176.4342621549717,4.743145905085832,3,1,0
4168,3,30.817091930084263,1.2280667692997689,5,1,0
3849,3,57.70843093039358,18.794448961759745,6,1,0
9847,4,70.18350356023514,6.9129549274032875,9,4,1
8401,4,37.58914000575153,10.86020926263224,5,2,0
5253,4,104.23128613200886,2.7603091782472724,3,1,0
7884,4,48.73434102279799,10.789964505611758,7,1,0
5533,4,30.916053949009342,26.265835721134373,8,1,0
2414,5,28.86610776136039,2.6054405558018683,9,1,0
3554,2,43.06723265713338,22.420160943773077,6,2,0
4691,5,64.29880241850401,12.268573077591217,7,4,0
4498,2,9.160671862227106,24.632584442023663,5,4,0
2195,4,40.043930413360165,16.430171751651525,4,2,0
5045,3,59.81600752262293,3.194667704424388,3,1,0
2600,3,103.58733453280453,5.034265770777284,7,5,0
1518,1,56.49287927421049,5.184345317513063,7,0,0
4764,4,41.7253448523685,19.607230834415883,5,3,0
4314,4,111.19921907122516,10.519526126508113,6,1,0
3366,3,39.973150665583624,4.2859859048356,5,0,0
6065,3,44.44996042262892,19.78496115210138,5,2,0
6582,3,29.34134526182794,15.353190618870807,2,4,0
2633,6,29.33927789747523,0.0,6,2,0
7337,10,29.880748020744363,10.722187598056658,4,1,0
5633,1,152.68905953389918,14.15729218712777,4,3,0
9168,2,18.779234755220514,14.29174687137867,5,2,0
8789,2,108.12989647728786,11.9258279563575,4,3,0
2434,5,31.254024926480042,18.318841574844523,3,2,0
8277,3,52.203522851443765,3.2413639228973317,3,0,0
6758,4,96.8183561714994,21.151602988438764,2,0,0
6611,3,7.253468750464042,0.0,8,3,0
4520,2,92.04075950966522,26.051839653617716,4,1,0
5587,3,74.35646109764063,2.067277146854268,5,1,0
3545,6,43.88394393357792,26.103989695907902,3,0,0
5965,1,30.017493565132895,6.429825057997017,6,2,0
5992,5,37.539177764790125,10.278751467955805,5,1,0
8805,4,38.341044896602206,9.813910157701619,4,2,0
5531,3,72.01477812183875,6.926990878649959,3,1,0
5444,7,42.56022223122419,13.621163587684284,6,0,0
517,1,38.738013740449645,11.886895257069723,4,0,0
6110,2,55.49029975806277,3.17447006948645,3,4,0
6864,2,23.833404687397422,20.522659068467156,5,3,0
7960,4,65.41215100943747,9.397452140151133,5,4,0
1415,4,36.28118762955594,5.061675493628021,3,1,0
4664,2,32.54142535101371,2.588267983942913,4,1,0
4456,3,28.564118016338963,7.5673797847332995,6,1,0
2761,2,128.78200576255907,16.335382655283624,6,1,0
4855,6,84.19973966131914,15.03343044642029,3,1,0
127,5,39.036880719281925,18.56670482389968,5,3,0
3474,4,46.41593180146844,12.342010795391719,5,5,0
7969,5,107.44206115158157,18.72773541765488,7,6,0
4310,6,27.785108079226806,25.03517310356127,7,1,0
2438,3,67.48185749349783,23.188544184179186,7,1,0
3765,5,62.64160207918767,0.0,4,3,0
6876,2,37.61137391465443,12.880582101045922,7,3,0
5896,5,73.43522561919417,12.237010497526107,8,0,0
5840,3,39.32445849411685,8.92220980941158,8,1,0
8842,4,41.31185121175776,23.82735995231718,7,2,0
9770,6,45.88352185836122,4.549882864513157,9,2,1
1473,3,58.07448075836125,15.121545778219726,4,4,0
4821,4,38.793754757218856,6.130875562209447,4,0,0
6915,3,45.19267053900703,13.262831438460687,10,1,0
3560,6,89.12969460627606,13.399557395701859,4,0,0
3951,3,32.77189618935019,8.40768237024717,6,2,0
49,5,78.67846216274309,13.462381974438154,3,1,0
5437,3,40.76779736681251,18.94560763025091,6,4,0
9897,6,104.1480846396275,11.782255816378978,6,5,1
887,3,43.19595117939136,12.320820474586023,9,6,0
2616,1,76.87365639750463,7.762439076992633,6,5,0
516,2,104.75052154449445,15.914957343921158,6,2,0
3168,5,37.88135204530075,13.820672192680362,4,0,0
2949,2,74.6660117265085,15.861261385216807,8,1,0
1424,2,16.417323155833696,18.869703837704137,5,1,0
139,4,82.33309035560251,4.939403350893015,3,0,0
1924,3,120.47542707404934,27.56849388070503,4,1,0
2378,4,62.25844179577961,2.5641315459735914,6,3,0
3197,2,30.47326633054609,9.797927699009772,3,2,0
5131,4,104.37698084948191,4.823296233897729,4,2,0
112,5,147.36188804534677,0.0,9,3,0
4559,2,211.2000331210862,13.316030161469026,5,2,0
4595,3,29.71653884034359,2.8215664121396493,5,2,0
7997,2,86.00822392481916,0.0,4,1,0
3250,2,27.814296802151844,0.0,4,1,0
4690,5,28.234092690090463,6.534004528777383,6,1,0
8115,4,42.98720841200092,8.5189898853138,6,2,0
7767,1,51.01877628828393,24.01401206917555,1,2,0
4546,4,29.082220728310105,12.246951238840474,4,0,0
7084,3,85.57598819102607,11.486876054772868,5,0,0
3277,3,49.03230349012712,13.180903154224612,6,0,0
7542,6,32.29419892838876,16.758152180334122,5,1,0
6593,2,39.27385646279548,11.554984707491515,5,1,0
4068,4,17.884611060468984,0.0,2,3,0
4408,3,47.16023794984576,17.417115917684658,4,1,0
8644,6,33.67647289258075,27.428715820320825,5,1,0
8588,1,49.04296708779152,19.36495163892514,3,2,0
7384,3,122.71445720647547,9.110654879762608,3,2,0
3222,2,74.15366552501243,5.117236611556364,5,1,0
8210,3,71.88441382938515,23.80764222367459,1,2,0
451,5,62.98566182854236,3.951008573520694,3,0,0
3731,4,16.785275228003382,8.536456822530209,2,6,0
8953,2,37.72775097508354,14.889236440689025,7,1,0
4986,2,53.79931073120775,0.0,8,1,0
3663,3,50.62140347948969,18.019030253059192,4,3,0
2763,2,40.94580087923509,21.367377166882786,3,1,0
658,3,45.35154035632577,10.252891918145256,6,1,0
7678,2,20.04272326364392,10.073301800028583,6,1,0
7676,3,57.14235807532338,23.21494454002676,6,1,0
4620,5,9.672714927601632,17.86933514759633,9,1,0
999,8,21.605937227861585,12.183409919520647,2,1,0
389,3,123.41362505527506,7.383463372352676,9,3,0
3407,8,13.718737960454,12.118590020867472,3,2,0
1476,8,78.67807159897754,0.3632027576393355,4,1,0
2240,2,151.47034749930452,6.061657148182028,2,1,0
2386,2,90.33499514255479,6.103738193597074,4,0,0
9139,5,14.181326320933104,10.060627846602575,4,1,0
992,1,45.75273001615802,12.16428275734158,5,1,0
4997,3,48.49177050460103,11.508008291552123,5,1,0
3922,3,46.04097377224063,4.459313580175643,5,0,0
2972,2,108.40941517174394,20.51062526297836,4,1,0
3386,4,19.382092731752213,6.534106147588106,6,3,0
7885,4,120.3555620654966,21.232995859851407,9,1,0
8812,2,90.13915338810189,1.4946783187340067,5,2,0
4769,1,79.65668157025108,8.787000776436386,5,0,0
1293,4,33.85953168278587,15.958632656133934,10,1,0
1824,4,54.19023852177499,4.491748234742973,8,0,0
2873,4,52.998655866954905,10.643885108927106,8,0,0
4173,2,33.71913076831127,17.77361092738616,7,1,0
2535,2,19.979371746277327,8.177021666863125,4,2,0
9132,4,54.48242264062245,15.20304739981357,5,1,0
1907,2,33.130146093797975,5.713840106121766,9,1,0
42,5,44.88946817739007,6.127386736386034,6,2,0
9491,2,75.20321582860542,4.653405614457725,3,1,0
368,5,67.58575426555015,15.039414709947462,3,2,0
1151,4,85.82410472284792,10.466555202192513,5,1,0
7752,4,121.82756579413434,0.0,7,1,0
6358,6,36.18241933558682,7.977708902007725,5,0,0
5912,6,36.012116711100234,21.18689923764751,10,1,0
6507,2,18.192209257381652,13.316378125601894,4,0,0
7525,2,36.822375393555376,19.30485794508887,3,3,0
4160,4,32.04946140370522,11.510186290332001,4,1,0
4287,5,34.000222172567355,9.450017742213218,5,2,0
7775,4,77.25333829690068,7.7876320680809785,1,3,0
6714,3,65.64492021004769,14.428010563872645,3,3,0
174,7,53.11928637792287,15.162834942528566,1,2,0
1903,5,125.13221192931613,4.195497206207772,6,1,0
1099,2,15.480377835261248,15.569858328757467,2,2,0
8114,5,36.37230617882383,0.0,4,4,0
3408,2,75.36632916296155,19.637077328518707,7,0,0
1538,2,29.07829311030735,0.0,6,2,0
2292,3,29.270398865348437,0.0,5,4,0
9300,2,56.4240674855051,19.923587792431654,8,3,0
1363,3,33.052833421377834,23.65961826941837,4,1,0
7188,4,32.055618492243596,6.182381024568771,5,2,0
6627,2,61.99236098091042,8.037624885138271,6,1,0
5260,2,23.71474560539042,22.264600575121698,6,0,0
6815,4,23.690361015750117,7.397732542806709,5,2,0
9461,3,32.30586814926402,30.0,4,1,0
680,4,26.811747643540077,12.66705707132073,4,1,0
9315,3,67.34296688943839,9.25346042233372,5,2,0
9298,3,38.04317018128472,23.8792300928501,3,2,0
3664,3,14.575364338859723,9.863799699622616,3,4,0
1661,2,27.477751176190225,23.66875495591119,4,0,0
508,4,31.160215713492377,7.996762439861987,3,0,0
166,4,60.52015183926673,9.977246404623415,3,1,0
5497,5,21.022156392957747,8.109546859216854,10,3,0
8299,2,66.29122332609526,9.707717062479237,4,1,0
1006,8,56.85425433837371,23.07961691654762,6,3,0
9739,5,79.33815455367075,3.197896736925747,3,1,1
1914,1,30.145732733694565,7.557152188552415,7,2,0
3494,3,45.503201832710026,0.0,3,1,0
9633,5,308.08269318695955,7.606322750805406,5,3,1
9750,5,10.0,1.5022575857245153,3,5,1
6444,2,57.00404430960834,13.523870055307937,9,2,0
4990,3,36.315796350656925,15.799029682927877,10,2,0
2536,3,84.08425887089103,14.725837937328848,4,1,0
1104,4,42.48105535482763,12.597151514372385,3,2,0
3875,4,31.479793504833285,5.073275965972075,1,1,0
7523,6,43.23431144599719,5.334931537689671,7,2,0
1752,5,48.18409651395636,22.753760087867512,4,2,0
5310,7,88.9295735380515,5.284106652064084,6,3,0
7296,2,179.77400057927906,20.77932827270476,6,3,0
2916,2,98.51907544311058,21.8985245772259,5,2,0
8974,6,16.354768633080113,10.716364694911539,4,4,0
5754,5,108.666489348036,10.52677408731185,5,2,0
152,6,27.487140963316573,15.357457987595767,2,7,0
7690,3,93.4910613174215,15.312249395846283,5,2,0
5679,1,53.07011018169214,5.365132158184608,3,3,0
3907,2,159.81577619420756,17.982131451446225,4,1,0
9135,5,28.102680054530897,9.415220815774916,7,4,0
2552,2,48.71414815390519,12.568075470452982,5,1,0
2773,4,31.651426613014593,5.473538232829065,3,2,0
6098,4,37.83540789297828,11.10514075497931,5,2,0
3551,6,39.11760356908115,20.90079743188281,5,2,0
3722,5,142.83916747515053,19.54852829950863,5,2,0
9870,8,17.91176574319357,12.46298551055996,7,4,1
520,4,175.3813870693413,10.3091504691149,5,2,0
8033,2,27.321428830157622,13.943882345037938,6,2,0
4538,3,77.76105328515347,10.078185679233243,3,0,0
6778,7,45.53498230441852,4.883112712109313,5,5,0
1822,4,72.94728257372253,8.562240240219216,4,2,0
4086,6,49.725955321162274,7.430571076706429,6,2,0
6148,9,55.20561427718796,18.304371981199576,8,1,0
8742,3,46.55533680883662,20.018069369811222,5,0,0
9472,4,26.877821845674948,8.62427859673781,5,3,0
7741,6,58.437232598125405,18.752788823567748,3,0,0
309,9,27.729194133207816,0.0,5,3,0
7720,5,53.82241695842028,8.719365123497186,6,3,0
8222,5,56.496889674081906,8.103140256303664,6,2,0
8656,3,133.9983326873435,11.845662026286945,4,0,0
3599,6,27.816408104319045,15.565557111257071,5,2,0
3622,3,24.11157523915682,7.519024302132408,4,1,0
3811,5,65.73615076656014,21.860381378462016,7,1,0
3450,4,24.374384362392618,2.407260914006441,5,3,0
4591,2,51.21406066666532,15.549678000913186,3,1,0
205,2,126.64425243087487,11.14189536396791,5,2,0
9840,4,129.61486625368312,0.0,9,7,1
1135,3,86.79409744487067,28.195246883503547,8,2,0
9384,6,5.0,5.74540909227475,3,1,0
2749,4,18.811101746928852,8.153479123771156,9,1,0
3613,1,23.34369401500501,12.897782597154054,7,1,0
305,2,28.018893620178684,11.80269322584834,7,3,0
1849,3,64.22322539906274,15.103979597099368,5,1,0
7669,4,45.41032768921662,18.416793008496626,6,0,0
1988,8,39.729357082232966,4.629223534253681,3,3,0
3240,2,36.63059523982491,18.297941954095503,7,0,0
2798,4,57.09357478913013,11.6886355954823,5,1,0
4515,5,31.588325107397765,3.957904050483883,5,1,0
5630,2,39.057794846115556,9.804578055188724,3,2,0
9372,4,69.51227573542613,26.148493907044823,11,3,0
3109,4,70.60217555178932,6.089990415166316,5,3,0
4939,4,40.979956201734915,18.065905915176792,3,2,0
4059,3,47.09941176907891,6.648823255008644,7,1,0
1987,1,69.1276466837018,9.028220131677738,3,2,0
7157,7,51.815664146490874,13.108054701296137,6,0,0
8874,3,46.09719039939833,13.514410994109188,8,2,0
6613,4,39.032704195981985,8.95747358434078,8,1,0
383,6,44.6742017097063,10.093473310200368,8,1,0
5634,2,20.306993070370034,3.6409683293176016,1,1,0
4307,4,20.331506704755146,9.938122298352877,4,1,0
3388,4,41.823289469005154,17.456937387670983,6,3,0
3156,4,38.41933427765196,10.92024637493775,5,0,0
9995,9,14.201674224231708,0.0,8,2,1
2727,2,73.05940550024549,14.612509343829498,2,2,0
6333,3,38.35364243210337,16.207156015220555,2,1,0
9899,4,34.276373636222544,0.0,11,3,1
8751,7,60.1228901302756,21.683072820928412,3,1,0
8302,4,50.93976377070969,0.0,5,2,0
6037,3,13.279395128922427,21.01693133084431,2,2,0
3832,1,56.754159264145926,15.081519962572496,6,0,0
8917,3,63.81429350427638,5.174018105285683,4,1,0
4776,4,34.6509732810864,10.832088579716409,5,0,0
4276,3,34.73205939329703,18.449380978546294,5,1,0
253,5,126.43577897317148,15.698200781443129,5,0,0
7895,4,117.14118161023247,0.0,4,2,0
9590,7,67.977418776952,9.389342718052596,9,2,1
7288,5,16.81646228634772,6.6056286632273595,6,1,0
278,4,63.55348465575256,1.7230102342951774,7,0,0
3252,6,9.447046035834221,20.75609380096224,4,0,0
2480,4,52.954356209962924,20.0475718749817,9,0,0
289,3,71.70980766152127,5.289557575727171,3,4,0
6086,3,36.841271216739734,1.9086993474265483,3,2,0
3075,3,122.11205896238847,17.360173624993834,3,0,0
8123,3,31.333903189894784,5.47236958761191,4,1,0
7598,2,114.17284728532606,5.243730800745802,6,2,0
6403,4,93.39296402933685,15.624337398767643,1,0,0
5089,3,123.84501986621237,5.317570887457947,3,1,0
7283,5,48.874012503238596,22.04505149655469,4,0,0
9717,3,128.11323489131217,5.066414849374605,6,3,1
8402,5,43.79360990400174,8.574101355534234,6,3,0
6121,2,37.45031798422505,0.0,8,0,0
7754,3,125.66396245106775,17.219409765925107,5,3,0
270,4,28.07822187968288,21.41428531346338,6,0,0
6009,4,42.92412155247918,14.814117992356316,3,2,0
4570,1,33.418902864405034,10.179319151441938,4,4,0
9116,5,43.19712229167241,10.560083968101354,6,0,0
9803,8,143.89328423346532,8.457712892044118,9,3,1
2971,5,163.57147255083876,13.383520790148362,4,0,0
6193,5,90.3740281424998,9.612843209485588,5,1,0
8768,5,169.57441968414898,13.352335778108491,6,1,0
4207,2,61.20978250376835,6.844235393961669,5,1,0
3218,3,68.89618817625686,2.533759544896622,7,2,0
1391,1,43.414642119001336,6.071681279104133,4,0,0
3975,4,48.039250328171036,0.0,7,1,0
4316,2,122.46284046605447,15.519215368884073,3,1,0
7959,1,8.126021777923585,14.663594670473552,6,1,0
7344,4,60.735092385691935,8.540133077849873,10,2,0
7448,2,56.22376489456521,16.664358364701993,5,2,0
83,4,42.61307285399937,25.821957123861385,3,1,0
873,8,60.68717932421956,12.920146918844637,10,2,0
9605,7,198.90239638626647,2.1006407620874485,5,1,1
7635,5,79.51238685502891,9.822769149489725,3,1,0
4557,3,26.19894357073679,7.03142915844975,7,2,0
4500,3,13.023052799843093,17.21750584504319,6,2,0
4647,2,62.44979006740957,9.376387748094567,6,2,0
2038,4,103.6844156714169,4.967296154560896,5,1,0
9694,6,30.831123811424888,0.0,10,2,1
6909,3,73.2549841025207,0.4206111267455306,7,1,0
2450,1,29.596795215376755,13.889134590513851,8,0,0
3954,2,54.59938742406877,5.019162365801695,3,2,0
2329,3,29.942013734361414,20.229076366591602,7,0,0
9124,2,76.68609296742655,22.50015735350051,7,1,0
7044,3,60.54685049783773,7.45565871653564,2,1,0
5042,3,19.586303303809604,11.110930078142031,6,0,0
9364,3,34.74844371405695,0.30887310721878514,9,2,0
4746,3,17.73022854076456,10.32888668519247,7,0,0
9367,3,37.99262528573379,1.9465065430021937,3,2,0
9402,1,84.93449054159474,8.128123132084891,8,2,0
6491,3,111.68689652738514,11.320679126897407,6,2,0
6637,4,136.19486041466828,16.5985352232899,7,2,0
7225,3,13.619070595198961,3.610756556670413,3,3,0
2401,3,52.00900929727523,5.515917141462112,7,1,0
5520,3,12.146337686941745,11.325367383163332,11,4,0
1216,4,14.660157780291664,21.053953564089987,2,1,0
8695,3,47.06855837975688,15.268581444591378,10,3,0
6020,3,39.92969050077715,30.0,8,2,0
6865,2,31.828136560442104,19.295586256194312,2,1,0
1064,2,11.03636681004107,7.922401363450071,7,2,0
3786,3,45.46479119511032,12.986805637816456,3,1,0
4410,3,19.078508201600577,3.303971226136932,4,0,0
6859,4,21.483032559815545,0.0,5,1,0
6760,3,20.748628939068915,19.626787842411662,6,1,0
5523,4,59.7235087823647,11.667839012429983,5,3,0
5996,7,28.30620732966699,19.695717557506722,7,0,0
8833,3,45.48171122914881,17.54590684654532,5,3,0
5888,2,25.98255361892901,16.44604287271279,3,1,0
2161,1,47.7575160677622,9.710789754905546,5,3,0
3008,4,124.4000427555424,12.870108326273854,5,2,0
1105,2,92.06344300720164,12.199921845086864,8,2,0
6654,2,161.15592862370954,25.45507058780643,4,0,0
692,2,28.966542699256202,13.863594976382696,6,3,0
9957,3,84.11731075094805,8.357126492643388,8,4,1
4956,3,14.875872863782053,11.454684112505054,5,0,0
6597,2,59.38142537929025,18.949534146128375,3,2,0
8480,2,23.528673712029146,12.072433621313284,6,2,0
4369,1,5.0,12.637566321262788,4,1,0
2765,1,107.43410925377582,18.22502164564555,6,2,0
3929,2,42.28035835531871,18.683513803506806,7,0,0
7134,3,51.82236101686533,16.399564738233693,6,2,0
8735,5,56.669596220256345,8.08403905244092,7,2,0
7530,5,68.05753677045426,16.128984940029923,3,2,0
7528,3,29.261309116398373,19.366816332071945,11,1,0
628,3,94.76246130090416,5.612880714663027,7,0,0
2451,3,20.173242795600476,13.263318653258318,8,0,0
6239,5,38.92088427303473,12.867357303485594,8,2,0
7012,4,24.051248386793983,19.375416910195472,5,2,0
3824,1,48.875169872748174,4.484020629662602,4,0,0
8977,2,18.87241773449219,14.779430180245884,6,0,0
2652,4,44.196030750584725,6.322099646756869,8,2,0
9107,2,29.846889636867235,19.07669602393241,5,1,0
3743,3,55.51539811949032,18.109414896817277,7,2,0
2176,6,67.17171747407814,16.31734802791784,3,2,0
9906,4,190.86408485167348,7.923410284553936,10,2,1
9263,3,31.135485046519737,5.485335158362448,2,1,0
3318,1,67.19851862808305,12.08690524297831,5,0,0
6343,3,40.29926580556556,7.229021378859216,2,2,0
2787,5,76.35139035454091,12.598636612638694,7,0,0
4105,2,34.154759961299284,13.047019015813351,7,0,0
6355,2,86.23524509866758,10.597034528169141,7,2,0
1676,4,122.60297487128399,4.275334682175909,5,1,0
3947,4,36.82935093363739,5.2481356830740475,5,0,0
4444,2,150.1541476395362,12.442873568248933,4,1,0
2936,5,43.05247083754809,28.39177797513944,7,0,0
9005,2,36.24267929470643,9.467962299630289,7,3,0
7766,5,43.240886511305284,20.07485850890385,4,2,0
5722,5,15.13863116802109,12.967177909147901,5,0,0
7441,3,83.99857017016625,11.997131136829394,8,2,0
2503,3,21.646932332911362,4.72108880430561,5,1,0
8482,2,121.05393989416297,15.303000000360873,4,0,0
2369,4,63.94289200837315,12.769006291262562,5,1,0
4967,2,117.02026994430724,0.0,4,1,0
5883,4,235.34673645565186,0.0,7,1,0
2217,3,44.86940379063642,0.0,3,2,0
5847,6,89.89191106295009,18.21796092029563,2,3,0
2218,6,36.751908816559045,18.85970987116915,3,0,0
3326,1,26.37311669031328,1.0858398177671376,3,3,0
6733,2,87.29400796118735,9.281728519305288,3,0,0
3583,2,44.92253247636779,7.819646501412612,4,2,0
9824,6,69.58011281190525,7.977720060519137,16,3,1
3619,1,8.382648217632424,17.110837989914778,6,0,0
7707,2,62.499312732819924,11.816404202920822,5,1,0
6432,3,26.576299834975806,8.260372081526786,5,2,0
3115,4,75.68959073598155,0.0,5,3,0
85,3,45.16850132106854,22.86630045336823,4,2,0
5973,5,91.82691911602447,7.1630583053658485,2,1,0
2801,3,38.61749115523131,9.314617631343788,9,2,0
3671,5,31.832056519292845,20.86885139153923,5,3,0
3667,2,60.60214529279562,6.858592088204046,6,3,0
9794,2,77.9799742540555,14.058696230664136,8,5,1
5158,1,89.27959111910432,10.954598419722668,3,1,0
5725,3,122.60108900539748,23.60454378369317,3,2,0
4590,4,49.5462027771252,6.094227517106869,4,0,0
2019,4,90.37759708600873,14.476786612784595,6,1,0
7831,4,14.551243640477505,3.285623902864259,7,2,0
2525,2,23.616997397729445,17.09599484331813,3,1,0
8286,4,85.4369192436685,10.127773894858636,5,0,0
9206,2,27.94845087756757,18.8461699173624,3,3,0
3212,4,28.5687641509339,17.943331064083942,6,3,0
519,4,130.5127170185893,6.855136211220499,3,2,0
5366,2,34.32601207334063,15.87605641652168,3,1,0
6762,1,33.75837746906787,18.93383966032348,5,1,0
2895,3,23.281633406795375,15.62056390326709,3,3,0
244,4,150.16062950102588,12.811160245992124,10,3,0
5930,5,35.651559102143295,29.511598153192026,7,1,0
4714,3,18.499237012897446,6.283313210988312,3,3,0
9567,3,153.92814777144082,7.6074412853273,11,4,1
3425,4,6.403049060211843,7.454479030250398,4,0,0
6931,3,41.51405532820183,12.00570058675958,3,0,0
6720,2,49.80533464835671,19.34377523570255,9,2,0
7410,2,51.769591704687365,13.304058326584151,6,0,0
6177,2,83.77422875499586,11.654260971654065,9,0,0
7250,4,40.82420958677076,10.957727060011745,4,2,0
5509,1,24.7174845345101,14.11957463091641,5,1,0
2001,3,42.882463303905546,22.090190885593447,7,1,0
885,3,19.24429857003649,21.679581992448714,5,2,0
869,3,43.59119128655307,20.916604464950876,7,1,0
9688,5,120.77554264660465,0.3687559586375837,7,5,1
5720,4,89.44355933182703,21.310667173450895,5,4,0
356,3,59.015110503614714,30.0,7,1,0
9907,4,165.8928781562412,9.799968616363373,2,4,1
5451,2,24.411847866851776,9.761418593496687,7,1,0
8193,1,13.944392367811426,10.781275295320395,6,1,0
6438,6,28.356059228117257,15.819751933203747,6,0,0
7704,6,57.90707258016959,28.561228082180822,3,1,0
1275,3,31.35264655393666,16.294429085485245,3,3,0
1890,6,32.19705820505114,14.391400222385673,7,1,0
8686,4,39.068044030126856,11.535685792943676,4,3,0
6568,2,11.264384767795537,8.359393275162002,4,1,0
9623,6,198.07582183833173,17.136124167756286,7,3,1
3563,5,53.86548826265548,4.735021195738026,4,3,0
5787,7,79.14872810128752,6.59272902290397,3,1,0
4958,1,102.33564841581392,12.573389703310202,2,5,0
1546,2,24.961730749082193,6.128513928963411,2,0,0
2380,4,54.630200849682545,0.0,8,1,0
3823,3,71.84101086940233,3.3056560468708867,5,0,0
3232,4,87.5752535334364,8.37532364599052,4,0,0
8399,2,42.80673614848765,9.040280242974772,8,3,0
3306,5,52.95268986484768,13.154457877883317,6,1,0
492,6,54.14018497973577,7.138734366327809,4,3,0
3499,5,13.801579014077374,15.84230024939194,1,1,0
6664,3,18.871860654321168,12.226326143861726,6,1,0
1116,2,85.18223214617177,8.812986254565159,4,2,0
5637,3,64.05088195159854,7.643361098278013,3,1,0
8774,4,28.877341336189993,3.125853260763627,3,6,0
6146,4,104.01345766368969,15.819469438837858,10,0,0
9867,7,67.83636328567006,1.375061656363247,6,1,1
8775,3,41.92818495373467,17.34926868519222,4,3,0
6707,3,50.70012775285801,11.009542320494791,4,1,0
9948,7,88.52627550753542,4.459305350239026,8,3,1
7965,2,62.616893454783444,21.821361634856654,7,1,0
3645,3,38.622546814964636,2.325060316824576,7,2,0
2500,3,54.73306708940453,14.25184528782505,4,0,0
5677,3,57.13413076167378,17.211187575321997,6,2,0
5241,4,79.40400168175945,9.13079227535577,8,1,0
6518,5,156.47028609422244,6.426633307647898,4,0,0
2783,3,70.78056907851573,14.0490267662126,7,1,0
6158,4,24.14373662152229,6.960614499559875,7,1,0
3809,3,66.3367126868308,20.144997064756833,4,2,0
9428,3,97.37064714664467,14.75402847304776,6,1,0
9524,2,10.406744559098843,1.606488599948003,6,6,1
8599,5,26.473960440504065,9.548641429093696,3,0,0
1696,2,28.8140500648244,5.375581295183414,7,4,0
5685,3,107.30550963741557,17.37513491602523,9,6,0
8367,1,24.644691731796016,19.309002555445762,4,0,0
5939,1,35.39696053928579,11.603117292068838,8,1,0
2052,3,30.70353312712539,29.23635420339398,6,1,0
1776,4,214.73199837722728,10.762588475819726,5,1,0
6560,1,47.09825556914041,19.20982344917068,3,2,0
3313,6,120.52601089839085,21.900370936674424,7,1,0
4781,5,33.38841772987375,17.014711931906085,7,0,0
8538,8,204.31680155498313,13.703830631890566,4,1,0
6781,4,59.20541836876841,5.99170631404088,1,1,0
1592,1,54.80611968212227,14.941856476635849,8,0,0
1723,5,99.75829783169529,2.101621395844214,8,0,0
215,3,46.75293210514637,7.021961736560295,4,1,0
6326,2,55.887158745652755,14.17891142024223,5,0,0
8256,2,45.66275405331104,7.811128599445979,6,2,0
490,4,60.018069277379354,7.821355322494839,6,1,0
9133,3,19.881532526487494,20.52843579479594,3,2,0
3483,5,82.44425623795972,4.4069110761248105,3,2,0
5102,5,90.84882804873966,15.291259790281504,6,1,0
5187,3,42.555724597441866,2.8034855452400134,4,4,0
3431,3,22.181785476901464,14.026892395995993,5,2,0
9198,3,15.755784089622578,12.176885376345263,5,2,0
7710,2,64.25936167934391,19.081947534588146,7,0,0
5513,1,41.27913335917027,5.349975642455105,3,1,0
25,2,48.55416809920675,15.302313928226514,9,0,0
3512,5,40.59794942518005,18.784709310578542,3,2,0
2409,3,40.60074747470703,8.381283492573292,6,3,0
3270,3,153.98064922760219,2.128339452617137,5,1,0
5209,3,241.8499994346035,13.297333012384263,4,2,0
8711,4,70.36510121865548,11.651236128625836,3,1,0
1552,4,35.28843316983198,1.2745195327725671,5,2,0
9197,3,66.90665180388075,6.226473434042147,4,2,0
8621,3,16.601243071563875,23.027096332458328,2,2,0
3871,3,26.38262586901892,10.295895620473246,4,0,0
3402,4,74.20595329894402,9.068277189152749,5,2,0
4529,2,21.61709831190883,6.955061924387091,3,2,0
979,2,181.9385833100408,10.73949235955393,6,0,0
2655,8,30.69735830003627,15.245645680571208,3,1,0
1847,6,165.96428810897322,13.224506539421627,8,4,0
7964,2,31.300339977246033,0.0,5,3,0
8240,4,24.720962188685714,10.154224279981614,5,2,0
7145,3,111.62760235488967,6.022242637452632,5,2,0
7299,6,38.681824314773614,20.66675833042338,6,1,0
5721,3,17.87807275066279,10.550548731910647,6,3,0
515,3,164.19046347419047,7.615190778179862,4,0,0
8745,3,88.41524528595501,13.265744001441309,6,1,0
8297,7,14.844709196900785,9.153817551012684,3,2,0
1102,3,98.34784397866515,6.184429509140407,4,2,0
3276,4,35.967792561321886,0.0,4,1,0
7217,2,86.18194490245875,23.96020818132564,5,1,0
7389,7,16.27104452607341,22.936256175470334,7,3,0
9077,6,58.251901457843225,14.685463474873233,8,2,0
8337,8,52.90502308462267,11.522150733013051,4,1,0
3996,5,47.69154011788583,19.53756035091466,4,2,0
194,2,62.083971836205286,10.994429377656333,3,1,0
4711,2,36.6995961880127,21.562507375411794,4,5,0
643,7,35.049826770575294,11.761865436760644,7,3,0
9089,2,69.62754617554143,21.89826262960798,3,3,0
3285,7,229.45497060403144,18.029840776681006,10,0,0
3116,3,35.93412700996611,8.29768535082223,2,0,0
6476,3,33.88751438214637,10.999036961806533,4,1,0
3575,1,37.58470812795154,6.797602721002646,6,1,0
9023,2,28.226943446798934,10.57727424535172,5,0,0
4320,7,47.02504348653276,24.099273836100195,6,0,0
9992,3,58.56840158703229,6.128370248024933,4,1,1
2207,3,15.929956818337956,7.590922178325118,3,2,0
4552,4,32.37414783016954,12.564406633311995,5,2,0
7316,2,229.93136208402257,7.363396644168621,4,3,0
3718,4,83.81913832763502,15.818577661292696,2,1,0
972,3,39.93822293572802,11.48302554927002,9,4,0
4579,5,33.51462609008858,18.42594568011515,6,2,0
719,4,52.11211529751482,5.423572463260451,6,1,0
9017,4,93.85919726554293,21.709040829870176,5,1,0
6155,5,35.405722896719126,9.297902217076851,6,0,0
9430,3,27.796629971409125,9.70080379619812,3,1,0
3896,4,97.4770270613005,8.961520565264845,14,5,0
2803,8,19.692121511437488,16.97350073512669,5,1,0
2566,2,20.0913390657818,9.917401730596673,3,2,0
4025,9,30.80249532178678,12.619317568689011,4,2,0
6198,3,22.96161584793103,21.387004080915908,2,1,0
32,4,48.17819235380536,9.101146477942082,3,0,0
8307,5,57.49300784303464,0.0,4,0,0
8831,4,110.82099674979835,0.0,6,1,0
9818,3,98.51951719751952,0.0,10,3,1
4063,5,28.835820967117893,7.9922832500977385,4,1,0
8948,2,16.358653878070665,9.184546562158246,6,0,0
5540,7,79.47589295219878,8.057991791934523,4,1,0
1697,5,121.97510624660372,2.9418483977296255,7,1,0
2792,2,69.44168095786075,4.335036748134552,9,0,0
2222,1,72.76891577266039,17.941410933213113,3,0,0
5818,4,94.4282878271114,3.811404799312644,4,2,0
9662,3,301.5181472772005,15.444763214343642,13,4,1
3764,4,68.66537914417204,9.401563971336167,6,3,0
3866,7,24.397246385041882,14.347076240402885,6,1,0
6421,2,74.97360838502841,9.573940931502175,8,1,0
9399,4,32.06661426834958,2.0817449658242904,7,2,0
8938,2,19.476100430744726,7.491229792925305,5,0,0
6671,2,83.68776625174073,0.19718287927376998,6,0,0
7978,3,17.47907996469134,9.062110530494278,4,4,0
3758,4,182.92445058320644,2.9945500933201625,5,0,0
9774,6,38.54275746252483,1.5943397104912567,10,2,1
3227,2,75.43034099338242,14.504147830285678,3,1,0
7802,4,52.00990577984481,19.266267920253796,3,2,0
3923,6,83.8903678816271,13.562959702153332,9,0,0
3904,5,50.62283236780772,11.443612068837734,8,1,0
2277,3,64.25401640678625,10.173776563673947,5,2,0
6810,4,61.074676344458624,7.394397901306681,2,0,0
1401,2,47.530820131858505,17.606311331702614,6,0,0
739,2,41.68172995736303,14.260424583950385,6,3,0
4266,3,22.372646917006232,15.802788407639694,4,2,0
9861,6,28.1638880679656,4.1437240652116145,7,3,1
7352,3,66.75314689222962,17.8416400036234,5,1,0
7518,4,10.11922144230094,20.954916879097407,2,4,0
3851,1,18.550863647178637,8.488959549059782,7,3,0
8631,5,120.23947079111343,19.742883625953144,10,1,0
2661,4,41.25397431023534,13.298664993274546,6,2,0
6504,4,45.65281832830909,0.0,5,1,0
9799,6,74.67424728042613,0.27236053384901826,5,1,1
674,2,23.330669419924952,3.040278549738556,5,0,0
7105,3,24.088959936273206,8.057757009295623,4,1,0
6360,1,182.43984604919478,12.547042200079114,5,0,0
3841,3,15.559369370841633,16.52429560351449,4,4,0
1815,5,34.88258100804101,3.5822869247555698,3,4,0
9489,6,28.217809022160218,0.0,4,1,0
9838,3,91.38292874808475,0.0,10,3,1
9201,5,63.58797826447401,18.859983660673358,6,1,0
4653,6,134.08639287520336,6.742882642133353,5,0,0
8692,1,48.05851653744376,9.221377728412072,3,3,0
2100,2,216.44355849690342,0.0,4,2,0
7711,6,61.02893649969946,14.696799405831104,2,2,0
1673,6,25.634372666151457,26.203648344937925,5,1,0
2101,1,54.35542149572292,19.86134124388731,6,0,0
4213,3,40.69462876336481,12.899185358554272,7,2,0
6958,7,14.702901807997904,11.36475788927476,4,0,0
1548,3,78.37552567017806,17.645783712907026,4,1,0
9550,4,80.65436362449623,3.7437098075246094,6,5,1
3323,3,123.35063923929616,9.558155500144714,2,0,0
9583,10,53.44630554245482,1.7210850826504238,8,3,1
355,2,58.37881031479414,10.37180607721465,6,5,0
5184,2,53.784914415617045,25.367973137036635,5,0,0
1461,4,65.96056134600884,4.514989138735876,3,2,0
7624,4,29.69652700769219,11.858871132841617,5,1,0
9385,2,28.850919330675502,8.738935146054287,5,3,0
3220,2,32.00425681593309,18.555436870538227,6,0,0
939,2,35.994104312045785,9.917267036129008,6,0,0
5147,1,25.930158675796374,18.750119549993926,6,2,0
5923,2,131.24538111977748,9.508195819363626,6,0,0
7883,4,32.34070922541137,12.926538012721133,5,2,0
1751,3,15.319438482669431,21.74074645590619,4,1,0
9468,4,21.953266093214772,9.7319884062346,10,2,0
7597,7,74.7748467064736,2.2711486414752926,3,1,0
1772,3,88.94933097200325,1.050789391384857,5,1,0
1196,4,33.62411328488344,6.713801056025807,3,0,0
1878,4,106.7737332534999,2.938661074339084,6,1,0
2668,3,28.686754381482725,19.21589043054991,3,3,0
3171,2,45.51395365794623,13.781360764313028,5,0,0
2016,5,47.15651100849153,10.266840568456269,3,0,0
2005,2,43.35876489079537,12.67437858465783,4,1,0
8272,1,17.822209448904786,8.242269028428014,4,3,0
3893,2,92.53448883223572,15.168345356412736,7,0,0
9991,4,512.7547234617089,6.342467884577238,13,0,1
3237,3,80.55474602419744,11.769159215659133,5,1,0
4424,6,103.23116016428179,11.038902237113652,3,0,0
4744,3,19.023210123658863,11.072040178282382,6,3,0
2078,4,36.14046807377669,15.580959047531783,6,1,0
5219,2,87.98522199776995,9.954679841650723,5,0,0
396,4,48.19586552091172,3.873443028481125,4,4,0
2788,2,49.83581865888505,8.826012674033143,5,2,0
8877,5,41.650981186833285,16.023783101994134,5,1,0
8638,1,81.09779508228567,30.0,4,2,0
4072,3,97.32645146315956,6.182467783461635,6,2,0
5574,4,29.06393142889972,15.26321733489931,7,0,0
8369,6,35.91242919967228,14.242275439328523,6,1,0
9507,4,12.702886250575785,10.184305368886779,6,3,1
5355,4,107.15177854084831,24.157470172010377,3,1,0
7233,1,79.81771650003574,2.853265845761088,5,2,0
9483,2,79.47573538910612,18.778690152174136,9,1,0
6820,5,160.4106033326122,0.0,3,2,0
1519,2,55.33960055623741,10.18950818780321,5,2,0
8196,4,79.31994878839994,0.0,7,1,0
1378,6,125.55602284621308,15.937583556993857,4,0,0
5672,3,46.228978479814096,10.079042986290244,7,2,0
1023,3,23.285310803035753,7.202122604421259,7,0,0
2587,4,53.541769107595506,20.566911616126824,3,1,0
7042,3,16.50023364515915,14.555616459811063,6,2,0
5621,7,21.09016516450181,20.524537939124677,9,2,0
7637,3,79.7135909986266,13.643766690838557,9,1,0
5008,3,178.77967594329826,5.751457783147368,2,2,0
2857,4,59.222802295737225,9.885362026453668,3,2,0
8254,4,12.19414563281205,19.16956217865885,8,1,0
5771,1,99.59778008780391,13.811562563944374,4,0,0
5842,2,67.5375965176816,13.503311923379863,6,1,0
8027,3,79.27451494499458,17.21717446393312,6,0,0
5832,1,14.156019961080865,8.109883860653987,11,0,0
1629,5,48.340042087020656,12.831946979291,6,1,0
4888,3,30.94944514692725,7.992945030693458,6,0,0
4526,3,52.733382070514075,5.611352085736108,3,2,0
3523,4,25.83220191010228,16.72558392616832,5,1,0
5904,4,49.62307290235166,12.687288360318073,1,2,0
7781,4,19.68039874191198,14.121682731891529,6,2,0
3607,5,119.0385865650075,13.44756852284275,3,1,0
9418,4,15.175423442902389,4.64231445455048,5,2,0
5220,6,13.844469605861379,15.117525787260671,4,2,0
234,3,53.13435362540605,8.339445431432459,1,2,0
7755,4,45.612098126891844,14.41549906760652,4,0,0
3796,3,25.247646479695664,20.217464115650323,4,0,0
4118,2,35.94636521834839,16.96293741297079,5,2,0
6318,2,36.49371500090625,12.13690159633041,6,0,0
5001,2,82.00729424968537,19.94456085860873,8,2,0
3800,3,14.077876323126407,15.135114556826045,5,1,0
7809,3,28.294051554093674,1.5416483181658354,4,0,0
3899,5,34.009722865689945,11.456121777137678,4,5,0
5024,6,32.57305894330108,24.802903536267323,5,1,0
1948,3,70.97800187539258,8.959824577735102,1,3,0
6361,2,72.7731735371599,1.2138475149885988,3,1,0
470,2,99.26866333053734,8.298738249379745,2,1,0
9944,1,20.59308549638522,0.0,6,3,1
3492,2,45.17563562611962,10.635619723261767,2,0,0
6091,4,11.483347865451838,9.674143438083224,4,1,0
2671,5,84.67312096918344,18.714246828456385,6,4,0
9800,4,38.33677956174487,0.0,5,3,1
2224,3,96.47927828114115,15.536404707125035,4,2,0
1106,4,59.11902654179366,15.82395227752943,4,3,0
2188,1,75.83485582821926,18.327744570928004,6,1,0
818,4,22.204435377384847,0.0,4,1,0
5571,2,26.66255125834497,18.823357138166397,2,0,0
4523,2,70.27307610965407,7.462598089360029,7,0,0
5793,7,112.4605334223029,13.915383997101769,6,4,0
9381,5,28.77385820480842,7.910158593316972,13,0,0
8780,2,81.01523258372632,8.956848718185714,7,2,0
7459,4,44.82859756412744,13.112650355795804,7,4,0
2624,3,36.703508149767124,3.5187506642339983,6,2,0
7094,8,19.370446366384975,13.876744458981838,11,2,0
9392,6,29.375858160238096,13.101882782431348,4,2,0
9916,3,173.04670326218977,3.4103379371605946,9,2,1
9119,4,207.8257824466783,12.160638782875393,4,1,0
888,3,76.6707246365521,9.51921817164506,3,2,0
2437,8,68.73062927245165,9.92312185106104,5,1,0
6056,4,63.67299501441611,12.644452017787547,2,2,0
7064,2,12.596459496503535,15.698876872592534,4,1,0
817,2,74.70733540701708,4.549488328394848,5,0,0
8934,6,89.51223886677654,15.09129195518831,4,3,0
3414,5,26.833454266766573,22.06271512246925,6,4,0
6352,3,42.77799214360874,13.638662244072805,6,4,0
2341,4,16.97632292236147,14.155515349182506,5,1,0
9029,1,9.989391172173388,0.34701070989958893,4,0,0
3167,6,73.29210152592057,14.694198314674837,5,2,0
1809,4,28.18718171604676,14.050771631208892,5,1,0
8035,4,14.283885227346817,2.7599890307913455,6,3,0
1264,5,29.925117934800074,14.718316120201395,5,4,0
5086,4,23.523750445302362,8.389579632248038,4,3,0
9675,5,53.72034032707759,7.2228706562532885,7,1,1
5835,5,142.79793592044334,9.704503971340786,4,0,0
5194,7,64.94622108260025,16.5313418558504,4,0,0
4449,3,102.08696150830772,14.391595057570605,7,1,0
4945,4,37.703088757458524,6.951990321187075,6,1,0
4045,6,137.68330169644923,11.417288143899665,8,1,0
6503,1,60.50053397789243,9.794531610850928,1,1,0
3702,3,37.613648777074125,13.618312047782887,4,1,0
1035,4,30.073535309068575,11.789152723491217,4,4,0
9256,3,22.72744598944386,14.889123769710785,2,2,0
5590,7,15.81711870996636,10.775869540007289,3,2,0
1228,1,59.91895822910742,5.8250172021962285,4,3,0
9999,3,84.62378096683494,13.175937371940709,8,7,1
6811,3,104.50018996536505,23.13771270231504,5,3,0
5141,1,289.10058442124387,18.024394313883292,3,1,0
52,8,60.49765938230718,8.1730876479719,6,1,0
9067,5,26.693087246395983,8.99587170080708,3,0,0
8395,4,33.95833004804726,18.529636794422263,5,4,0
159,3,120.58220972351907,2.9643060393898946,2,3,0
7552,2,125.1331345825243,15.665943283037967,3,1,0
1587,2,57.700839860394595,5.4426350884232155,4,3,0
1589,4,90.98326151237303,8.131598633500356,9,1,0
9841,2,84.76354625337169,11.669442027975235,6,5,1
9328,5,159.20681052500595,24.228432999785184,4,1,0
6930,3,16.21220467528948,6.643451097432061,6,0,0
6596,3,14.409858509747199,7.368875825885314,2,0,0
6174,4,29.399139122087313,5.414054992877931,7,1,0
8098,2,88.45859376557758,16.07055171382875,3,1,0
3858,4,29.64798174849523,19.46423143771066,4,3,0
9814,5,32.81203610370702,3.650443606591319,5,8,1
6691,1,79.91878405441707,12.76115945046907,8,3,0
2828,3,24.191361550236614,22.713853912354587,9,1,0
436,2,42.28653333897216,10.433180036054065,12,0,0
8274,3,31.24921420469538,4.769241613509892,3,2,0
8168,4,41.77924406429419,3.405957679404297,6,1,0
3878,6,26.402469673289982,20.217987758590176,4,1,0
1588,1,16.420427465576953,22.86708098214439,3,1,0
2780,6,26.001839727718117,2.0331635322906827,1,0,0
8981,3,29.831043445336032,18.557716399567248,3,0,0
8561,4,23.965856537852126,11.38599489007379,4,5,0
5686,5,72.78683875773966,14.404496123244863,6,1,0
3965,4,30.573056368630052,0.5163830978516444,4,1,0
4727,3,41.18752164165489,14.717342184958337,7,2,0
973,2,8.685168159754143,7.333726073746437,7,0,0
1238,1,81.71280049871253,9.353370211122996,7,0,0
2951,6,64.8786597414843,14.431654493400524,3,2,0
2342,2,37.58365597617737,0.8078391935218612,4,0,0
6520,2,34.18360199261307,0.12901176464893815,9,0,0
7310,4,34.89894810872779,3.096584999198047,5,3,0
6046,2,101.86680984192914,5.083352008192573,2,0,0
2158,4,30.333117465853473,4.417378217757146,8,0,0
9288,5,49.502271429994614,16.017518348670762,7,2,0
6589,1,19.720219767779305,14.659875951540686,4,0,0
1497,5,37.180470854445225,13.282721849939378,3,1,0
4545,5,87.85177562834652,11.628374719614884,3,1,0
6465,4,39.580187131677334,10.171656750710785,5,2,0
4257,4,64.89609873263802,11.809195084158203,9,2,0
2422,3,29.06321621016244,20.137346288127674,6,4,0
8564,2,23.486690544491896,11.841076698272058,10,3,0
5185,2,95.17878774923223,16.46833973901938,6,2,0
5647,3,53.19767507153315,17.318718525100902,8,1,0
357,4,41.54207736340034,11.882912710484543,3,3,0
5242,2,29.320945429140718,27.083427259085084,2,2,0
8011,3,59.724166843000596,10.668068904733538,6,1,0
9240,3,37.01392836919391,12.676130014796104,5,1,0
2092,5,32.97766758458464,13.322420988456024,8,2,0
5409,4,8.020554959731315,23.807628194083605,6,2,0
2015,5,32.58313334946165,9.728590149267513,6,0,0
9059,2,24.57005230736732,23.609752138620777,4,2,0
4044,5,29.612644089297135,12.578659586048747,7,1,0
187,3,295.11807100189753,6.2000539265077705,7,1,0
6858,3,36.698356001907314,9.964005292699943,8,0,0
3655,4,116.4766533350803,12.033078493690637,6,2,0
3426,1,76.21877439563539,3.7001560720757816,8,1,0
7194,5,85.63548664859472,6.650604198110424,7,0,0
1381,4,50.4184848650767,11.199305838399923,4,3,0
7468,2,100.6812719514771,0.0,5,2,0
413,4,26.246460345073203,14.3898145035346,5,0,0
5037,2,85.18254922245522,14.371325852401629,3,2,0
4897,1,44.21080305509199,7.483256209491892,6,5,0
3336,3,21.89357337987459,17.673602955042046,5,0,0
3606,4,70.0114883557709,8.81881550724107,10,2,0
3175,5,88.32989368176433,11.132844517692055,5,0,0
2241,5,73.05640429470157,10.156406202707139,4,2,0
9708,4,180.6310349686762,6.578967437497095,13,2,1
7796,1,53.70211350021199,8.345108381496058,6,1,0
256,3,130.10416585472893,9.605283991075552,4,2,0
8620,3,50.08360326520645,3.7387423774749724,3,0,0
200,6,28.08099007834199,3.65254973691175,8,0,0
2235,3,21.896716530055244,1.4259571885971507,3,0,0
4743,3,33.46874583569628,15.20023378537655,4,0,0
1767,2,31.824083957730092,13.655417465332203,9,2,0
4236,4,86.07679461786205,9.753686952244738,2,2,0
6729,2,35.35378715033573,16.07815779277608,6,4,0
8450,3,58.52647444049307,15.410239515947788,3,0,0
7277,1,59.79134034609948,7.449476227720422,5,3,0
1572,3,91.13957309732628,6.765827331157327,5,0,0
24,2,37.86967786869538,5.97547350516232,4,0,0
3363,4,21.85183787764267,12.920097471380265,5,3,0
1088,2,73.26589533683877,15.756129133306253,7,4,0
4674,3,44.62738585675492,8.786337250620178,4,1,0
2694,1,29.0647610979187,4.729864868852265,6,1,0
7582,1,61.35482535550373,14.971973091504832,2,1,0
3398,1,46.481374172981,5.733431144037348,6,1,0
3559,2,31.563216320310914,19.06389350654416,6,1,0
9156,1,19.588203811136594,0.0,5,2,0
2841,2,22.854041577765877,12.975701758443083,2,0,0
2311,1,24.730091871896395,14.586315825805539,6,0,0
8333,2,91.46144472528128,9.073414768730508,7,3,0
3234,7,61.221211171142265,1.9122340922801158,5,4,0
4152,6,47.23280885048144,28.13223519480867,8,3,0
1309,1,83.47759691588165,17.18905945015399,9,0,0
695,3,36.1888293335206,19.31937972321637,7,1,0
9859,3,143.71133504575718,13.816845860121482,9,4,1
3752,4,53.720315219682504,17.595239585642545,7,3,0
6337,4,72.81246465055814,10.775794700926285,10,2,0
1227,6,43.33131225569492,9.7509268789828,6,1,0
1999,2,45.416920473255104,15.91927364553511,6,3,0
276,2,283.7596592259431,12.415564866466934,3,4,0
8176,2,21.304152071165625,10.78034390684568,3,4,0
7664,1,27.673450010075932,13.056759997577503,6,3,0
5929,4,42.9925267765021,12.477016819249137,6,1,0
2953,3,66.83575309429342,17.86265024330985,4,0,0
3637,5,51.84767971570562,6.819390328824847,3,1,0
3906,2,37.4350540580764,27.324506366434083,4,3,0
4778,3,59.917077491374776,20.491864348929226,7,2,0
5845,6,150.64593105879828,22.058482806407383,6,0,0
9698,5,61.03178328011905,12.216900851655781,7,3,1
4117,3,37.091548272333526,6.840917569936134,5,4,0
7030,4,31.266251928311235,14.42902539739334,3,2,0
1137,2,71.1700872405824,13.26427362630003,9,0,0
2767,5,79.33057451883478,22.03598477226146,7,1,0
2334,4,12.344696765007159,14.26450081201508,4,1,0
7706,5,87.80590522417285,23.35376088199994,5,2,0
942,1,21.928300946997712,22.657526684767802,5,1,0
7662,5,27.142196063881922,11.916743395963213,4,1,0
2490,3,29.600339386130695,12.563724852024032,8,0,0
9679,2,121.0123713421733,0.0,11,4,1
6290,1,10.727144235448211,15.777671437557977,5,0,0
4935,4,94.97432739170245,5.944464099820116,6,4,0
3935,5,25.14281680207957,19.458543693016697,6,2,0
6956,2,101.78009517217454,28.32946966366575,7,1,0
2384,2,59.47038905051364,18.409989559808,6,1,0
115,4,133.4221946452593,18.192762701152326,6,1,0
1863,3,53.74000172882466,21.105066788302363,5,1,0
9976,10,78.05378872955444,10.925565603794436,5,3,1
3119,3,106.80236385520222,10.93775680295538,4,1,0
4258,2,28.235388692843884,14.33611633179828,6,4,0
6705,4,93.66054886094653,13.575374858753118,3,0,0
902,2,112.1125305711844,11.92955982788604,5,0,0
2819,4,18.429531764129138,8.173015510108492,5,3,0
3822,2,19.203977295870388,5.0071394508756555,4,1,0
8161,4,44.379719846971554,12.55207274933303,3,5,0
6890,3,54.6363348499125,6.0264185592770065,2,3,0
9090,4,53.98286389880138,12.30337780310162,3,2,0
4699,3,110.40568130172133,8.773571939315882,4,1,0
8918,1,17.038343938969867,21.98852817521368,6,0,0
3802,3,287.49304671604744,10.012932916386307,4,1,0
6068,2,34.3102360448362,23.460751062942386,4,3,0
5810,1,14.91191526544002,11.962828675517109,6,0,0
3536,4,63.65750260148603,0.0,7,2,0
3825,3,71.003985279001,13.439446429297382,6,1,0
8642,2,49.03142568740036,10.302395468487855,1,1,0
8608,4,31.203845243698996,14.919977947460396,5,0,0
4810,3,14.876038275307845,16.94580945529021,8,4,0
1946,2,101.85606529218562,8.96674468009643,3,1,0
8600,3,41.256753221489404,13.299393844484287,7,1,0
7136,3,34.430369504040044,5.915623110738565,4,2,0
5335,3,23.91977222960599,26.265469791083053,5,1,0
3488,3,31.122576189553193,15.416690836396722,4,2,0
1610,6,21.484877353624448,16.750171300668,4,1,0
7461,2,36.53046081173314,16.006751707902453,3,3,0
8473,5,42.144923168528344,0.0,5,0,0
4677,4,54.64726363262939,6.965332890369522,8,0,0
4959,3,64.23239341778262,7.331512935439242,3,1,0
5867,3,35.62352734044266,8.41965377236966,5,2,0
8763,6,69.12453166365856,16.835070438232737,5,3,0
4761,2,68.60791312462688,16.08187506862285,6,0,0
2194,5,18.928843072426304,8.3498605505306,5,0,0
8003,4,96.85424410162173,11.55416247616939,4,4,0
5701,1,73.67444939367081,3.0832056093661357,6,1,0
5113,4,57.1090524546962,23.52752904424189,6,1,0
557,3,87.15395400972338,13.621234239449576,6,0,0
8065,4,40.275964587226966,2.587535628139939,4,3,0
5139,3,27.889913904875336,4.25721299264051,4,0,0
1207,3,26.96864405944689,14.608001533136141,5,1,0
7033,5,70.00158239764855,22.30930105951093,5,2,0
7309,1,27.198343099294718,16.39144839704165,7,1,0
1510,2,14.597214380103582,13.4711458756995,5,4,0
6769,2,32.9586687676957,9.083903079039578,5,1,0
3829,4,24.985412287393032,15.748769944568947,3,1,0
3732,2,99.6016935588546,7.600061873546474,4,0,0
7957,3,62.9011417228586,8.661479988704873,4,0,0
3211,3,63.24493248333332,9.537307830126519,7,0,0
3630,3,28.324281218606586,7.565210483119606,8,0,0
1708,5,91.76663086033348,6.534843425046168,6,1,0
1845,5,27.223947038648124,11.420443087507701,3,0,0
266,4,30.68407674202147,8.954498109869585,8,1,0
5985,5,19.2569588810594,0.0,5,0,0
1140,2,64.6071710467709,0.0,3,3,0
3162,3,107.04986362904337,0.0,7,0,0
6207,4,73.04907390512122,17.176517654414084,2,0,0
2046,2,71.38312663439547,5.129305951807654,4,1,0
3730,5,45.49809381487088,0.0,8,2,0
1909,3,70.54440048135639,18.622330458326374,5,3,0
7307,2,25.36516589538223,15.297215888491277,5,0,0
2660,4,79.46521816578965,19.49059974682221,6,1,0
656,4,27.06288297399192,16.23611334176539,7,1,0
6660,4,29.555020913189203,12.635257551661894,6,2,0
1307,2,40.659259026980614,19.007830177831288,4,1,0
9429,5,9.270258624069617,7.809160962741902,2,0,0
998,4,29.118244717408682,21.762853847343944,5,1,0
7432,6,29.065809723497036,11.838377017947549,2,1,0
2834,2,55.55881094127375,14.674766515719801,6,1,0
9178,2,62.975469174774986,21.293354913425226,7,2,0
5880,4,27.124587082960353,22.81131767652998,6,0,0
1237,6,57.61833634862824,1.9430793393949148,7,0,0
2151,5,56.61990726852315,14.97038651689589,5,1,0
7919,3,82.33138855837619,15.484046405433133,4,0,0
9695,4,127.84739702141371,13.776018751554599,10,3,1
7189,2,43.663645479105725,11.48988391981154,2,2,0
8303,2,56.864414965254,20.3856135862869,7,2,0
6578,4,14.918858386943128,12.3327714467028,8,2,0
5091,1,65.98370114262002,16.908681020555328,5,2,0
2186,6,22.98928453730786,6.207778973309811,6,1,0
1134,3,31.9458521198405,13.040264469438938,3,0,0
5004,3,63.111931574442075,24.382302487928015,3,0,0
7974,5,37.12626607690732,4.225013793527123,5,4,0
1303,3,40.404807232687894,23.555049468536627,8,1,0
8468,5,40.991114753032086,22.572096098543387,8,1,0
1627,5,101.60757066819602,19.062697539996897,5,1,0
9281,5,181.98589249754374,12.77163491612056,4,2,0
1522,3,39.45987123002466,13.748151654731664,5,1,0
9810,2,104.84676992552288,10.607494822749938,6,2,1
358,2,69.39274143415437,12.419133604663951,5,3,0
138,3,44.58962620000778,22.2321164549464,4,0,0
299,2,11.00905416535759,10.610390637441672,1,1,0
1556,4,157.28617227021618,14.561241854505084,6,1,0
5099,2,20.895136154051386,23.29418248102177,2,2,0
382,4,70.70823945173721,11.889272282225587,3,2,0
8312,5,214.55775286686458,12.983694981588117,3,2,0
6948,2,40.441573223591284,20.360055132100353,6,0,0
4857,7,61.08004564882561,30.0,3,3,0
3180,3,56.67682223275101,7.218762853048062,6,2,0
1439,3,17.04133927713025,11.157679018628366,6,1,0
7269,3,71.22992977928763,8.637329973465937,5,2,0
5673,4,13.816624035953721,11.304139840098586,5,1,0
946,1,86.48395211948682,9.931663990469813,7,1,0
2390,6,39.57471907658184,11.20525956017587,5,1,0
5498,3,34.869313963778055,5.807106934132016,5,1,0
7073,2,68.03463842547838,11.202929655395923,2,0,0
9230,2,34.199462026813976,14.77880157334512,4,1,0
2721,5,178.80370570864667,16.665438817360535,3,0,0
1932,3,21.873326547555703,6.926645288856264,8,1,0
7423,2,41.357265078800445,13.965269558470771,3,1,0
3236,5,27.927571016239277,5.499489776127432,4,2,0
3140,5,9.870043962506378,6.682606812975795,5,2,0
4163,3,35.483815459777574,18.36282919370202,4,2,0
8888,1,24.201988239645353,15.965156039514323,6,2,0
3807,3,34.99139046212629,0.0,6,2,0
9479,3,51.86507130463486,2.308002492549212,5,1,0
6983,1,46.64298473499061,12.9476505689761,1,2,0
8904,4,19.715493105106855,6.816239042580738,4,4,0
9722,6,38.328212767780244,9.128678472855436,7,2,1
4154,3,17.07539130346283,9.794875108101058,3,0,0
4172,8,92.3893939281869,8.55409983033696,5,2,0
796,3,22.612718622537784,11.72032402551972,3,0,0
2416,1,23.901473803950342,12.376393626747346,3,0,0
7170,3,52.06305000711694,9.191945202089354,2,0,0
6139,5,30.267878674459126,0.8813795552705539,4,2,0
785,2,128.89371313013663,16.780792783635896,6,2,0
7067,4,26.492053710398395,4.2675287377626585,7,2,0
3158,5,16.488409852179085,15.359623040743214,2,0,0
123,1,68.7484935967683,20.169936137006715,4,1,0
9457,2,45.00055958799315,18.33721563662074,10,1,0
9246,2,76.92083880170159,14.866527327577199,8,2,0
2172,2,69.6058906721445,19.332209954148414,3,0,0
2169,2,47.00480785673395,5.797113337409219,5,0,0
6880,3,19.03312428343588,19.089662222447018,4,0,0
4009,5,48.072476448392926,13.950415309440945,4,1,0
9296,2,25.855263650817353,20.338904840522744,3,1,0
4340,2,18.861531613513357,6.179245813659841,3,3,0
910,5,67.5713190641358,0.0,5,0,0
6268,1,26.722110113660843,12.994099329070085,1,1,0
7771,1,26.111079117523925,22.84883517205013,3,2,0
2309,4,88.34125690259368,17.817581392836313,4,1,0
9658,7,101.91211982941269,6.179927075682359,6,3,1
3634,5,40.746939103247634,20.915630348845973,2,1,0
1257,2,61.19802374778848,11.00182696536467,3,2,0
6591,5,38.916358449488,17.303603505128677,8,3,0
4458,4,31.458851164677615,21.5286628404939,6,1,0
6133,4,50.31404836912303,9.810330710090039,9,1,0
1178,4,23.57439405139235,0.0,2,0,0
4652,1,23.049277145674086,4.269645834797543,8,1,0
6218,6,48.43813361102275,14.011251781519732,7,2,0
3650,2,33.169764900454346,10.007709335710647,5,4,0
442,2,87.11362251656129,11.20288807962519,4,2,0
3415,6,51.65564496047454,21.096197321325374,2,1,0
1399,5,59.71951117793402,19.60545406582512,6,0,0
1457,2,25.689125896658634,16.657362131117758,3,1,0
7524,3,32.35695196353591,20.77896676734249,5,0,0
5744,6,9.186954616116534,21.369411143844555,4,1,0
1054,3,108.1006122147274,17.50367517612382,8,0,0
8998,4,21.858352926878577,6.842855905985649,4,1,0
3275,5,68.86212161593156,15.29587134341714,6,3,0
1463,3,17.557821201005606,12.561395341769472,2,0,0
3699,2,173.0637543395418,17.950001526034505,7,1,0
3759,4,42.536893369827524,8.377565882272432,3,2,0
929,3,26.503770963178688,8.122676671250067,2,0,0
5511,3,35.830972153513855,23.990102237223308,3,1,0
6468,6,69.67125822768163,16.64001191896153,5,0,0
8412,4,38.48964583503558,20.24911945858691,8,1,0
1829,1,81.19877032059254,21.078847950119783,6,1,0
2928,3,32.49907469695151,12.23180273590701,6,1,0
8295,6,29.221989960664004,11.314552384747726,8,0,0
6538,2,59.83860850122785,12.42758988350364,4,0,0
4221,2,79.36250546633487,9.041197247354454,7,0,0
3546,4,172.61359693625448,12.04938400831779,5,3,0
5598,3,43.705461685258065,11.379721442208682,5,1,0
8937,2,78.83500368907848,13.183555428096755,5,1,0
7318,2,22.89517605650363,9.595586019325632,3,2,0
8350,4,63.22085957798242,0.0,10,0,0
2011,5,28.99248666045772,18.871224394595878,6,0,0
913,1,74.7279003945609,14.172882085415822,9,4,0
8248,4,56.25793165535789,15.207831404515519,2,2,0
7265,4,26.2138715252018,24.068290470888975,5,1,0
3219,5,28.253035737295885,28.850005539276268,4,0,0
2606,2,28.734363493852772,2.876720937131937,3,1,0
3264,6,99.15447030989084,11.625720645856209,2,3,0
4928,3,23.1628723277962,21.99581508470602,8,1,0
8661,5,65.64628007274045,7.145383553523418,2,2,0
6564,2,16.104026140651477,0.0,5,1,0
8129,3,91.62315956545416,7.4041685063415095,6,2,0
6,2,31.666320411356352,21.745883474230514,8,3,0
2980,6,116.09816860244406,12.379541784450337,4,3,0
6583,5,32.274116920841635,1.4551598771854906,8,0,0
3361,2,55.32630830132911,6.3699513556044325,7,1,0
4774,4,38.93691561160865,7.5601347921126045,6,2,0
1943,2,43.82699666173111,16.667008366522758,4,0,0
7452,2,33.08128826881393,14.764243334769008,6,2,0
5499,2,92.56814588150625,15.64416432343386,5,0,0
1635,2,63.75522841680846,8.4972666672364,4,1,0
1141,2,33.88885919518012,19.194008921972646,3,3,0
2041,6,166.20011618021204,21.25723218439347,5,1,0
6703,3,41.74813872307086,13.08896311622179,10,2,0
7818,9,35.26452363739948,14.895817901547055,4,2,0
2070,7,42.96733631258878,17.160348473429966,5,0,0
3134,4,44.70610438173574,4.76648462689989,5,3,0
5160,6,50.200286815070676,1.8585496689092658,4,1,0
8331,4,46.3629070469123,2.2076931625023644,4,1,0
5275,5,21.098919627246385,5.279102746944072,8,3,0
2242,2,58.34280489905862,12.987155262880473,4,0,0
1474,6,66.97172091457816,15.398686497311331,4,0,0
8590,2,62.624142340008405,13.014203331710746,4,1,0
1889,3,22.36220480898029,11.52874108382899,3,0,0
3435,5,30.984987079355705,9.182887475483245,8,4,0
7593,5,89.13991173822002,19.395127789461682,2,0,0
7745,1,30.936314849421,15.92852892460003,8,0,0
3705,4,36.65573364834732,9.307047032027377,4,3,0
2021,4,17.76992891166695,10.951912501146044,2,2,0
4020,5,80.7673709506007,17.759988353557933,1,4,0
8830,6,53.30966358386253,7.146837478059761,5,1,0
8443,2,40.92349795633462,16.955614328151732,3,0,0
3500,7,39.32319030113057,17.077333997555478,4,1,0
2658,3,54.202982982689825,5.703203310022604,5,0,0
8456,7,31.93455757417393,11.793072530704869,5,1,0
6888,4,81.97683055602766,19.51021568822963,4,1,0
1130,2,23.37801768781231,9.73379456352421,6,0,0
5557,4,68.72453033935174,15.003731342499472,3,1,0
7358,2,56.58179622821943,1.8746311901642052,9,0,0
1819,3,75.21311029138668,0.0,6,0,0
7538,4,15.556570889674807,20.223355870327506,4,3,0
9386,3,80.40844273278552,18.826518424730768,6,1,0
4318,4,132.67724240511927,1.2448288896692805,6,3,0
9604,5,223.99026233410092,7.212923618186118,8,2,1
4144,7,23.597879711781804,7.313982773358322,6,0,0
4669,5,54.46552798085475,14.530947738547138,3,1,0
1236,5,17.7016972861893,5.342799153820887,4,5,0
5476,1,46.463481835869196,0.0,4,3,0
9836,1,31.78656344171295,0.0,9,3,1
1856,6,35.73189048100402,9.946277861523637,6,0,0
2282,3,23.65006177740886,15.959193504521137,4,3,0
8693,4,41.41153865205956,8.846238680246042,2,4,0
9320,5,22.51645345458086,6.883530194846902,8,0,0
4093,2,17.506533875790666,10.782937875157632,8,3,0
7061,4,45.05384614001888,7.682127078707129,4,2,0
5200,1,114.47147414818085,3.715138616262154,5,1,0
6401,4,57.669680240526716,13.460689588483538,2,4,0
9929,3,247.06057082498128,8.21394737926963,7,3,1
3421,8,37.87160916867659,25.715879639644406,3,0,0
9269,2,77.59087354483319,11.412630339071661,2,3,0
386,2,59.41920833864904,20.852720754431452,7,5,0
8548,5,125.8615638597653,12.317003896604488,6,0,0
1628,4,39.79984066915298,10.635773853925505,4,1,0
3585,4,23.965117801793347,15.392644549008844,8,3,0
7412,3,57.20333375283979,11.279458985330956,4,1,0
2714,3,33.67163739784862,8.517646206621269,7,2,0
7171,3,88.0046690864335,14.72781420678115,9,2,0
8435,2,47.55705047459318,17.559170569496747,4,2,0
9321,4,58.05777846016214,30.0,2,0,0
5659,2,8.770259441480901,11.278478706683662,6,0,0
3189,2,16.837080417703266,15.114244346990407,4,2,0
9968,3,72.38148708446836,6.949079028636753,9,5,1
4305,5,98.19849241692623,11.870866148400264,6,0,0
909,2,22.0745221900985,7.338849709913155,7,0,0
5385,1,56.82891175082671,6.7269407197116,7,2,0
1996,3,27.140347575280106,5.126361934027566,6,0,0
1866,5,39.3678461717679,4.076983286261399,7,3,0
1842,3,35.4628184042041,12.752717339163556,4,2,0
2497,2,39.318645735363404,14.460870436177892,4,2,0
201,7,35.67617791477276,8.023032540113528,5,0,0
7905,5,74.58866211807764,6.982190667930316,5,2,0
7724,2,34.343032393305975,15.023307728756834,7,2,0
5054,4,129.75732551487428,23.91530158849838,7,4,0
5889,2,34.02598185415495,8.302330428439173,10,0,0
4006,3,36.53723949398244,5.193557208651969,5,1,0
9901,7,12.734775917611037,0.0,4,5,1
2702,5,18.486603739794962,2.6125738622041155,4,3,0
3449,4,62.59803943393805,10.213654166089363,5,2,0
331,3,136.62802659388745,9.044613911523498,5,0,0
7139,3,32.955541354702916,10.516636770628793,5,1,0
8960,3,46.7745060073311,11.028767715578741,3,2,0
9819,5,97.52083788381235,5.813954409872173,7,3,1
7176,3,39.317205164958565,20.24298805760055,3,2,0
2459,5,65.39414989626674,9.079142585926999,4,1,0
1774,4,80.64996450194813,19.90530554582111,6,2,0
6628,4,25.47614384260635,18.490622338916694,2,0,0
7596,6,29.475862373603498,10.221591421484273,4,0,0
7986,2,68.15852466605381,24.76405612925189,3,2,0
2686,3,27.56541474923536,9.036711834798465,2,2,0
9147,3,46.59251151521609,8.075840302013923,6,0,0
989,1,159.11118845531146,10.41297249724823,5,1,0
9046,4,24.57243278638826,10.399337597633924,5,3,0
8348,6,30.099305525596247,13.859040006206262,4,1,0
8875,4,45.8031994014933,18.548583543681552,6,0,0
8550,5,69.36028740974403,12.017024326525377,6,2,0
5806,3,34.132231802809095,0.0,5,2,0
8733,5,42.95836223775315,5.541644021891771,6,0,0
8697,4,102.06152706095166,1.8962619884312328,5,1,0
6574,1,25.028633786386802,7.004862205411479,6,2,0
3052,6,32.65512637683248,19.67307780247333,3,2,0
8637,2,72.53214216159647,8.838013829000396,3,2,0
5462,5,45.47570730161987,0.05162754280182291,10,2,0
173,8,68.31296452127329,10.555277162871537,6,3,0
4954,4,28.793562055875835,13.10485507086685,2,1,0
4615,3,25.245556687173895,11.062051090195823,4,1,0
3321,2,21.29265946696223,10.985599811142292,7,2,0
7065,5,82.7523875259111,13.007320114740516,5,1,0
6246,1,17.37042951292958,21.983720270744527,7,0,0
6745,2,44.12622783896012,16.989374297686737,6,1,0
3372,4,135.31281836052258,11.650190377870155,4,3,0
6048,3,126.97434122422443,0.0,5,0,0
3311,5,41.74144518276371,17.81305666387894,4,3,0
7416,6,62.0403267130855,17.61703763787235,5,0,0
7293,2,77.90511234820826,9.189335737450001,7,0,0
7584,9,51.24497783684531,3.340762834582568,4,1,0
9377,3,21.362621349994274,2.697670982466926,9,1,0
8811,4,43.27428499866896,9.1627428302935,3,0,0
8160,2,106.33251113497928,9.2467428778669,4,1,0
4679,8,61.53690961939115,8.986727295833996,5,1,0
3403,4,40.25800162172967,16.164317387464333,7,4,0
18,3,71.77134604696003,19.9749127317276,3,1,0
3691,7,211.90421379605365,18.235889465554404,7,0,0
8654,4,36.496236943952404,6.059806059487657,2,1,0
4096,5,83.36035718692445,16.484320484263886,7,2,0
3628,2,11.409114127915023,10.476961203294461,4,0,0
8862,3,61.61399091777348,18.152802180326145,4,3,0
2174,3,65.67589209676751,7.9101846722679685,3,2,0
1356,5,59.09543350633277,12.75106758379302,5,2,0
5002,5,64.8394983608633,7.853391390805919,2,0,0
7391,1,48.26343581967891,19.76994422515298,8,4,0
6922,4,19.09607507240491,19.420647057671143,3,1,0
5823,2,19.468132234296164,21.528647123792982,9,1,0
9502,8,66.45475984594258,4.516091942679831,6,4,1
5670,4,119.01664508754229,9.835525813418135,3,3,0
3112,4,48.23967494340242,10.820948851609376,3,1,0
182,6,26.148066077250277,12.695840708008053,4,3,0
3642,5,77.36020979479078,16.00302041129341,3,2,0
8857,2,67.49373522511652,12.206326120004157,10,2,0
1812,3,68.03382674888073,9.23819400008339,4,0,0
7875,3,29.859420387894108,14.052056447758355,3,1,0
8497,4,23.664919271943248,1.0147560003358098,6,1,0
4912,4,83.27759712530506,2.9109427468028493,4,1,0
5668,2,29.198391302450855,0.10454698965181031,3,3,0
8542,3,22.109274021948437,27.56308764483755,5,1,0
1800,5,18.157416244029537,0.5338113508515789,2,1,0
9251,2,23.960749414131765,20.636957856832204,4,3,0
2429,5,55.68569718446401,19.520594775784325,7,2,0
5482,6,52.76936703005058,23.296371051249164,11,3,0
6761,3,133.60755777390196,10.857983740382155,7,2,0
9839,3,51.51945140441957,12.831843243193806,3,2,1
9635,7,57.008705842136024,8.152265101417902,8,4,1
1968,5,44.186228781938105,10.716866289746907,7,1,0
8339,5,31.16062339635467,5.334818515993941,3,1,0
8141,4,43.51866254884503,9.983709015597535,3,3,0
7696,5,110.36685828672253,26.557831745177,3,2,0
7541,3,307.2634043712269,9.59711508137993,4,1,0
4987,3,30.52925636021563,8.395064418185612,6,2,0
9756,5,55.28075493144489,8.402373355867386,14,4,1
4650,2,41.304079436414796,16.613613804796532,9,0,0
1159,7,240.59795268362828,13.680520945990377,4,1,0
1213,4,22.293851682353182,0.0,7,1,0
7336,5,41.065607505095116,14.850010315902594,5,3,0
1325,4,39.760819147373795,13.059493198361693,4,0,0
7512,4,95.02929169907404,15.626656962258252,6,0,0
7580,1,29.752876980716795,1.658581174275838,5,4,0
4796,3,66.95395553817792,18.033371457722172,6,0,0
6796,3,53.66918538465993,26.002479210066937,4,1,0
5808,6,22.6951399235458,21.98905221517984,6,2,0
5943,5,12.942393553081324,10.701294250606665,6,0,0
9283,2,65.408948650356,6.812120138258997,6,2,0
8144,3,36.89815545690248,13.16996508277896,5,1,0
1455,3,81.56951695408839,13.289610911135002,3,1,0
5410,3,20.239955216053477,9.394147428892815,5,1,0
7129,4,29.969629023650356,8.381497373839935,4,0,0
8892,2,66.12908682313338,17.144134880394247,3,0,0
4962,5,50.641103556953574,15.003559390616815,4,4,0
2800,1,43.676979343666396,22.431230671245885,8,1,0
1644,2,16.900073027011707,5.121657101858612,6,1,0
2140,4,19.286438550358053,9.590003137261183,5,2,0
4536,1,47.04553756208683,14.182432383953149,2,4,0
4457,5,94.89049827113358,16.310265923195946,3,2,0
8951,6,120.67765446183095,3.3768957839421976,5,2,0
5586,3,28.08112485141413,1.1829715354111858,6,1,0
4378,1,35.59246175906072,15.110094235211747,8,0,0
729,1,58.500718571055984,3.2325988425742587,3,2,0
4357,1,61.621886160130416,7.374188816732122,9,2,0
7748,2,85.39503589018952,24.82062278854309,4,0,0
6716,4,21.232124181694005,17.99401886778304,5,2,0
1936,6,36.10639930865621,8.217650075140153,3,3,0
3793,1,24.28013559806784,15.569020835114422,3,2,0
3736,2,44.70763271094564,13.467832082045044,11,2,0
2261,4,20.43299152456581,23.506615549327343,9,1,0
4005,2,51.90625858136684,7.341229493130264,6,0,0
1110,3,18.858870197830182,10.427574556212623,6,0,0
9028,1,41.181938972791684,6.092653982006972,4,1,0
5480,3,113.98517654709907,21.84591931983922,7,2,0
2998,2,24.895254657845868,12.932263890795467,3,0,0
2394,4,24.383356507633287,9.511980933099558,6,1,0
1185,6,18.323338463181283,14.054177968362257,6,3,0
2007,3,47.19190749069312,5.968548428616051,5,0,0
193,1,36.056979609988225,12.31772891482281,6,4,0
5611,4,379.5373188358074,15.310683967655773,3,0,0
2901,6,33.50265268448184,14.25135336527979,3,1,0
578,3,25.04354691352837,6.940945950946393,5,0,0
6219,3,28.240174313000345,12.981113627442658,5,1,0
5525,4,32.92360557023962,7.644149340130244,3,1,0
771,3,28.160749117595614,18.30884165444784,5,1,0
7839,5,29.709377976828126,6.4104778426063,5,4,0
2395,2,45.27053236666783,15.649889774804876,5,0,0
1478,4,139.7207657557536,6.791978056806009,6,2,0
1846,3,37.46321303843433,15.965515690038346,6,1,0
9108,8,63.46545917255408,10.658719900172567,7,1,0
4274,3,96.28454338641897,7.486113742476756,8,2,0
3740,3,31.94124997637535,1.0165058852440776,6,1,0
4600,2,70.76579422624295,13.996052977388441,5,3,0
8087,5,50.106075004437834,2.482600023445915,7,1,0
8710,6,5.0,21.355371394003036,7,1,0
6676,2,30.397900238592918,3.5236174219432534,6,1,0
6375,3,50.095749460262894,16.094620528159876,2,2,0
8124,7,36.82455108385024,14.547017871410912,2,1,0
9538,3,63.91335565230349,16.920968232184823,6,2,1
4915,5,77.30280047753969,21.99897164869758,5,2,0
2073,5,39.84793258717082,0.0,5,3,0
4754,1,16.925810039054557,6.684245847423178,8,1,0
1896,4,109.03688478093852,15.895934293588397,7,2,0
8552,3,18.91776960251009,9.22206209331525,4,2,0
6702,1,57.01023425856872,2.222030035794056,6,1,0
6317,5,134.44712019528475,8.628027042289485,5,1,0
3659,5,130.89459410219897,10.098210996405813,7,1,0
6581,3,60.00548877117716,0.0,1,0,0
2379,3,48.91388523107217,15.590738836831939,6,3,0
1447,2,74.50413196861778,5.324361706856963,4,0,0
342,6,77.13215699175042,3.4430569424615793,6,1,0
5127,6,81.2106669160355,13.430520285724358,4,1,0
3136,4,35.125556249985785,3.7766125378264253,8,5,0
2527,2,43.0870771322572,14.475650224756027,8,1,0
727,3,19.236169266771867,19.417078946816876,6,2,0
4577,3,12.509900516812774,18.361927285809763,9,0,0
976,2,38.21862417937275,0.6730352895070393,5,1,0
8391,2,100.71874667856486,15.761220756033115,4,3,0
5443,1,40.448567871754825,15.379803692685625,8,2,0
9034,3,51.0052060420339,19.968003865773866,5,3,0
3516,2,51.70561938682137,16.763947063691525,5,0,0
7975,2,139.79867854041828,11.31570485835721,3,2,0
9787,6,75.70392565161103,7.503252764049451,7,3,1
3940,2,43.62353709171231,10.914547876117284,4,1,0
1299,3,61.21942327578552,9.469878889402931,7,2,0
9764,3,27.015914244518395,5.905844791125306,9,5,1
1348,2,58.54012763691879,14.06470546154508,6,1,0
660,1,58.903202846252036,18.3374009947184,7,1,0
5886,3,14.707023339511599,27.70639063792405,7,0,0
1492,2,74.04050251953356,19.604877521209872,2,4,0
9946,4,233.66196733830688,2.6710776911326253,4,6,1
4589,5,103.54051295032934,8.891125108665564,10,1,0
8530,3,29.48202376941813,12.482452608483618,5,1,0
5154,5,23.511677073105584,10.449353867755896,6,1,0
2315,8,52.72511918959597,17.177532640320656,3,2,0
9614,6,38.08365044971747,0.9722529744146513,8,1,1
9577,3,106.40593201215687,11.307341835186717,10,2,1
7024,5,48.35898356819692,15.53642870686457,3,0,0
1085,3,20.378070555808346,14.281669660659091,4,2,0
2524,2,43.623831332631234,11.255182589832765,4,2,0
8968,3,44.78007623172447,16.643363904021697,8,1,0
5374,5,42.039079715161876,5.041749195548269,5,2,0
3198,4,35.36250459597306,10.728747739757832,2,1,0
5751,4,66.3342471912264,2.374119299947253,4,0,0
4008,6,11.988945321960818,5.602052976733884,6,0,0
5717,3,39.53449442594828,11.29991158432151,6,1,0
6657,3,59.14250282214864,8.278845179042117,6,0,0
9357,1,67.1918592181508,11.78584187956277,9,0,0
8790,2,90.95741937570841,10.29729778413676,7,1,0
67,2,12.977831578496861,4.542362266543704,6,1,0
7923,2,18.886182944345258,14.73909154270165,7,0,0
40,2,19.645430122732982,17.303753608163294,4,3,0
2269,4,35.91808400605842,18.00479528935322,5,2,0
2381,4,26.733057346288565,18.875756631055218,6,1,0
7341,3,92.41244102597216,11.241294827686117,2,1,0
9961,4,83.33810155970912,17.27589492804498,12,4,1
4916,3,42.58535651946557,18.417785812970134,3,1,0
5322,1,47.44626754595149,16.634649568760405,4,2,0
5773,4,40.445116533747154,11.373352488624354,2,0,0
6232,4,44.26360082879304,7.1541361372937615,5,1,0
6963,4,74.6724366188703,6.741516954537769,5,2,0
3447,3,59.817636753405296,17.110906899405656,3,2,0
6816,5,27.854743809388157,17.74123208431123,9,2,0
2367,5,38.11972761727825,6.665407498718628,8,2,0
7981,2,11.845275244926793,3.107057697183526,6,1,0
8166,4,17.0261625698801,22.448671207142375,4,3,0
2512,4,55.86359111160005,14.764352711860058,6,1,0
9619,4,89.85124502046862,0.0,11,3,1
2723,5,55.431834644403274,4.158100317686823,3,1,0
5948,4,35.13198895687628,0.0,7,1,0
9185,3,29.93961083852968,0.0,7,0,0
9004,2,40.87254009883049,7.76834538486323,5,3,0
1143,3,38.64038530225302,6.973448438350629,4,1,0
9736,5,108.57581742457069,3.6831742209269325,7,3,1
7222,4,44.77446359567339,16.567470495978434,6,1,0
8292,2,86.78061117633209,10.735364323928597,6,0,0
9220,1,44.71817087474013,7.501354228335224,6,0,0
4728,5,32.535274312563764,19.565389523808882,4,2,0
5494,4,9.324981697533055,0.0,7,3,0
5755,5,17.450830745571512,9.256054078502945,6,1,0
7562,3,41.58075765233668,10.187289356212746,2,0,0
3789,1,26.29972696979619,17.82806221362616,5,1,0
2220,5,33.04666956424882,2.8346785973379216,6,1,0
5075,6,75.22367188570189,17.117214568616298,8,0,0
2331,6,17.69293907755552,15.804622561565191,4,2,0
5394,2,43.22282287287751,2.7143228683292,6,1,0
7439,3,36.767721094979876,27.525808421230515,5,1,0
8067,4,16.91809922233732,13.900961468246399,11,2,0
7090,3,73.49397880062236,8.182428973044246,6,1,0
9336,6,40.2913153041372,12.806741555947843,7,1,0
4088,3,40.12251857281881,27.325729699856705,4,1,0
1967,1,57.58776783998828,13.368063457031269,7,2,0
9363,6,16.865354246287612,0.0,9,1,0
9796,3,48.20014789830583,1.9132039707766655,4,4,1
6757,3,38.27775725426207,4.680597387111951,5,2,0
9586,6,153.77628337862507,11.01592623181303,9,3,1
4365,3,75.15580316995892,22.359332937832754,5,3,0
6999,5,39.821680381322025,2.3667195066987805,2,0,0
423,5,35.69825786570698,13.949316885416668,4,2,0
280,3,56.79993060411139,4.116633976800743,3,2,0
1904,4,18.335277993168248,15.616979393936392,4,2,0
595,3,65.67418457308632,13.96874507627539,9,0,0
8579,2,74.67047843606841,13.018281453049456,3,1,0
3917,1,33.512733761171404,10.488319827923512,3,1,0
6142,4,27.201454133505024,7.428594301333726,4,0,0
5661,6,65.21615999132285,20.969994663773356,6,3,0
5778,3,5.993863512868787,0.0,6,0,0
3618,5,136.85860090883952,16.861629054421613,6,0,0
6845,7,28.749314896406297,9.012807214887111,10,2,0
839,1,27.696559324858836,7.866364189865146,3,1,0
4596,5,116.3173781359754,9.557777542050747,6,3,0
7496,5,52.76627726710761,8.610762080854913,6,2,0
141,3,31.67945450666301,9.564809674593715,4,1,0
2597,1,40.84530172428895,22.151628568729514,5,2,0
6701,4,133.84315562172662,12.371062443732429,7,0,0
7756,4,113.44187351123166,7.7832656404968015,3,2,0
1377,3,20.6907205109328,19.216134461305476,6,1,0
3674,3,7.577958719123632,4.266542661656782,7,2,0
8770,3,17.9001210915486,12.103121791797692,4,0,0
9895,6,56.148627353855524,5.395699101647629,9,5,1
6362,7,82.3840546815919,8.89424106814637,4,0,0
4741,4,54.886177248064435,5.910247720622621,4,1,0
3808,3,95.24154645963043,13.90028067489759,5,0,0
1138,3,34.544116378571644,10.585415889427562,4,0,0
2257,5,39.3368534326582,6.561151661837535,4,1,0
7865,1,35.164436686157266,14.541523463494544,4,0,0
1787,3,29.846626454945213,12.541674379830848,6,2,0
3938,3,34.958358179246126,10.42194480794444,8,3,0
9316,1,40.17646449842026,13.70034341835288,5,2,0
4646,6,40.76294372863283,10.807182229340814,1,2,0
459,4,20.489842156857573,19.41767563714285,5,3,0
6115,3,38.371130836871025,19.554103465090336,3,1,0
9542,8,109.59592298562323,0.0,5,2,1
948,6,54.788683976935545,2.7148013654864727,1,0,0
3700,3,24.11948615906441,8.16860709052084,6,3,0
1336,2,15.149828848416133,0.0,6,2,0
6370,3,54.458508988662466,19.72231023406924,7,0,0
4628,4,40.91853085968701,6.002244283837347,5,4,0
6286,7,21.167739474832402,18.16513355074556,5,6,0
5925,3,97.33514852256744,6.888829525211318,6,2,0
5934,5,136.96907513062763,24.036752681567126,10,3,0
6040,2,36.5853301419278,8.485318529646577,7,4,0
441,10,34.795201095093944,6.62095867431185,8,1,0
6659,4,109.84338115128834,20.9225942439551,5,3,0
1602,4,30.887109959974484,17.21626481900336,3,0,0
2238,4,77.96242450322826,8.105597725607918,7,0,0
639,6,23.781472260806048,2.383880860192212,4,0,0
9820,6,33.78881174264182,13.752926212390967,9,2,1
3830,4,72.31747185191772,11.616477358413151,5,0,0
9395,4,57.39852488368587,2.64795368859693,5,0,0
6144,3,79.61507152889331,11.8926713499655,4,2,0
7985,3,33.45779711313313,13.990003480313245,10,2,0
9052,3,32.52650590130395,9.069557762484067,5,2,0
6344,2,38.824587692752715,6.482668058025421,7,1,0
2501,5,172.43704856978462,15.631812273636353,8,1,0
1958,3,17.85572390642532,9.374540174146553,7,1,0
1070,2,23.929169198640786,11.169807005569808,3,3,0
155,4,20.812614940329937,10.308627899044438,4,1,0
2295,5,28.05037233101783,10.244894642220235,4,2,0
9801,4,32.200944411736856,3.9060229554435297,6,2,1
4578,3,31.98911403718115,24.784524881688135,4,3,0
1089,2,87.53416347912977,14.874293528444033,5,2,0
6049,2,17.7099622761765,11.76584043968189,3,2,0
6415,2,54.06872287529497,19.70865909355957,6,1,0
2940,6,45.67424995222336,17.626321762580417,5,3,0
723,3,16.05594226982287,20.42722535426579,4,1,0
4384,5,20.623960591927,4.727946604879561,4,2,0
930,1,100.80859765358848,13.687259223603196,6,2,0
2909,5,6.507997790613636,4.691103142552073,6,1,0
7845,6,107.6471733041319,17.912992832083205,4,2,0
6763,5,20.92948743216651,22.082937120567916,3,1,0
8388,4,18.990422321089245,15.618667969240835,4,0,0
6416,3,90.52919874070312,0.0,4,1,0
895,1,43.70751278501388,20.45580335817022,5,1,0
3247,1,56.26910320898832,7.592199268797126,2,4,0
2326,6,62.789296263331714,15.478009137555766,8,3,0
7096,2,61.65372223959465,21.393766163116155,3,0,0
9505,6,59.61176825534426,7.705338427162463,2,2,1
7581,4,14.851121972115658,18.704644396700278,3,3,0
9742,2,95.1586187949785,10.499918635929014,8,4,1
5038,6,46.21116668510276,12.440108245440127,5,0,0
6450,4,55.68782346632035,16.22782319169786,5,1,0
4136,4,110.08362401956506,7.5969690589736825,4,1,0
9248,5,32.2306595545981,0.0,4,0,0
1715,2,18.290523235492127,17.7190636922219,7,0,0
1698,2,28.941830539545727,20.26256085453921,10,0,0
9690,3,119.1751544151485,7.30494082842667,10,3,1
9549,4,46.86727831751227,2.756843797263452,5,4,1
9971,3,112.3308085098345,9.85110804566536,10,4,1
8224,1,46.67463099320955,10.24523753601229,4,2,0
3831,6,245.6563544087761,15.18916868221146,4,1,0
6299,5,57.35352052235497,5.790330122534804,5,2,0
3348,3,39.555791660159045,15.432458868893864,5,2,0
9518,4,23.52719334610154,10.833206695680508,8,2,1
985,1,19.848136024825127,16.39258742488814,7,0,0
1821,6,18.135114953568443,4.67242583280082,7,0,0
4571,3,20.00141970090202,15.521602208272144,7,3,0
587,2,40.39258142304803,21.273019159403333,8,3,0
9757,4,87.2816704964563,10.747944723318621,9,1,1
5077,1,29.30186082328823,17.36054894538642,3,1,0
7782,4,38.56475049544703,12.23724942534402,3,1,0
8323,5,19.727094030104134,14.96651398508805,7,0,0
9522,2,41.59042861744733,10.022995365046317,6,1,1
9967,4,65.84509455919999,13.949283539190429,7,3,1
5483,4,26.699366732476587,9.863132841677665,5,0,0
7746,5,34.48169492786963,7.734295740695186,5,0,0
9280,6,32.90498142767739,17.817677637912453,6,2,0
5514,4,163.19689024075967,6.25318962740943,2,1,0
9527,11,65.47874333481367,0.22737599794241437,3,2,1
8871,3,40.29934538763256,16.13431693937748,5,2,0
5553,4,120.14477285038832,8.064160140303512,4,1,0
3557,4,48.92748336689521,0.7936251907327723,6,3,0
1395,3,47.51689106404901,16.444651411500352,7,2,0
264,2,44.83378282745166,8.30571230276908,5,0,0
3547,2,58.76533761449837,11.299399780794776,6,3,0
6844,4,69.91760501523402,20.810089091106164,5,2,0
7628,2,21.093662064966125,13.296216653989847,2,1,0
6788,3,64.13613565272449,12.887174796344208,7,3,0
3069,4,33.20405518485686,13.470693436256074,2,1,0
5025,4,105.84930230185984,18.280514050336684,5,1,0
8396,5,35.993205883570646,11.365035751899413,5,0,0
3864,1,37.27996355050006,7.820506165237901,3,2,0
9072,5,80.09050292908586,8.716114991344202,4,2,0
2400,4,18.20404105111672,6.384762131704841,6,3,0
6274,1,90.7061526307786,10.68119915393203,6,2,0
8484,1,22.53016994435804,13.786744874275112,4,1,0
3711,5,17.966102670563686,17.22067763755346,2,3,0
246,3,93.78765812371608,4.7160396436374725,4,2,0
1594,4,104.1076115750695,11.903506373911503,1,0,0
9682,3,167.13272645792418,10.876195619247298,6,2,1
1529,3,23.676142129667504,12.109365758128407,3,1,0
8223,3,30.781959123893976,9.648572621757495,3,3,0
923,4,30.44637234517656,18.74794695372996,3,3,0
7553,3,60.756767710519775,14.81855796215396,8,3,0
4364,4,21.847300062807303,8.346111270819241,4,1,0
669,3,32.35380011594499,0.12708482420916312,3,0,0
3604,4,19.5549388384055,8.863728752716275,8,0,0
5108,5,38.02880299360695,23.13305915411134,3,0,0
1910,6,34.08362402876574,14.256776762988263,11,1,0
8344,3,14.411688062622908,0.03818052342704803,4,2,0
5248,4,41.290635984824405,9.851818046469639,1,1,0
7183,5,51.81957466467822,15.910059498714862,3,0,0
3958,3,33.240714883892544,0.1516708212198452,2,1,0
6957,2,57.81515514066847,4.946046241775337,4,1,0
6026,5,47.390154788215334,6.857993599460217,2,1,0
5643,4,96.44611470142696,22.00562681014833,4,2,0
2696,5,71.18370167875182,22.29807038817041,6,1,0
2591,1,67.97244244624557,11.356644345912839,6,2,0
5906,7,44.64169258326225,14.636102173551405,8,0,0
1781,2,63.95467762139978,8.092461906227975,3,1,0
6509,5,120.33333902880372,14.119016601215405,4,0,0
3013,3,27.456775426223214,14.780446877829139,4,1,0
7133,2,34.50940202946515,6.92202550952384,2,2,0
2307,4,22.673096356013765,3.577668827748953,3,3,0
7276,3,38.75720941144744,20.920474944931712,7,4,0
3690,3,24.581409415640973,11.154902989348725,7,2,0
687,2,84.90468314144604,0.0,9,2,0
6011,5,45.664742440225744,14.271480934427789,4,0,0
7071,4,31.66836209040072,12.988943311154307,3,0,0
612,3,54.961262733382206,15.900399045814464,3,4,0
7167,4,31.930057230559434,7.451589037271175,5,1,0
9205,2,29.973663187721797,8.528850744377213,4,0,0
3200,2,68.38429034788976,0.0,7,2,0
2267,6,36.81483748644936,20.85708263852395,8,3,0
9781,2,65.1671642366254,11.312925354064518,5,2,1
6629,2,17.161887232791322,16.93987653967181,3,2,0
4135,2,75.19959091977904,15.545535985710378,5,3,0
1898,3,73.81136557919453,11.986757495597878,7,3,0
9530,4,123.26543946765312,11.966049085147528,7,2,1
8153,3,60.978504580510375,13.08720272895819,4,0,0
258,4,57.98891450221135,16.64054026901794,4,1,0
2924,1,27.58146772864766,4.568478385943371,4,1,0
9424,5,35.91239782101812,15.799812472140289,4,0,0
4943,6,45.726508418597014,13.917906026675997,5,2,0
2822,4,53.765032001253516,18.083118974562687,7,1,0
6529,5,18.728060027170287,11.790421492088504,5,1,0
3339,5,24.541143685486205,10.46999597616494,6,0,0
3525,4,58.71929818902564,17.284046914633205,4,3,0
4563,4,62.507680961465304,21.552436428296083,7,0,0
9656,3,110.34316873669832,5.448328252911064,7,8,1
7908,5,16.13321086301613,6.872506310097005,3,0,0
5329,3,13.247890838515604,16.11984561120304,9,2,0
5223,3,18.604005483304476,15.619192498281066,2,3,0
2285,2,60.145643854669764,11.215454626094996,9,1,0
6063,2,42.251946849576804,5.466020219736452,7,3,0
4654,3,30.538399830802373,0.8635049819512215,7,0,0
5000,3,67.88440980466859,9.951240312009,4,2,0
6710,3,57.61653927269588,26.23195203014032,7,0,0
9324,3,22.854419726724963,10.008052375958858,4,0,0
484,4,47.035892555207134,15.971661861886954,7,1,0
2211,9,23.57098663410579,9.158859432208189,5,1,0
5416,1,37.31036759511634,3.001320275878653,3,3,0
7563,3,67.5194428442884,8.063167873759001,5,1,0
2555,4,45.57594155579974,14.045409787175078,5,1,0
7,3,111.74486411536893,2.450767674273269,4,3,0
3657,2,87.13864350763303,0.0,3,1,0
6411,5,37.123279025559995,22.5551107306505,5,2,0
9164,5,71.17358294013694,2.7242915793460085,3,2,0
4874,4,34.47986160851766,13.544497852456146,4,4,0
4402,4,16.905405750914355,18.255123925859934,10,2,0
8916,7,48.28326248503413,17.361721492046613,5,2,0
5546,2,28.933108227613808,21.225694641741285,7,1,0
5297,4,56.179568461352495,13.53429047928679,6,1,0
2426,5,167.11958146037804,9.65601437129456,8,1,0
6744,3,22.251353664349264,4.393802963198688,4,1,0
1814,3,22.1176498334428,0.27293591010353957,8,3,0
6822,5,107.71017870702995,6.004000965395241,4,0,0
9625,6,144.1187174970742,5.952759720377947,10,4,1
2274,2,93.10191893148907,5.066612875501143,7,1,0
1011,1,83.21036892427944,20.141620430173326,5,0,0
1577,4,45.66464481728044,10.215773072508414,6,1,0
7264,2,83.37206010484212,22.25709188176576,3,2,0
1067,5,32.84914783933561,8.514301329142242,4,2,0
1991,6,89.24956740529086,0.0,4,3,0
3970,4,163.31163384765838,6.996941481623961,2,2,0
9073,6,8.611890870704936,16.617649345404846,5,1,0
5879,6,45.001679513036954,2.4978659051488528,6,3,0
8430,4,56.22536615404352,22.622219360155057,4,5,0
4542,3,8.178944299044094,18.38653917340528,6,1,0
9326,2,81.43972177865493,18.649234993637126,4,1,0
7193,2,24.28219705463868,21.075592574738153,8,1,0
3867,1,28.940536210496294,0.0,6,0,0
9415,3,37.42255902526654,11.545793149155308,8,0,0
6823,3,23.00448576763667,9.617154490443586,6,1,0
3048,3,21.836011462071156,9.283827759775479,5,3,0
781,2,36.83403244589155,9.97461565530373,5,3,0
6747,6,36.134401233763256,8.724176446368315,9,2,0
2675,4,56.73640477071482,11.45618418302817,6,1,0
1749,1,12.447005973974052,22.09830143612982,3,2,0
6222,3,35.589369768146284,13.591736783792905,7,1,0
7946,5,93.0576426342752,15.272676657020359,5,1,0
2791,4,65.5915938038419,6.399459253945862,4,1,0
6519,2,52.1674959236312,7.6442790223270904,4,4,0
5774,7,32.71904270208786,0.0,7,2,0
6357,3,56.2152669964708,10.0498955786564,3,4,0
4979,2,20.954082614484598,8.704862809172127,7,0,0
7588,4,35.47747733284174,18.012666398845333,5,1,0
1091,4,21.659210626672156,10.739660921823743,8,0,0
6526,3,49.44939170464649,10.143570738115772,4,2,0
9607,4,90.42166302732451,7.199850043430738,5,1,1
4627,3,69.49565556678938,8.650585656361963,6,1,0
2324,3,41.44120926194994,3.6416136513998367,5,2,0
6534,2,33.11284125353546,0.0,6,1,0
8971,4,143.6955329296084,4.412043308991025,7,2,0
5055,3,44.11086331846204,18.542803759483363,5,1,0
2608,7,94.27912154788228,8.174693386534415,5,3,0
9020,2,8.687895137990777,10.392114685637988,4,4,0
2290,5,44.68053426325682,8.997023595390843,6,2,0
1727,3,21.156382689944202,9.108298869745553,4,2,0
610,5,19.72731248111306,15.319600082634587,7,3,0
4666,3,30.28467948699345,13.84976767321268,1,2,0
8051,1,47.1079570123625,8.849504551100157,3,2,0
5413,3,50.98375920867404,13.210251823373792,2,1,0
343,1,31.236886828459976,7.200309285623774,7,2,0
4683,3,52.242079991716444,11.96649975963593,6,2,0
8784,2,43.27156206681791,18.776090181804925,2,2,0
3750,3,86.80083352029459,8.863589387049167,5,0,0
8453,3,68.19155839119817,6.114936778489148,3,1,0
9307,3,47.39174783925689,14.678758016176563,5,1,0
5999,3,38.71366038713137,11.551164061976726,3,1,0
3215,5,64.82349490434167,14.75419951266676,4,1,0
97,6,31.435830347381497,12.740256281349348,4,3,0
7387,6,33.70754700944078,0.05202452644393318,2,5,0
7665,4,52.22966751389971,13.253402434848603,4,5,0
5176,5,21.893332349953763,6.524560434258809,3,2,0
7279,5,26.566975542714253,9.287181630313574,4,1,0
6165,3,46.56792673368354,8.489920790203236,3,0,0
1537,4,47.003415177100806,14.60116324146657,8,0,0
3588,5,49.232183480177156,1.2345046558076298,5,0,0
9442,4,91.50941193293387,16.939837719639588,5,0,0
6985,3,17.92279079317112,0.0,7,3,0
3648,5,91.10756003906472,24.4674928427453,7,1,0
2657,3,45.8255036588149,12.74699456371934,8,2,0
9826,4,33.296226326876884,0.0,6,1,1
1517,3,42.70476856556382,2.307618784098441,5,0,0
5061,3,26.54630497780352,0.026843251677375335,3,2,0
9349,3,70.79398630195246,8.953492381106841,3,0,0
4624,4,57.32440401831499,5.097625075210655,5,2,0
4272,1,88.50176918867292,18.141907643823135,2,3,0
3669,6,62.43088516709035,8.54082806828846,3,1,0
6566,2,51.1513118857728,7.00016672915195,2,1,0
5800,4,15.08534811133868,11.74480362702557,5,2,0
2090,3,49.19991536793022,21.92232229335098,7,2,0
7097,4,45.865601900367324,16.53446913259244,3,2,0
6171,6,24.76327870819502,18.161044921250372,2,1,0
572,3,22.314367783131136,10.277631039941744,7,0,0
9558,5,92.1631617248427,0.0,13,3,1
4688,2,12.49905091149827,19.948453908938113,8,3,0
9074,3,30.527115985069344,8.459985190841568,7,1,0
3062,7,28.097489583668875,25.34616466684998,5,1,0
9293,4,76.0500891326521,15.022016544698358,4,2,0
6470,5,24.902731136977998,0.0,3,0,0
7160,3,40.86681781317113,11.545067475560332,5,1,0
6633,3,27.287196988160858,14.768266383256602,4,1,0
8491,3,71.43415234881336,3.614996679789021,8,3,0
7925,2,92.56628214351083,7.694861276181398,6,1,0
7345,5,30.624242808198048,13.603830216430321,5,1,0
6304,8,10.145635634627096,7.118015212617439,7,4,0
7900,2,147.9518985806415,19.74783326185443,4,0,0
9439,4,31.135906929036228,2.943530898072666,6,3,0
8185,2,44.87396049600769,4.795622459544571,8,1,0
4479,3,19.16000844952775,10.77750374042886,3,0,0
4948,4,46.849623356297826,14.462099399036164,3,1,0
5976,3,9.72876360416462,8.86233033789738,6,0,0
370,3,31.750978074141926,4.728869122199402,3,0,0
1938,3,23.421914821405988,14.371061784839847,5,1,0
2352,3,49.09073417932019,0.0,7,2,0
7127,3,162.48339116861882,23.58081641698404,10,0,0
1753,2,182.25677253339614,6.795194145767449,3,1,0
3670,5,59.907405772181924,0.25613821865894515,5,0,0
7298,3,94.92894359075827,20.823089511007787,6,3,0
3652,3,99.42694964020427,26.578520741948683,7,0,0
5201,1,44.11660510329155,18.88031447623339,4,1,0
7909,1,60.110026934864926,15.072242093369162,1,5,0
2361,7,60.21628359097323,27.733331512725652,4,1,0
4260,4,86.99215529800745,6.702341699196811,4,2,0
5432,6,32.87570523152205,2.328366855158217,1,2,0
6285,2,128.00191669268307,14.71338468375955,9,1,0
4991,6,176.78223443821875,7.458153248565401,7,1,0
7600,3,43.34652430800829,0.20067626833367846,6,2,0
9462,5,63.49162636787999,21.790992505106455,6,1,0
3737,2,70.79522281619259,22.980856524305715,6,3,0
7520,5,70.5802049544829,18.229420071745622,3,3,0
8559,2,31.01166129472662,21.718963465368553,4,0,0
8926,5,64.37797163083775,10.024043457186048,9,1,0
9990,6,141.1474138650294,13.711177942718264,5,4,1
5591,1,28.307238473790854,15.825908711965258,7,2,0
1171,1,35.111547779168674,5.652254091205474,2,0,0
7370,2,26.307361401085178,15.90972515558948,8,4,0
7937,2,47.35214219273372,9.520970924526654,2,1,0
8086,5,165.06575581646862,5.720312731706976,3,3,0
1422,4,38.48389624205264,9.72831850943644,9,0,0
6782,4,125.568554699575,19.833615982342664,8,1,0
9443,3,13.845807700161474,0.0,3,0,0
8139,5,99.0358833258373,18.81237543668786,2,3,0
9350,3,25.91362807020754,4.800980438081196,7,1,0
8018,7,19.82495769229614,18.986899002399127,3,1,0
6339,1,36.24175558521918,26.630444399252262,13,4,0
9647,4,47.02278060742019,11.716965879881299,6,3,1
874,2,26.53387357785429,11.520739179248054,6,0,0
2297,6,50.057971032169704,4.4042794127227065,4,3,0
2643,3,21.421179216198883,15.062186469456586,4,1,0
7531,2,36.30988031536318,0.0,3,3,0
1719,4,10.43714711939203,14.626255013345673,5,1,0
5347,5,84.86382388360015,6.0439562849436586,8,0,0
5932,3,62.00009989468941,12.288932001075024,1,2,0
840,5,18.52268402851654,16.13608447084321,3,2,0
9937,7,127.26528826249834,7.567840391448783,3,3,1
581,1,25.013280356563946,24.879641514048423,6,2,0
204,3,31.58361126785463,12.560411374713905,3,2,0
1641,5,12.864802864702403,14.978905287873285,4,1,0
2014,3,29.967670702294996,12.389364726627177,7,0,0
3253,3,64.7851436512237,13.451996041372817,6,1,0
7540,4,24.99211263321396,28.261346516538527,4,2,0
905,4,76.62872092429376,5.197011842692233,2,0,0
631,1,50.41921089862069,20.69695919095407,2,1,0
8420,3,88.61793926064972,9.839437436016372,5,2,0
7823,1,26.720773782188704,19.81680298141243,7,2,0
1974,5,70.15417387388422,4.76389210300771,4,0,0
162,5,48.444580658754944,2.4274939548976153,6,2,0
4998,2,69.88879184265978,14.740873067382708,2,3,0
1243,2,28.55912846344343,13.661446295597184,5,0,0
9450,5,75.61249557760372,17.063713432980034,4,5,0
7764,2,69.39770906170088,7.031339379336985,2,1,0
4713,5,46.95846801697177,6.660111346459794,7,0,0
875,2,87.42217439602292,18.442796319567986,4,2,0
1431,7,43.09127290660706,18.111409646105685,3,2,0
8738,3,82.34423866167232,12.650230162267766,4,2,0
6868,2,52.79503410589758,3.637424385197301,4,1,0
4643,3,24.890561411970715,4.474672532257529,4,0,0
5080,3,23.505346800869123,8.716325470275185,2,0,0
5783,4,35.28254786553336,14.523639245461462,2,0,0
9138,3,86.776399294178,8.349351770384295,4,0,0
7616,8,103.2060429772425,5.141224813524756,8,1,0
8039,2,46.338917144239936,9.082357799556458,5,0,0
7955,1,111.12513193150589,18.148446324118645,4,1,0
9437,4,128.61920686664197,19.007686414185592,3,1,0
2856,3,29.259006219750653,6.373334575907407,3,4,0
1861,3,109.44495636793258,5.424793455505659,4,2,0
2659,2,21.31426385356392,20.124055447210438,7,2,0
3384,1,69.6352786714764,9.52989592105537,6,2,0
9564,6,96.74263969344452,9.296457301231493,4,1,1
9776,4,62.928195068121106,0.1070857655824966,7,3,1
8090,4,53.16716919815789,12.232986021357735,2,0,0
8347,1,13.865630933516009,6.33177945893824,7,1,0
7462,3,28.087987931728033,18.640174129560855,2,1,0
6886,4,61.954464971915634,15.510384386153145,4,1,0
4733,3,61.30707039190914,6.176375814807363,8,3,0
3331,2,58.438721805262446,12.69915429978771,5,0,0
9006,3,22.709565862676673,23.94804515458503,4,2,0
8635,2,33.567271961314624,3.666043365764997,6,1,0
6404,2,36.541433728390025,16.04796311945612,4,3,0
8346,3,45.39622620526503,15.927730412623134,3,3,0
9464,4,65.89698654918003,27.13200398589293,6,3,0
7060,1,25.42211435744481,9.590616604708273,3,1,0
2096,5,63.084695704949375,8.4154013362852,7,1,0
2003,6,32.53686909608698,16.908439466013547,2,1,0
8804,6,30.379269414777056,4.89401255154244,9,3,0
9732,6,140.46779886887043,2.8985704526210574,3,1,1
4676,2,19.462304734224286,8.12194510799799,8,1,0
5017,5,19.910308945395215,21.404448203717507,4,1,0
7469,3,45.2639447491798,20.50115796213599,3,2,0
546,3,25.41770760809614,8.766925744837582,8,0,0
1449,4,36.02794380847304,8.768589402769218,6,1,0
3986,1,37.066451720898364,14.29160781843506,3,0,0
6900,4,37.739689461534724,5.6298819682939625,5,2,0
2610,1,16.011143989848353,15.39684140278368,6,1,0
1900,4,61.988179081581094,5.407560747748237,3,2,0
3920,3,68.25004291563509,16.281159740431303,3,2,0
2757,4,11.595474292085784,6.737388701479257,3,3,0
6124,3,75.56381035767338,14.661254219032225,3,5,0
6397,5,42.04281144180101,7.8414610875062465,3,1,0
1885,7,22.74673421063178,4.746679837906651,4,2,0
9823,5,53.436311895214644,4.831930355723459,3,1,1
5738,2,53.01112258778132,14.300067676852878,6,1,0
8667,2,28.933388633384194,14.32928482761201,6,1,0
5890,2,99.31231438792476,10.168838504460009,4,1,0
2097,4,40.23454514561875,8.762401347476859,2,0,0
9289,3,88.88395345183919,10.558928475857035,3,2,0
5692,1,20.982306793081396,7.852294927208387,6,0,0
499,3,46.11960932440791,24.522678480079872,5,2,0
5624,3,62.771947158968175,13.138665876461944,6,2,0
836,5,44.6956040601835,12.678649397193839,4,1,0
3471,6,30.070713809985975,5.478714874471873,7,0,0
4697,1,73.0969767603668,8.25114887576727,5,1,0
6280,1,51.49318532051146,27.066822190446764,4,1,0
8883,3,15.885982375283406,15.069623361847752,6,3,0
2171,3,13.240232735288584,1.2167035519054146,6,1,0
9231,1,40.92430648651064,5.22018163546576,6,2,0
5678,5,80.49855023705301,16.743349002048134,7,4,0
9184,3,104.03117400724557,5.339884688181595,8,4,0
398,3,48.54005313196867,0.0,4,3,0
2010,6,19.894873708783386,15.197351198608715,7,2,0
5166,2,48.75654933617662,11.861229955400207,6,2,0
5871,3,60.8263887547942,29.235762433063062,2,2,0
9792,4,80.29215052741583,16.959715192035414,11,3,1
1283,4,30.735073564786035,7.640328506694951,8,2,0
8390,2,61.78097516705832,23.685575357458042,3,1,0
2448,2,26.35799768036429,8.821391111698052,4,2,0
4256,5,33.11427692312798,3.9054988446939465,7,2,0
1836,6,33.7989759890859,24.89701943742501,3,2,0
9596,5,92.59039946941303,0.0,6,4,1
1019,5,43.27939141971756,2.682792595667605,6,2,0
5066,3,94.03458476919917,8.580493407977517,5,1,0
1326,2,56.8941027576894,5.525026209023556,8,1,0
8752,5,75.62893921904733,6.176600840808584,5,3,0
475,7,46.16928101365841,14.641908707354823,3,1,0
2810,3,38.998198735379304,30.0,6,1,0
8632,2,15.851900643564322,17.60810329869389,4,5,0
1651,1,91.57512670683506,11.756522115330046,5,2,0
9611,8,59.18642331870163,13.527164432481174,9,3,1
1169,5,74.43622916797638,27.313996010850772,7,1,0
2528,3,37.01658171401149,8.791790173681921,4,1,0
1206,2,46.02577985311831,15.736491854394488,4,0,0
6256,2,60.05368520149538,5.6915108596270825,4,2,0
7926,4,45.867768427436246,0.0,6,0,0
5469,3,75.33409479221302,10.494787391746462,3,1,0
9383,4,48.908234519533984,0.3436433379415451,4,3,0
431,5,21.422730069829893,6.2937427900189125,1,2,0
7700,2,103.9032775742188,6.126162474340013,5,3,0
867,6,43.769668974649335,6.21806317970592,8,0,0
2974,1,77.27261708236225,13.424140007023176,5,0,0
5236,3,97.98048682698662,13.087440375581743,6,3,0
5093,3,19.585758475150367,8.830068661373058,10,1,0
5433,2,14.17610170089929,9.137025949271194,1,0,0
541,2,46.46639189309118,16.27873427870701,5,1,0
5195,2,60.26381941223958,11.768960224023736,4,2,0
1132,1,79.93657360474657,19.38760078579866,5,1,0
9837,4,12.69256612637068,5.852074004329428,6,3,1
4501,5,50.3933792613384,22.576295173234488,4,3,0
6354,3,91.84922221652694,9.20597824967189,5,1,0
9333,2,62.70268982763555,8.359200410022801,4,3,0
3390,4,73.15331237461436,6.493385700865707,8,0,0
3888,2,115.80985826488343,15.136137117651533,2,2,0
2962,3,88.11466529548876,15.997661810167566,4,1,0
4155,2,22.652677813796004,24.969972844571046,5,0,0
3259,2,106.87400746680737,17.310546047442507,5,1,0
6302,5,70.0029537922172,10.253367080825708,1,1,0
6034,3,118.77523082580207,3.208241416230843,6,1,0
7918,4,135.86255216573326,5.564120919383954,2,0,0
9936,10,103.72771324863798,10.390550552602527,11,2,1
2583,2,72.64654962660941,17.114863896260026,4,4,0
2813,4,89.28699172510069,14.172981018448235,6,2,0
3959,2,20.21188593915225,13.162684020468863,4,3,0
2947,3,155.97243935793105,24.49444156237898,5,2,0
6643,5,41.571691495388656,2.3845607941528186,5,2,0
5174,4,29.137352863583256,25.507516087903213,9,1,0
6841,6,28.292197256690024,14.16960200682271,7,1,0
8298,5,26.6188642585048,14.366779654841746,2,2,0
3586,2,115.05928900123985,11.24439181869613,4,1,0
9228,1,87.67287901317165,9.024795097859442,6,1,0
7988,4,26.85865717309737,21.507899717047678,3,2,0
2563,2,48.80796912518234,14.874910509431835,3,1,0
2630,2,48.49627054259718,13.20683687249107,5,2,0
3190,3,40.16659777467058,19.05810277739254,2,2,0
7778,2,52.795477501633954,1.8520848250697703,3,0,0
7645,5,26.034524617468144,8.180674555509878,4,0,0
5036,3,54.12682334782929,22.000628857999903,4,1,0
1080,8,16.67893890815952,7.818829587220051,2,0,0
4283,3,16.46723045363818,19.409025984450462,6,2,0
9711,5,96.74764937389456,0.0,9,3,1
7085,2,37.08128363606543,7.6300088510986335,3,1,0
2085,1,110.45228127017346,15.136167684223796,7,0,0
6345,4,11.814831298035529,5.571592364990426,6,1,0
2452,4,81.86373042549282,6.961709460203603,5,1,0
4966,1,10.15141869424855,22.338345843070172,3,3,0
2023,2,51.553958133944775,18.784778921694194,9,3,0
8071,5,46.156614729643316,15.15833499256242,5,0,0
8987,7,37.0396669643564,15.524500223139126,2,0,0
8718,3,28.107434071349765,0.0,2,2,0
7321,1,35.98783165242376,9.576152245146577,4,1,0
226,5,67.17595193867376,0.0,2,2,0
1013,2,38.030572106543275,8.437205504720012,3,1,0
6679,4,35.31228395285536,5.9192125181970745,4,2,0
1929,3,48.05909939382127,19.52598146842485,5,4,0
1043,3,67.10186550414925,9.880914980155746,7,2,0
5251,4,106.06449480642115,13.466266282357495,3,1,0
1404,3,28.97162443757299,0.0,7,0,0
2179,2,75.868825360374,16.32922604080739,1,1,0
697,8,12.79544314308281,1.036425294882271,4,1,0
1124,3,19.3593620895739,8.330079198652196,1,0,0
7378,3,77.85394816077871,16.829912763643904,6,0,0
3895,3,91.23955379773288,19.358891715501155,10,2,0
8217,4,184.24604154625206,8.800203280163112,4,2,0
5110,2,34.517791850091804,3.769334630684778,4,0,0
1778,2,66.00541017583893,5.750565071505607,5,1,0
7786,4,22.511042346746198,2.695156405025216,4,2,0
2634,5,26.368837972479238,4.1365976695824065,3,2,0
7187,4,24.486909947692045,25.405527812484365,6,0,0
7544,5,134.95521691270824,9.600717157130406,9,2,0
7604,6,41.67675605701734,17.375996525601824,6,2,0
3489,3,20.205828758380157,12.218705174451943,2,3,0
8259,2,46.08586131344832,4.191097531665335,3,0,0
1037,2,26.616569095128973,1.3924761560447099,3,3,0
6093,5,13.55120669910557,0.7048096752929229,5,2,0
2256,4,95.40779053302744,11.869472168686116,4,1,0
8188,5,47.96906398806473,8.16895339425523,6,2,0
2613,1,87.78075825256387,22.898648972109697,6,0,0
313,1,83.06775901999163,7.558997341547193,5,2,0
2649,2,41.10893778602448,16.875048283523817,4,2,0
2281,3,46.43226796969299,6.054872597163585,7,0,0
6741,3,27.970515028221126,14.23555499978158,6,1,0
2979,6,82.70628349430449,14.999810309651032,6,0,0
2547,2,38.95407511856971,19.94008313618118,4,2,0
5512,2,59.83064416815222,5.764130091548107,2,0,0
5132,2,67.56291286821285,16.398625914496677,4,1,0
2159,5,28.09000902202799,8.791820093986722,9,1,0
7080,3,85.21950155226784,17.195787573394657,4,1,0
3137,6,45.426932853805624,0.0,4,0,0
9079,3,23.96741581812991,4.319921163978595,5,7,0
5850,5,108.0141509803646,15.174573047676393,4,1,0
9865,5,64.02571635733608,11.718818724895502,6,4,1
6445,4,78.26999426215424,26.247812697218023,5,2,0
3967,5,61.52562551309747,0.0,7,1,0
1428,2,26.12345807059835,0.0,7,0,0
8422,5,57.553547946592765,30.0,5,3,0
2520,1,25.303065629513707,3.280771328804658,2,1,0
7837,4,58.238614927143736,18.6693291735727,4,0,0
4969,2,35.47172218273411,23.78164980674868,11,1,0
1855,3,138.434273739424,6.776744122830596,6,1,0
8884,2,20.361871290763084,12.013087815750692,3,1,0
5602,7,86.65739293764993,7.983713917152022,8,5,0
9344,3,53.01814309959907,14.888948516035097,4,3,0
9868,6,39.3631325771513,4.503438157567684,8,4,1
448,4,58.491059654494,15.022896047508464,6,0,0
7703,3,15.883663456748703,7.611519705848266,5,0,0
1284,1,34.5038746350307,2.376313767441795,3,1,0
5995,3,29.356480899722754,4.349894632444284,4,2,0
7899,5,35.979447568699285,9.840152904024979,5,1,0
3727,5,106.14490198428966,12.075728328611284,5,0,0
7353,1,28.893778082922616,13.920275253641817,5,0,0
361,4,83.69101189498522,8.268206986591494,8,3,0
6279,1,26.167432951148534,7.998994793899627,4,1,0
5230,2,125.21160527010099,15.352526318488732,5,0,0
8942,4,72.05868759278754,16.8260842824307,7,1,0
7295,2,151.1971133002362,13.447701888662406,4,2,0
8891,4,27.54760750173689,11.16923292719789,7,2,0
7534,3,41.859610975161985,16.46489580138684,6,1,0
6251,5,91.64004181710555,2.1252275534025546,4,0,0
5926,1,21.57454345079742,13.922720572129633,4,1,0
5149,5,31.362369738271504,4.85819309252948,4,1,0
2460,5,65.28860038331612,14.193173780013725,8,3,0
22,6,47.942695336723084,14.569813535026881,8,2,0
2066,3,34.03556559954266,6.552359938819937,4,2,0
1653,2,25.58686174532086,20.548840306244045,4,2,0
702,5,48.76215165834283,10.147436309511853,4,4,0
8490,6,45.874431582629086,6.2800508391406265,5,1,0
2743,3,126.82714653170554,11.738008735219204,6,5,0
1376,4,205.56190704274943,13.261331441456424,4,4,0
1724,2,18.993735227982388,16.213885273881587,2,1,0
2468,1,15.765337993290549,11.54383184172443,9,0,0
3754,3,101.10764752368736,8.415258496477424,6,4,0
2325,4,87.92994886949752,12.148899785883208,5,2,0
460,4,21.47892492343099,13.509601298187428,4,0,0
5163,3,17.808575316671533,29.117672320240448,4,1,0
4183,5,28.007064060937637,27.53446387695727,5,2,0
5526,2,31.83818498544963,17.814362616621565,4,1,0
4082,4,22.045549858922097,9.663807324773515,5,5,0
1486,4,39.53644064010898,9.199498688521706,5,1,0
3678,2,41.060921328537574,13.139052535684304,5,3,0
282,5,79.83494890144063,21.37057875476488,5,4,0
6579,6,29.715078728735346,15.386869472013188,7,2,0
4558,6,33.94610967401678,13.939011286227222,11,1,0
4308,4,20.430865751959637,7.536760807101341,5,1,0
6684,3,62.7882375260387,13.985131970227965,5,1,0
4865,3,49.65407996986812,7.777841441361151,5,2,0
3537,3,35.1755358664792,16.00270631201721,7,1,0
3868,3,70.11948069494005,10.45256173180414,4,0,0
7003,1,24.75740735516496,12.068905895530316,9,3,0
2581,3,98.68373810522402,3.9949054524294354,5,2,0
1368,3,18.906630999361656,14.302340492150032,5,1,0
9469,4,44.74167152618734,13.97230488008672,8,0,0
8197,3,28.393021503142425,5.065263863906289,3,2,0
597,3,10.8773114499963,17.973568263419576,5,1,0
4351,4,67.22474689371819,17.22082508708244,5,0,0
6346,3,28.180007079019113,9.945253317783827,2,2,0
8976,5,20.495524805836087,10.162177701575832,2,1,0
6379,8,41.010409271037354,10.873032238015611,5,1,0
4758,3,13.572038720218186,5.479738910662415,6,3,0
646,2,41.0582068381939,0.05907170723461874,3,1,0
6381,3,11.232470367691636,18.03383708927884,4,0,0
7527,2,27.45567113024321,26.459073421521154,4,2,0
9697,8,46.85989603509715,5.3845795223565,8,5,1
6023,4,36.605868729730176,3.9938094839051637,2,3,0
7954,4,81.74137734606398,24.392816832142053,5,2,0
7165,2,49.19624650997441,17.191177911643347,7,1,0
3468,5,177.41402717643814,14.183018074363194,6,4,0
7797,2,37.91260767363943,13.072411102486651,2,2,0
7697,2,69.97306622722702,11.530398171979577,7,1,0
2990,4,28.074437378259645,15.720291981561985,3,2,0
9407,3,18.31813387980218,6.490922212886552,10,0,0
4875,4,22.088577622130728,5.632423616246564,4,3,0
2544,5,150.2795693829516,11.464650960998412,8,1,0
8595,4,33.629641293391906,22.942522315088546,7,2,0
5341,3,86.72003420058904,14.322924862197508,10,2,0
1567,2,306.01909952732626,20.609475851760337,6,1,0
9994,7,28.684409741200895,2.5388565107634546,8,3,1
4066,2,39.30897321619172,9.115942297295685,3,0,0
3988,6,59.54150856723041,9.909183188326892,8,2,0
7031,3,58.93669367309611,21.444507595986487,5,4,0
2160,3,10.416157853011244,5.2130068189663215,6,0,0
685,4,56.17572190129237,11.670859738272693,6,1,0
7602,1,32.921325226547694,19.375403848905812,4,2,0
7784,2,52.14310248037567,30.0,7,4,0
3243,2,130.28888087525888,17.471486505234164,6,1,0
5844,2,104.37317342707848,6.905424896339422,8,1,0
9219,1,211.2139193952348,17.629825212373163,8,2,0
2461,2,27.142392530991057,17.084863014258552,6,0,0
4083,3,51.08256499316905,17.98450005287073,8,1,0
2837,6,31.89178046893507,19.41315279534123,4,1,0
3697,3,48.19175016745797,8.790883833059901,5,2,0
7128,4,16.435274000240064,9.948921589083824,7,2,0
6267,4,45.305258945517664,19.50046783714567,5,0,0
4941,4,34.511191563717,0.0,3,3,0
5946,3,44.88050432056086,13.568390774854937,4,2,0
4583,5,123.41687964289788,4.312479254939122,3,3,0
5784,5,29.675469991304002,16.040532306607428,5,1,0
4040,3,104.52562792630614,9.443435396933232,3,1,0
2230,8,15.06116738559446,11.022116444121705,8,0,0
7569,4,23.536477260790253,0.0,3,1,0
935,3,87.16854949684587,0.0,5,0,0
2320,3,65.87024631663598,22.934867154643328,5,2,0
4878,5,38.023306776086315,0.0,6,0,0
521,4,37.10341409265597,1.712413478742942,4,0,0
522,5,121.48699531234843,11.35547216760567,1,0,0
5345,4,68.15042143426662,10.57219199854194,14,2,0
9876,11,13.21987932294526,0.19262478996011723,2,3,1
3359,5,74.36469709097193,9.168410401147156,4,2,0
1311,4,33.42978812832918,20.79384626445541,4,3,0
3983,2,23.474926245698644,17.21089724116447,4,0,0
6494,1,11.075289034348202,12.310856080307554,6,2,0
9560,8,67.38286105147401,6.091777764027608,6,6,1
1716,6,90.328592878448,17.496030512585452,8,0,0
780,9,38.711658998033975,20.388523764615314,3,0,0
8798,7,10.45217084672184,13.65197346689242,4,0,0
8231,3,29.540052454241962,15.419931121529231,2,0,0
5607,2,99.51098443676017,1.3419158548389891,4,1,0
5978,5,67.32709314239037,15.261425919000402,7,0,0
651,1,102.10387111598429,13.6854282390908,6,2,0
3747,4,157.73295048124137,7.255989027764549,10,3,0
2196,5,54.01964889678387,19.829474320625334,5,2,0
8418,8,46.5243481280008,8.00156248573417,2,2,0
369,4,75.16110530451171,5.953570542431935,3,1,0
9884,11,51.58252251621162,0.0,5,0,1
8005,3,14.759680763362574,13.209870249946096,6,1,0
4214,3,90.13267612188267,9.954849055929092,7,1,0
377,3,41.94566923541581,1.928311606871624,3,0,0
9446,4,27.437237104350146,8.85967819344843,5,2,0
2216,1,47.4316561343068,4.0872030700725865,6,3,0
8682,2,119.64910642804054,9.788269338767094,8,3,0
1613,2,102.28773939851209,18.19314565473547,4,1,0
6979,3,54.01860114857424,16.941031571375614,5,0,0
7549,4,10.551809314085734,10.201900796487896,6,2,0
1827,3,59.42179939955888,5.825757036029639,5,1,0
3632,5,33.352342825609725,14.7075919630905,2,1,0
962,5,64.76277506633338,10.896343330078869,11,2,0
2993,5,17.43679397688714,7.605118835301959,4,0,0
6606,2,121.6793723556517,15.518300148726379,2,2,0
9672,5,107.5430658483449,0.0,7,1,1
2376,1,39.500014233946686,4.7313323022092835,7,0,0
8880,2,20.19235478670724,4.7064268676207135,4,1,0
359,2,19.364955864346037,7.200535278048332,4,0,0
3839,4,40.45759011936504,9.161117056088688,6,0,0
8184,4,152.25329586566716,22.2458108414533,5,1,0
1246,2,13.859270403046244,8.512389241007158,10,0,0
7504,3,54.7706996779748,20.283790137790657,4,2,0
8349,6,102.95696394377748,7.468767999151999,4,0,0
6511,2,75.5715340179502,9.976207363820027,10,2,0
5087,4,77.1386933026536,0.8889677221168526,4,1,0
3694,2,85.0680609796936,9.877424299761051,7,1,0
1573,4,33.896465852864175,21.095455751073402,6,2,0
6281,2,43.15030746231573,15.569286577122886,5,1,0
5439,3,32.20268481204487,10.297209286904522,5,5,0
2567,4,74.94092121455488,9.961118130680369,5,1,0
3423,2,95.1026226053183,26.983431052712778,2,3,0
2037,2,40.01054733147667,13.183559584977072,6,2,0
9243,1,51.49583948196068,15.361715280766408,6,0,0
772,3,49.0467022449435,0.27982104990690004,3,3,0
5380,2,156.2065511442606,6.051556859644614,5,1,0
9568,4,37.1740259701224,7.294106368729734,9,2,1
3562,3,43.24080834837576,15.09973646461545,4,2,0
562,7,64.29545805150144,10.631716733488473,3,0,0
6683,2,32.62415495573994,20.421546750829883,3,0,0
2546,2,85.5520048406036,6.1084798757000796,6,0,0
5510,3,108.09767431717705,12.417456003561625,3,2,0
5330,3,44.460230565017426,13.648134786295238,4,2,0
9667,6,145.03914555027745,10.275762651255068,7,1,1
4531,3,65.83258506490552,0.0,5,1,0
1674,6,34.60484818836226,22.67728615144408,5,2,0
7395,2,26.281330717950556,8.095856443450495,6,1,0
365,2,35.0876297938817,6.980460991462657,6,0,0
8016,3,64.52782953618544,1.8582838639470864,6,3,0
9376,3,52.26972907657872,14.678139940852097,10,1,0
4327,4,85.46884862787164,11.065973511249629,8,3,0
9983,5,36.151786399693414,4.0866742601412955,9,2,1
147,2,40.3716376175748,22.141326390868045,3,1,0
1668,5,126.47314981485601,3.4225382580554573,7,0,0
3088,3,24.541799286010225,12.91758312615722,4,3,0
8844,3,48.56445873030836,16.92077399383122,2,1,0
7650,4,63.97687210204109,21.411806307955786,5,0,0
407,5,44.61532942122358,0.11805894314895404,2,1,0
9584,3,93.01943241281658,2.3375478170062856,2,3,1
7788,4,26.1396083121955,11.967972168724309,5,1,0
3456,2,26.545150482757162,26.45719438145199,7,0,0
6186,2,22.47482575237772,9.678483646951573,6,1,0
4182,2,17.057559696604333,9.862308429230538,1,0,0
3576,3,54.839859400590974,16.088164062471122,2,2,0
3271,2,45.11785403661531,14.36206030599293,3,2,0
4940,3,42.913712082988575,9.06542315290546,11,1,0
1031,2,79.41745346673807,17.60078642956214,5,3,0
8872,5,40.71050488299237,5.0710097354923676,4,2,0
6230,1,76.15731660255771,4.451404661292383,6,1,0
6592,3,93.19964037919046,6.893436635182878,6,3,0
8906,6,69.54189612881132,4.210520748621787,3,1,0
9811,5,256.92109317190557,6.877155511645002,7,2,1
6724,5,50.44287443626034,17.544405845243855,4,1,0
8029,1,39.766581798121976,20.753061462912974,3,1,0
8052,1,58.44271518831724,7.51972193148798,12,1,0
855,6,96.49835404842509,11.960456632361478,10,0,0
3926,5,9.29305642019939,23.578728624179515,5,3,0
8547,6,80.32663181714244,20.337423210064934,7,2,0
78,2,40.535544571793565,7.589412065063103,3,0,0
7088,3,33.603247816759,4.457921166639992,6,3,0
2247,5,157.9112227763513,15.390471911754526,6,1,0
8263,1,70.15648666913249,13.045684392096788,5,0,0
4026,3,29.584501593150392,15.634822744009172,7,1,0
9949,2,44.41761904795096,16.11900994299612,8,4,1
9571,4,425.8278342986416,8.037625712609945,9,6,1
9295,6,50.882700023241455,11.722106174310637,5,2,0
714,6,56.167150993386656,11.795502691367496,4,1,0
7451,4,48.93048006178341,13.892709551450132,3,2,0
788,6,36.517637061417666,8.636772376378657,6,2,0
2279,4,82.36849982454925,14.517990969483574,4,1,0
4095,3,120.16951467542293,1.2499068817538745,7,2,0
3897,5,71.21425489219395,16.560377593243043,4,0,0
7944,2,17.96265029850936,6.239948560416136,2,0,0
7177,2,83.58311437659567,14.074579751105142,4,0,0
9076,3,57.45057791016529,23.71586444104372,1,0,0
9452,3,158.1873224510358,13.077987328377622,2,1,0
3631,6,52.129011466721416,20.328757542306292,4,4,0
8624,2,58.611718539775225,20.156423475394185,3,1,0
7297,1,11.972053755520289,0.0,7,4,0
6272,2,35.49071397474948,5.872741636304926,3,5,0
424,7,110.96643379389953,9.174328784136756,4,1,0
392,5,22.996869719472578,10.600600768265359,6,1,0
3191,2,105.96701874566656,15.08436363028173,4,2,0
16,2,114.4915535972248,20.07363642635401,6,1,0
6335,2,53.91204087205158,12.146513016401897,6,1,0
4200,5,31.772101159717636,26.47155818880065,3,0,0
2672,5,13.60727373093806,9.442800382178445,5,2,0
2444,9,54.48223048803109,15.83005218573469,4,3,0
6697,2,50.26555232228388,11.915124384984294,2,4,0
6164,5,68.55516261879463,0.8479849137967062,6,2,0
2601,2,148.16912142791014,13.389592492158277,6,1,0
3493,4,39.70581396583377,16.786061051434373,5,0,0
6044,4,75.2839966634514,17.97409269330305,5,0,0
1459,5,56.4960164987158,7.849902246418059,2,0,0
3804,1,68.23690686670675,3.3788680814006717,5,1,0
9845,3,800.0,3.283131875822443,11,3,1
7394,6,37.788849241465726,2.932941100341937,5,2,0
4839,4,37.93773444003856,6.832675657298388,8,2,0
8111,2,155.92272462474224,14.864196365535948,5,1,0
3835,1,25.009961717246483,21.465087517017352,8,2,0
9313,3,98.44411299429181,3.842323510076735,4,3,0
5683,6,5.247308474451198,9.415778964598811,3,1,0
8748,2,62.981978306789394,12.69026701485137,3,1,0
5827,1,54.83819108544393,13.768860961926858,5,0,0
9748,5,61.174448785797914,0.0,8,4,1
4724,6,26.00026482689192,7.078489459749637,3,2,0
8759,6,27.122170234818423,16.709650891647662,3,0,0
5887,2,91.77312633953578,21.812144035984566,5,0,0
2355,6,28.641556468216496,14.348055775984228,1,1,0
6036,4,45.762932112064455,5.865244529515598,4,2,0
4798,5,41.63757445797992,1.9466741686499027,5,2,0
2442,3,76.37990407175246,14.07913105241251,4,1,0
8645,2,15.779971870636134,7.725349126269482,2,3,0
4592,3,67.61659894503015,15.079228585693567,5,1,0
8772,3,86.08729412263638,11.764197921723154,4,0,0
464,2,41.76379563930438,10.95010987992622,9,3,0
163,2,46.15838385119474,7.071168563524401,5,0,0
9261,6,106.10118193111371,0.0,5,0,0
9433,6,110.22891079566544,13.503129949718842,4,4,0
8405,9,62.09406447513934,7.816785084338393,7,2,0
9777,3,70.41603659372679,14.497397546313639,7,3,1
9478,3,25.73412191808889,25.108577034988798,4,1,0
7380,3,30.725744647099052,13.395784940529117,5,2,0
6636,3,33.71329161026608,18.372827199859014,8,1,0
241,4,66.07161134997483,13.871118600362099,4,3,0
2009,5,97.24000161751387,11.608566906833211,7,0,0
6356,3,38.29625785116936,21.482805317441112,6,0,0
3084,3,39.600385003578005,8.6104808877841,4,3,0
6208,7,45.630463547006705,8.70421026472145,6,2,0
900,5,116.048674927105,11.154612080510821,3,2,0
5542,4,45.356261287074716,14.33227700296587,6,1,0
6007,4,15.430169438318112,11.00217503016384,3,3,0
7638,7,95.66292141401365,19.2674041338158,8,2,0
6793,4,81.44140904783252,9.110850813090181,4,2,0
8869,6,67.23718517801595,4.325270500835799,8,3,0
7758,2,70.30867251338452,22.26027485742926,5,3,0
4837,3,40.08624992404642,11.779172623825486,6,1,0
2293,4,35.924099682543435,10.481938324085988,5,0,0
6548,4,38.9557726062158,3.1250306975004065,2,0,0
7898,3,34.53691270927433,10.105367565564677,3,0,0
7977,3,14.255735599775704,15.119930667614994,6,4,0
4481,3,20.785202077273414,0.6935720123908986,4,0,0
5302,6,28.712997282226905,14.437770845917845,3,0,0
4605,3,66.49778090086278,7.881741148485878,6,2,0
3716,4,13.83189393911299,20.519213975001485,6,2,0
9071,4,74.12691323708499,7.820661644982435,4,3,0
6140,4,26.10822860601754,5.7500684247681875,5,1,0
1764,3,55.759688083506084,9.93596937256141,4,3,0
6598,5,37.88943844027045,12.136926414509887,5,2,0
1549,6,57.87446268097613,17.832732406077326,4,1,0
3029,1,113.12861133039236,10.723168243649809,5,1,0
8653,4,36.388861210531786,15.906686708830417,10,2,0
6298,5,57.53499736139106,15.961537206227867,5,2,0
6662,1,39.04034128421507,21.105698511991648,6,3,0
6626,3,117.27167763066956,28.188535385561,5,2,0
2044,2,23.477433550990927,10.018067033643119,4,4,0
767,2,80.03424830045046,14.914880799851847,5,1,0
5693,3,57.778970508565656,6.405127349105246,4,2,0
7870,3,79.71177139787065,19.87967724738184,8,1,0
7795,3,138.7024864980418,16.298840174859563,9,1,0
1508,2,51.9829892100561,18.717779624790353,6,1,0
7230,4,66.74585150412703,9.111965510148739,7,4,0
7857,4,56.735915220278834,9.54690837432244,7,1,0
3302,2,107.2366251023899,28.875017458626147,3,1,0
4517,3,85.72200132021828,1.9932931334734239,5,2,0
4219,3,14.67399679642467,14.56269769535849,3,2,0
9078,5,64.50196181920343,8.221694602979763,3,0,0
9940,6,40.05069526044984,11.851378639166253,5,1,1
3292,2,91.39139664100527,13.574130356070427,5,1,0
819,1,19.572088239039832,0.0,8,2,0
1403,3,21.702450923305545,20.793420759019817,4,0,0
1382,2,111.35529004833263,15.32405998943987,4,0,0
2148,2,83.86836122381715,14.444090897698846,9,2,0
6928,4,53.011542640678435,18.70946014972293,5,2,0
5671,4,10.203682636256126,11.083288072994103,7,2,0
1638,5,78.8047511417209,15.105787142711776,6,1,0
5891,2,88.64925126959695,14.114762140914477,5,1,0
7427,3,25.113754491316463,5.087125135706201,4,3,0
608,2,82.03472093525812,6.9169694238604995,5,0,0
6907,7,52.654260072292885,7.555349549803132,5,2,0
399,5,71.84311843986276,5.134466135855109,8,1,0
7247,7,9.482559664454861,16.15753964698943,5,1,0
6406,8,40.36933336969212,20.171670957883126,8,1,0
882,3,201.87353804134537,11.125846792917512,5,3,0
3565,3,86.39283339254523,17.61493793198731,4,4,0
4285,5,27.86504828988446,0.0,4,0,0
1179,5,58.779075061231154,16.379801319780753,11,2,0
5448,4,83.32042684667799,4.098845645582243,5,0,0
4244,6,38.12526780800347,30.0,8,1,0
5218,2,47.039079745958425,12.513800046728493,6,0,0
3976,5,96.00567912770154,6.325007011326919,7,0,0
2130,3,44.38160137748843,9.645600887815156,4,1,0
5078,4,27.650908419377892,7.3835244999566605,4,2,0
456,4,13.067371098250259,12.311495875320757,4,3,0
5582,7,29.387823627408462,13.183213231144638,5,1,0
5175,5,33.30734292301028,16.558244299973065,3,3,0
1950,3,60.23096260458573,1.8798893588655439,7,2,0
5372,3,39.15066359828461,13.234394287771119,9,1,0
689,3,37.60234783345951,20.091058332236297,6,1,0
8852,5,21.099942365666035,23.520613554589737,7,2,0
6525,7,33.57497149428854,15.214244511865077,8,2,0
9821,5,119.65112786928394,8.501686471827007,8,2,1
6488,3,108.01714629795856,10.621653660780982,4,1,0
6921,3,59.00070193825954,29.531542707245812,9,2,0
1953,7,85.43236774536759,4.103840698386991,5,0,0
7634,3,66.99809603281031,2.998316879531629,3,1,0
5636,4,27.63165510293894,0.0,4,1,0
7154,4,117.82183102227445,9.112373492434433,6,2,0
8424,4,83.71720232949042,4.875335219178739,5,1,0
6610,6,66.41386793349173,1.2286188925996981,7,3,0
2710,4,25.360189733471728,0.0,6,0,0
8730,4,236.53285180888253,7.4637991295597494,1,2,0
3201,7,18.714041599951482,19.171018637701774,4,1,0
4349,4,59.78839791881637,10.035500045975771,2,1,0
4138,1,34.289210339726594,7.09024913901998,6,0,0
1884,4,36.14533191131164,12.27178967614109,6,3,0
8639,4,26.200482871520656,7.867556993607377,8,1,0
4485,4,47.06577134482627,16.58831908157692,5,3,0
2494,2,55.5478232957162,19.749811804770147,8,1,0
5947,8,58.47714447342167,4.337363954659372,5,1,0
3036,4,61.86569803829036,6.351772459880719,2,2,0
5777,5,32.73972685005162,20.411776259665317,5,0,0
3603,4,65.81526935054825,5.428123930589455,6,1,0
845,2,25.03185072783114,21.550932732548915,8,4,0
542,1,25.32936391415584,18.722322035421957,6,1,0
3724,3,79.78346919798977,19.997091952277987,5,3,0
4187,3,38.48389852030936,16.516196316520805,6,1,0
3679,3,62.88336323083217,8.718247380770658,4,1,0
8899,3,62.552606931202675,16.73002299244051,3,1,0
7967,4,68.90192669690705,10.359074741714272,3,1,0
8485,1,53.58239718091941,10.733963792936596,7,1,0
6075,1,27.074382436869502,12.265110203284163,7,1,0
7340,2,18.66543987980116,12.463625207272903,4,2,0
8225,3,63.74223017911897,12.616554914864379,4,0,0
7246,3,21.095352189146844,9.340385488618487,5,3,0
9710,8,64.17270167977541,1.8743611507409392,15,2,1
8290,1,41.811678117965386,10.433314107272658,6,0,0
7137,1,53.44192779772363,5.73701744769818,8,1,0
2964,2,44.022418098177056,6.276013173300778,4,1,0
7559,6,66.83646266633664,11.286273603663995,4,3,0
2529,4,64.1265525776188,8.673026696277335,6,0,0
7284,2,32.53144107087089,19.62609873542602,2,2,0
5772,3,24.334465433890003,11.448891178235503,5,4,0
1048,5,9.938860799479524,0.0,5,1,0
7045,3,104.58784983838584,6.180092601545325,2,2,0
1960,5,68.55808450025806,9.586582992532467,9,0,0
2530,4,33.407052450955874,7.857017723886753,6,2,0
9048,4,24.73550059870827,11.983710787104126,4,1,0
7603,4,92.83904172049081,13.564137127917213,3,3,0
6524,4,17.2086625642816,0.0,2,1,0
237,3,55.74506043870281,17.526051874116984,8,0,0
4917,5,19.33739463652509,10.851041580783924,5,0,0
6479,5,66.10024989285976,22.48119016906788,7,2,0
1133,4,13.922212905174785,14.560874582038778,5,2,0
6976,3,60.740272602942945,26.89055216944798,5,4,0
5901,5,116.08077131869007,12.423332049131606,4,1,0
9057,3,102.31665543438199,7.1241127941434135,6,0,0
4259,1,33.424718202379744,8.202497533539667,5,0,0
8840,4,38.26278803010531,12.253644147309085,3,1,0
6965,5,43.40289351770122,9.486653851985897,6,1,0
9979,4,94.03373100364092,5.744243956340519,8,5,1
792,2,76.73764570192036,23.652071196325366,6,1,0
1985,6,46.06547234982595,5.538172309320766,6,1,0
5656,4,44.17664918833602,5.173878248389037,4,1,0
8739,5,41.38247837211574,9.626214729066104,5,1,0
7935,2,54.02082467583695,25.280098575339906,2,0,0
6097,8,12.580051750065502,4.391191296799747,5,0,0
5907,4,31.89623492520721,10.768681297922663,3,0,0
7373,5,48.57958479971719,0.6261237544270273,4,0,0
8128,2,14.002550494026003,13.208158783010099,5,0,0
2978,4,21.32765082625979,16.149995157613763,8,1,0
8861,1,30.131828204854017,9.79303123866099,6,1,0
9301,6,124.28355562265187,12.421594791004505,4,1,0
6721,2,23.176351308862422,14.109860472480978,5,3,0
7842,4,56.59315351339217,12.20103591354348,4,4,0
5524,4,70.06090506721927,23.459734588876774,9,5,0
8721,2,55.487181276943005,15.26460267157244,8,1,0
8431,2,43.89548418473671,19.887618896979085,3,1,0
9008,2,144.99692047074254,0.7481994688781715,3,3,0
8603,3,77.35146070591817,6.227653300943658,5,0,0
7174,4,16.543144672108443,5.783045312198502,4,2,0
3919,2,40.79389204351218,5.183664752431736,5,1,0
3138,3,52.19089421512329,16.281419887674968,5,0,0
9416,1,59.70183612118928,15.466574629034191,7,2,0
9933,4,31.420910366631677,6.911308430408585,8,3,1
5789,8,58.10229046498852,15.516957490813613,4,1,0
4073,6,31.084258943924972,20.142633974858413,6,2,0
3287,3,88.55840239471296,5.313745280596896,5,2,0
3229,2,56.97646230311541,11.252332703515902,6,1,0
1826,1,37.339674131060804,12.146522136255552,6,2,0
5548,6,186.7426557968884,20.295975301041242,2,1,0
593,3,33.588286331172164,13.978743040024876,9,1,0
2725,3,41.92087040238823,2.052579392592751,4,1,0
4137,4,47.708249617598376,7.798805882510344,5,1,0
560,3,23.698591320204585,12.592834109892806,6,1,0
7406,4,16.57399338876269,24.67831267492062,3,1,0
8806,4,21.321793653500848,21.283966902702794,9,2,0
8386,4,57.9501114269602,10.046663074343137,8,2,0
243,6,33.26129925270953,10.947175946018433,4,1,0
7268,7,36.8053297033674,15.785709763579323,4,1,0
5435,3,50.45648452804624,8.580018867886768,7,1,0
4437,2,52.756464001064224,1.5440537340176537,5,2,0
9684,5,147.38308274876218,3.7930306484863086,8,1,1
8106,6,48.84296839131721,8.282856990589934,5,1,0
405,2,27.699893693744446,10.08606501066609,6,3,0
1442,4,30.013532193496836,18.253376951545416,5,1,0
261,5,24.757085143905332,1.4688353127411098,4,2,0
4406,4,28.25247031838447,0.0,6,0,0
7633,5,13.2570395636516,20.794796334080893,4,2,0
9533,7,89.17907309418355,3.2160241869972968,8,3,1
1689,3,22.875458449050946,6.441180411584023,4,3,0
9866,3,32.08355565697608,8.373014734598511,10,5,1
1725,2,41.5468965579071,12.697556429859413,5,3,0
8994,3,61.319068582807645,8.693752339702462,4,0,0
4930,1,25.837031741030454,14.064133138983859,4,2,0
5962,3,97.98183129802422,12.805890678285493,5,1,0
2496,3,119.1089332879998,1.8314224646682664,5,2,0
9014,3,43.49120430458368,2.5506749375776945,7,2,0
6904,3,74.64495698336037,0.0,5,3,0
6106,4,61.12203708846528,0.0,7,1,0
8200,4,74.76617680360013,16.533093865463577,4,3,0
340,7,18.976100315694026,10.552429919931685,7,1,0
2408,5,29.582415108057607,18.16269232537515,4,3,0
1601,4,47.507213387807546,25.196346472611076,6,1,0
9864,2,39.09547626889327,0.0,6,1,1
8359,2,64.96339676973585,14.53149010900014,5,0,0
5782,3,83.6309749531638,20.303100444745226,6,1,0
4576,2,84.20257714614468,9.823557183534575,4,0,0
7971,5,71.34075048259922,18.640533951944494,6,3,0
3725,1,54.90439804527297,5.176442188316699,8,2,0
2556,2,30.51674025916779,12.307538660334615,9,3,0
2785,4,111.68313416651492,16.50372183914474,6,1,0
1523,3,99.69081089185829,15.651608515364702,6,3,0
7717,2,39.580741318224504,10.665130951235362,7,0,0
2507,3,22.727383486272505,13.772120199569448,8,1,0
2831,4,12.872461501581773,11.98925779288412,4,3,0
1012,1,28.436359212837413,7.244045692280026,6,1,0
5280,7,28.970880844241123,16.260127768154142,9,2,0
4895,1,55.233270586120305,10.343644840448132,3,1,0
1766,2,131.78494795570342,7.7649609487710185,5,0,0
4551,1,61.775253283198786,11.961434203628166,2,0,0
7121,3,23.286367743647077,14.525551169286658,3,1,0
6549,5,77.47400444749921,11.095819561200898,7,2,0
4037,4,117.93440657993686,21.1688865934438,7,1,0
8270,3,37.432198191334514,12.331482890255954,10,3,0
148,3,29.280416020260166,1.19044442693224,3,2,0
285,6,66.24771754888275,13.812566386267052,10,2,0
7800,2,43.212916752687676,9.113375340010776,3,2,0
9651,4,36.829072179653934,15.699871177567054,13,4,1
363,4,76.97007408887215,15.997856245469892,4,0,0
5367,5,19.407772064329826,13.004826976885074,4,5,0
9945,6,47.78241213097308,14.331282665893754,7,4,1
8410,5,46.40683468683463,4.245857372295051,3,2,0
9453,3,48.01361204376417,4.719071933170771,1,2,0
4725,5,36.53875012278862,15.946398406658375,6,1,0
7271,4,30.66268376955384,0.0,5,0,0
6770,2,85.47121521058403,3.696923923080874,6,1,0
4443,3,36.55675836326402,9.97102120474635,3,1,0
7446,3,29.095450903509878,18.52879085335326,7,1,0
236,1,24.489012956231008,14.125108893285887,2,3,0
7709,4,13.624926663350527,0.0,1,2,0
9585,5,38.70520176739241,1.5321545908653,6,3,1
2562,4,66.16922939855428,16.87228661146189,6,0,0
7123,3,80.7451891111062,0.45867903344731964,4,1,0
8536,2,21.240872943068563,20.06157522448074,5,0,0
9602,6,45.018498817261545,0.0,11,6,1
5519,1,128.1252039485305,11.975486877745665,4,4,0
9613,4,111.84672436328391,13.455383888779412,10,3,1
3083,7,44.751888148754325,15.47172191537083,3,1,0
2959,1,52.466475327957816,15.845219571967755,3,0,0
2102,2,30.456231871956568,17.707721607860197,4,1,0
632,4,56.88079693903968,4.5981406102055455,3,3,0
6813,3,78.94541639292709,21.959898497201216,4,0,0
2493,5,49.22530010463997,23.869811406269335,3,1,0
2665,3,28.787861876916704,10.179380355368265,2,1,0
8494,4,30.101929803763532,4.3020783042217845,2,4,0
8425,1,61.571962027266906,18.752536376840023,5,2,0
9266,5,52.88767371311398,15.661563064710348,4,1,0
4211,2,101.53695943627106,2.5696454302021134,6,2,0
3874,2,106.05602493669157,13.630917053954875,5,0,0
2817,3,89.31499365566933,7.816074982502231,3,4,0
8268,4,25.504939805229082,9.684155074872002,3,1,0
9815,4,41.24149499271945,2.588313998540797,9,3,1
7426,2,42.54424247471625,17.825295567863805,6,0,0
8602,6,55.30979777554891,4.344720538312158,5,0,0
8475,2,14.145140457184022,12.284313076985786,5,0,0
1735,3,17.57378524123212,12.601086164737268,3,4,0
7397,5,36.90993248372618,5.172619607229382,5,0,0
4255,3,26.598234631708696,11.475245645893047,6,0,0
8288,5,33.98641501427837,15.60421597175821,6,2,0
2475,8,32.17733923801349,13.192539123491262,6,0,0
9984,3,69.24961117784737,10.793309034423164,7,6,1
3713,6,96.28742864944023,0.0,3,1,0
8978,3,34.10218675598748,13.121856267132493,2,1,0
1804,5,152.59474181310998,9.226140522701924,6,4,0
707,4,59.634692808761876,15.008007758042755,3,0,0
9191,3,49.59031359459759,24.538345671775954,5,0,0
5189,4,154.56454706552734,7.560221487604133,8,0,0
5472,4,101.11084970378919,13.59871560499365,5,1,0
72,5,63.96494956019939,13.043048886507377,5,3,0
7843,4,44.64930918800046,15.104040905583023,4,1,0
5101,2,29.803332180216422,9.371491054199527,8,1,0
6764,4,43.335800973448805,9.007761900684361,1,1,0
1125,3,96.56078361910492,7.979803075255987,4,1,0
1241,2,12.742082667588774,19.05398980130972,5,0,0
8253,5,28.74953740697277,19.271378691341607,2,1,0
2349,4,58.94817418860968,18.42691932815353,3,1,0
6602,2,51.75476034053734,11.831505416063512,5,1,0
6780,3,26.987195627459606,20.38062495026138,5,1,0
4358,3,149.17997588803644,8.839748044229808,9,4,0
1343,4,64.83078770442604,5.222371174576822,4,0,0
9988,5,109.95923791084478,2.6722460307922913,9,2,1
8679,2,95.00174221590312,16.617315586278707,6,1,0
9575,7,80.11676600699478,3.6292927498864587,10,4,1
6652,1,134.78046914831395,0.0,7,2,0
1100,5,46.57087709068772,0.551629713121427,6,3,0
7327,3,57.9542420634296,0.0,4,2,0
7622,7,54.12714937432871,9.898509206844027,3,0,0
987,1,21.382611816349133,17.87695979911978,5,1,0
2852,4,40.360267916161796,15.346374502298364,6,2,0
630,2,32.538332578227404,16.873098468833998,7,2,0
1249,1,34.79758026555765,4.824925554157447,7,5,0
3179,2,21.33864236378469,13.834035210682046,2,3,0
482,4,66.7468544400785,10.378353593200519,3,1,0
3040,4,43.138551415441064,19.303448718838816,2,4,0
5010,3,23.225688260776806,7.505671985340051,7,1,0
8727,3,37.61395378154003,20.84278940929847,7,1,0
7000,4,21.944482042907715,5.999527148359671,2,3,0
3273,2,151.72220534257508,6.065039406639249,11,3,0
7227,3,15.14572286752727,7.267024427314507,5,2,0
3683,3,72.92442518025126,12.604002639310647,4,2,0
6674,8,52.92597536116761,16.681915579470267,2,1,0
6807,4,49.83076984630675,16.584574411207463,4,3,0
9738,7,75.90459459987161,10.468217754994653,10,5,1
1316,1,56.46621858628239,7.61730668758772,5,1,0
3225,3,70.24551440062636,18.184780954068195,4,2,0
1072,4,22.650453345045033,24.828235072649022,5,2,0
4815,4,40.446297507499864,15.247221890668484,5,0,0
8459,1,37.365306723739764,13.226920072847792,5,0,0
5752,1,20.183194500027323,4.316952533658074,3,3,0
9145,6,33.58185326960266,3.700460656757702,2,2,0
4616,3,62.44701020703975,19.562972423636023,4,1,0
3097,6,49.6493859602393,2.9670971326926416,5,3,0
6869,4,36.07860525583541,10.725829726191698,4,3,0
1300,4,60.8653768083962,12.062446324427105,8,3,0
7285,1,34.23634800057157,8.013132164488553,3,1,0
6284,4,150.70095109975108,11.060965905862052,5,1,0
5495,7,38.967346945450174,6.594068860415085,6,1,0
5291,6,26.83584941138943,8.187000228771815,3,3,0
1798,2,24.924491693076906,5.216483983752213,2,2,0
5203,4,18.085524609106333,0.43620772936706587,6,2,0
8227,1,41.156163048136335,11.541441123608465,3,0,0
5047,4,43.87603561943691,2.76524125335267,5,1,0
6441,7,21.65881065014907,16.33028330707462,11,5,0
8105,2,53.03898392038638,21.959467914090855,7,0,0
2359,4,31.49177391867678,9.569826162302022,2,0,0
9380,4,14.66691150170001,3.5508564923590775,5,0,0
3654,2,142.80384668463395,15.361318667987277,9,1,0
7052,4,47.9577864625522,16.44286164313469,4,2,0
1286,3,70.62203940998681,23.832419914087456,4,3,0
9126,3,33.110714926908166,3.3830570555960353,5,4,0
4445,2,86.95307964898811,10.847446659644868,5,0,0
2137,4,62.12741566642214,9.342194725098514,4,3,0
6787,1,43.4933061287309,7.154801481282566,5,1,0
9752,9,75.47950697255703,0.0,6,4,1
8510,6,67.66687443116072,6.558242816828028,4,1,0
9539,6,182.05061133693144,3.947409150819248,4,5,1
6894,4,89.97111701094266,15.806146815565931,6,0,0
8569,4,16.015709586469423,20.825895959487113,2,0,0
7151,4,150.35774695645833,25.274739608187566,7,4,0
963,4,28.013089146713416,10.133153628175334,3,1,0
6012,3,41.110059487168975,9.050022354089004,6,4,0
4882,6,42.40525089077549,20.538266498460025,5,4,0
140,3,47.05851711148729,15.769127197974456,7,2,0
9032,3,19.658097065807546,2.9145434998471664,2,0,0
6936,4,43.8329597936202,6.497986492855716,5,2,0
6542,4,52.88922321495813,6.274235721577999,5,4,0
5243,3,18.52387514599341,20.635509087472627,7,1,0
4431,6,18.436768515777757,15.134449381210018,5,1,0
406,1,120.18865315586875,18.45419641346941,7,1,0
8212,2,18.646996653197057,6.169035700185746,5,2,0
8376,2,75.02070524193246,3.6199029439630124,7,1,0
8627,3,14.309953486593894,0.0,4,4,0
8234,3,14.543612247027083,14.09500774962174,2,1,0
4399,2,75.21865219650653,26.254997717750406,3,1,0
5252,4,126.52612680433059,22.849961891182822,9,3,0
11,4,5.0,2.3405844471227173,5,5,0
4760,4,34.29039685416039,16.604543276938994,5,2,0
1177,4,49.01377213932342,12.58548755535047,3,1,0
2863,3,11.144076758634847,10.62718472128739,5,3,0
6471,2,52.04340455331781,20.90874463693674,5,1,0
6228,2,49.77515776435246,16.499934144525472,2,2,0
2989,5,51.7666988470324,17.246199471583523,6,3,0
7117,4,25.45820976663543,19.113714727430775,6,0,0
7010,5,27.621966021776785,11.5068936361052,5,0,0
8557,6,52.60235151670274,9.879686656007209,10,1,0
1440,4,46.36610443653489,13.688592638587153,3,3,0
9747,4,421.69080014783907,8.800761109289711,9,2,1
2875,1,35.76434185954627,28.255932208764644,4,2,0
9098,5,18.18458640054946,10.929102128721686,5,2,0
8788,5,263.1540596097224,17.867172556252527,9,3,0
7232,2,37.87896119131833,2.683739876466685,4,1,0
3726,1,50.88803843844387,0.0,3,0,0
2772,3,17.282362075713174,12.627400697060155,9,3,0
454,2,20.42208383472331,25.61768810714197,3,2,0
8189,2,25.263410990640452,13.471638820454611,5,1,0
1367,2,33.66154791798492,8.198368297070875,3,0,0
3712,3,65.2476152410025,18.60862605204577,7,0,0
9852,5,86.56209695152009,0.0,12,2,1
1388,4,11.60977611944534,15.76320171957586,6,1,0
1000,5,31.46993561294579,14.413993270855705,5,0,0
7761,6,146.7011623923577,17.680335993753587,3,2,0
3553,4,80.51746629120603,10.812371140918197,2,1,0
4114,5,47.28996148279449,13.586407327728294,4,1,0
1667,4,50.458010641532695,11.709677166311577,4,2,0
3173,7,23.313126807138836,9.577915535916098,3,1,0
9397,2,25.840318243361704,3.975931363058592,9,0,0
488,3,36.89409312229165,8.244429582494636,7,3,0
3230,2,24.53394264677675,8.389193336698725,3,1,0
3828,3,13.597018286953288,13.500112813609558,3,1,0
8651,2,26.87960845879082,13.069089527704076,3,3,0
5208,3,38.5320276027799,21.965829120152044,7,0,0
7848,1,38.81372488766179,5.60763985403254,6,3,0
5704,2,29.420585070675408,0.0,5,0,0
9639,5,48.27493101969484,14.509191962428043,7,1,1
8133,4,24.758419768557975,20.590578572782505,5,3,0
703,4,104.21643354726548,0.0,9,1,0
5105,7,48.96169340582262,20.800223210928372,9,1,0
8893,2,36.48867634808124,2.617186539426598,7,0,0
3291,2,176.14387225374944,14.789850635795183,5,1,0
8125,2,31.680539085998838,21.067558082217325,6,1,0
9631,7,140.07060199735682,10.994242740290865,9,2,1
9021,3,44.18737508582207,0.0,5,1,0
4909,5,50.35807975764075,25.223070369530916,1,1,0
4440,2,12.963310368238592,14.543543823089157,5,3,0
986,3,72.82017172575503,26.206230111730292,4,2,0
9236,3,27.10139451073536,4.664592951576663,4,1,0
9883,5,87.60118239524425,10.767167621962168,11,4,1
7705,2,68.01101057903341,14.541135142850848,7,2,0
6257,4,65.5410405634849,15.948661641519577,3,1,0
6089,3,73.95350697644906,11.060840712173443,2,1,0
5238,5,21.13525936988436,16.98810401655711,5,2,0
1198,5,65.34586656685526,11.541078820467924,4,1,0
9070,4,25.172529284384844,12.281752931146364,3,1,0
7519,2,37.38307729477278,12.116078160395398,6,0,0
6812,4,27.968859027866213,16.40402286019281,1,2,0
8320,2,31.072553549203295,9.57320154430134,10,2,0
7175,4,25.542617651649262,15.018812280702342,5,3,0
4470,5,33.109434066689886,10.007452966408934,4,1,0
891,4,7.469217398504143,6.885783130907462,6,0,0
1969,5,25.31587193578859,5.962234682115137,3,2,0
5757,3,56.28185836572553,0.9807026872570397,3,1,0
6527,3,8.239865132501565,16.237118887606925,3,1,0
6294,6,132.22568603552472,3.2812450749418662,3,3,0
7595,4,83.6637793573956,4.560745547150327,4,1,0
3249,2,57.465625932958815,11.585851926652746,4,2,0
6570,5,19.037415267862105,8.083064867113036,6,2,0
6638,2,40.59858446693268,18.7780339156987,1,1,0
7351,5,24.6419796211556,21.76874371802981,4,0,0
9172,4,34.67427590477629,4.240520887661951,4,1,0
7473,4,32.03808369015247,4.780031397568576,5,1,0
9601,4,45.038887509822395,17.81063590787995,5,3,1
8673,1,128.50755489756054,13.718906555589042,2,1,0
1239,2,43.10067387652367,14.210989510343923,6,1,0
2289,3,59.49788703031555,21.981505479319715,8,0,0
2740,4,78.02727834861396,3.6729979238290973,4,2,0
4585,3,124.1664501707763,9.06898228651739,4,1,0
1229,4,25.563163696731724,25.057698554211967,4,1,0
6980,2,123.26633757619817,3.375599270091257,3,0,0
5178,3,99.83184828435355,8.234462272657883,7,0,0
4293,3,174.40410215167017,6.1993147359502,9,1,0
1058,2,53.33088241930694,0.40498182645071346,2,2,0
6262,5,48.06965180224375,27.211592837146114,5,2,0
281,4,46.53929175202243,16.80498714219227,5,4,0
968,7,40.474418082718365,14.408326904593181,8,2,0
3953,2,57.24015097232962,11.479365322522163,4,1,0
1939,5,38.34049201207035,11.12347494681929,5,0,0
8464,2,9.005343606471694,13.550137507308728,6,2,0
1274,1,81.2904980726241,19.439395199394088,4,0,0
619,4,37.37228976674837,11.869913132721065,3,1,0
8505,3,49.71696670885135,0.0,6,2,0
1742,8,19.933600250103726,0.0,2,4,0
1390,3,47.64285631434724,16.45774680494027,6,1,0
2203,2,60.41056005565836,7.187888517881426,5,3,0
3568,1,38.02744363610849,3.8426888877200494,5,1,0
6116,5,153.08887161329994,16.044144449735747,5,3,0
9970,8,201.10746202192698,5.538668734441322,8,0,1
6052,2,104.16152703117903,5.0037060334862815,6,2,0
3178,3,68.96039273808017,25.241090363915625,4,1,0
3192,4,32.96739616617851,10.21935799796079,2,2,0
6099,6,44.19579382072809,6.999769303274183,6,1,0
7029,3,53.33103548160321,6.723301236796809,5,0,0
575,5,58.49658946549769,4.361171777251643,11,1,0
6656,5,99.54728509386885,13.873864288456074,4,0,0
7115,3,55.78846058485801,19.321721072499574,6,2,0
8802,3,25.454438584309965,14.203231271806539,3,1,0
6276,3,76.09823839516676,16.42642468018067,4,1,0
8984,2,65.79936821806324,10.628139555220825,8,1,0
5897,1,78.89572721963205,14.969326447037968,5,1,0
5724,5,29.991655066228695,21.14554740823654,11,0,0
269,4,31.325880853307385,16.800909588849766,3,1,0
629,3,46.89387195686165,7.788838958393338,5,1,0
3081,6,26.63236335238553,8.641499704973212,3,3,0
3466,5,29.370112130333684,14.866043710733678,4,2,0
6430,6,38.42281924120228,28.440118862532334,4,3,0
9311,6,47.121984430670054,12.672644432801418,4,4,0
7062,5,35.25930527660854,11.380853925228367,5,3,0
9727,5,22.854355248040054,10.249165974376488,11,1,1
5543,4,30.152076655520062,4.064364665826579,4,2,0
4356,3,76.43089678096139,2.086944820789169,2,0,0
2113,4,55.21081993450998,7.01495535457047,4,2,0
8219,2,9.976189730704853,0.2838708220018038,8,3,0
3216,3,29.848995725875515,17.39582351967543,4,0,0
3814,4,83.93317869468589,11.93395347968407,6,3,0
8321,3,111.7034577895961,19.942733752340324,4,1,0
8589,3,24.39612205984355,11.095140097429116,4,1,0
2278,3,48.590314601090135,14.734259099403538,5,1,0
4599,3,11.875025412494558,11.406202164655836,5,1,0
13,3,25.686653375566134,7.347662301704586,4,1,0
9225,2,147.7473309224402,13.096231162325836,5,3,0
1525,3,84.41726814013549,0.0,2,2,0
2365,5,20.614143890621037,15.278357408382647,5,1,0
4648,3,17.754070603005896,17.912845921369396,7,2,0
374,5,13.02485311967589,16.26324633704011,8,3,0
8521,5,10.84776687135445,14.992975946984846,3,3,0
6477,4,41.76052039598348,18.624957911122667,4,1,0
525,4,47.738817592112504,7.62685334727912,4,2,0
6895,4,122.01573734459316,0.0,2,2,0
3591,6,23.943343485913427,11.251585691035308,6,2,0
7904,5,29.357358636888947,7.0170934175914015,6,1,0
2958,1,40.57249113223791,19.323995919653502,4,0,0
529,3,154.79130221855635,25.91960348780417,4,1,0
3714,4,116.97439127906051,12.529695647176869,10,3,0
4732,2,66.80383036372059,25.63926111104368,9,0,0
1394,3,9.559839494390838,9.907883062811573,4,0,0
5631,5,81.84448223724796,3.383630642869525,4,0,0
6563,4,90.28316942765332,12.341918846073764,5,0,0
4703,4,35.663350702345504,15.5580087100474,8,1,0
1712,3,18.79927433386209,14.27987414858462,4,0,0
9755,6,120.19229450447149,2.014737124643297,7,1,1
955,3,31.48262862367651,16.617530147028255,2,3,0
6675,2,46.683835231100645,14.008175858463058,6,2,0
3453,4,41.215383540623186,10.74798686398009,4,4,0
2071,4,31.501457285001774,25.32770684372263,6,1,0
9740,5,58.724030277254556,1.9460830148095258,13,5,1
158,4,50.245179182789094,21.657294519999375,3,3,0
7005,5,129.44613538576021,0.0,8,0,0
352,3,82.8598730440633,4.226669697268219,4,1,0
6078,3,67.42227133427618,22.152523575738016,11,0,0
6236,4,24.86294654662411,6.710536976613014,3,3,0
2920,7,22.805712234855342,14.06270891925183,5,1,0
4644,3,38.27944552001901,9.591281126048743,5,1,0
661,2,58.12270830810212,4.49069893014342,4,3,0
7057,2,35.735756094085794,15.157530220827589,9,0,0
3665,4,31.907340598352846,2.8070826965802773,1,0,0
7979,2,61.00443627818597,7.6930450045608865,2,0,0
306,6,44.577533729922756,10.531807687907063,4,2,0
4790,2,23.511449636783293,5.923246417053528,11,1,0
2356,3,51.5312472334238,18.295922051120524,7,3,0
1927,2,53.1095516287656,17.533415819421442,4,2,0
9939,9,92.41845379530146,9.313788477313283,5,6,1
3427,6,83.5885925730782,17.920416029645555,10,2,0
3638,6,73.95897781605288,15.002891970482413,4,2,0
1266,4,36.82621999712357,11.011107044416008,4,2,0
1560,4,23.987728932216434,4.147217252343961,2,1,0
7179,2,20.229840213339298,10.737242503745588,4,0,0
4109,4,42.77044680578661,30.0,5,1,0
7867,3,51.405327474700634,15.406553261703596,3,4,0
4904,3,14.61334744145381,9.253890015739625,6,0,0
7294,2,65.69589611038717,15.783875718599617,7,3,0
514,5,37.94328521214365,16.160041457511365,4,2,0
894,6,145.76485079859637,7.857228193315418,5,3,0
21,3,123.01694309589595,26.085269742558076,7,1,0
899,1,37.378518547989124,11.164146844767023,4,1,0
207,1,52.119066234418945,5.955194822876684,5,1,0
458,3,14.911147256628105,9.533417424799591,5,0,0
2430,7,169.6970182664246,8.137252455960358,4,3,0
8442,3,172.13600307420506,7.62312041541599,4,3,0
3389,3,36.760680769469005,13.959454247161915,2,2,0
3911,3,20.14073431029066,9.731465332499242,7,3,0
5383,3,114.34155942247426,7.965134211135173,3,1,0
552,5,93.62333949473094,18.09930354917923,4,2,0
3144,2,45.648882646781836,7.652736518092585,2,0,0
6917,4,109.59835952717651,15.38246600861493,3,1,0
2056,6,35.90253358139086,23.27683772293537,3,0,0
1925,3,161.07460636517223,11.2890496772552,6,1,0
634,3,47.41870714870057,16.858944934666354,4,0,0
6082,4,29.06483742251054,20.706056920037387,4,1,0
9270,2,102.13543934038098,18.395418314324075,5,2,0
9678,5,184.1787495572889,0.4925965096923459,10,4,1
105,3,109.16974278943563,22.966322087265972,2,2,0
3041,3,17.39201661400879,15.983206739536062,5,1,0
1709,3,126.6977243764582,12.493919923351074,3,2,0
89,3,50.45450090536723,11.127076028137123,6,2,0
7014,8,16.005488396780592,5.733662434440956,6,3,0
3174,5,82.72480653523492,17.125536251924476,4,1,0
917,3,23.30870324936181,12.468458348393842,7,3,0
7833,4,103.91881527383131,8.390993330666861,4,1,0
6732,3,13.067577232285783,10.615074980628947,7,3,0
1949,4,38.793656240993606,25.083296829641235,4,4,0
6368,3,29.74245056027427,20.120086045742134,3,2,0
1,4,27.527242745726145,14.37114953917705,5,4,0
8032,5,176.25567650631723,17.2262623204076,7,1,0
6047,4,115.59119976566399,12.03672417532361,5,3,0
2720,4,95.15829489567744,5.111205269616448,3,1,0
9812,5,47.47140471507462,4.804427912398013,4,3,1
3117,1,34.345197165681455,13.70279393839872,5,1,0
9465,3,42.43108443740769,0.0,3,1,0
3762,3,19.23369710227111,19.604418189978915,7,1,0
213,4,34.621186388840854,23.077993234136812,5,3,0
778,2,21.51467267318755,11.117316105206408,6,1,0
3496,4,122.3710145954345,8.00539221339741,3,0,0
8817,3,53.64186386105523,3.0181323885237124,9,4,0
2043,3,48.81502787849748,2.7338543021114763,5,3,0
5420,3,79.46553200878202,1.3521030994783665,4,1,0
6154,2,30.862807724014147,7.151656843102575,3,0,0
8357,2,49.96452771683769,21.142042170754276,7,0,0
8707,4,21.11169614136362,7.072677182672223,2,0,0
8465,4,20.39310648991225,11.270386956751178,4,1,0
4167,3,11.326083469460206,9.003231590394915,6,2,0
3788,3,80.62941898257058,11.069335984857311,5,2,0
583,5,54.28313846011119,8.042206088720643,3,1,0
9911,7,83.66785792539847,13.615497692962688,12,3,1
9986,3,84.49073824247401,9.70481082073875,6,4,1
116,5,29.74593648998275,0.0,2,4,0
6644,4,58.69167400977664,5.1191621989239975,3,1,0
9033,2,27.8853460774248,9.817727194422757,7,1,0
9951,6,85.47214960142173,15.6521391208978,6,3,1
8959,3,26.593497025409363,14.41701765189765,1,1,0
1763,3,40.594793545478225,26.511094942574662,5,2,0
1875,7,51.16600409123015,22.563347087346024,6,2,0
3224,3,23.251387126957244,13.115635876326845,8,1,0
526,6,28.873619104536395,9.033898147069257,5,1,0
7725,1,98.57070333551096,6.752201146077049,5,1,0
2946,2,100.02036199324883,10.507730059862489,5,1,0
4473,3,128.95631133916712,20.58579149524359,4,2,0
5655,2,21.846099302199757,7.6205723855628476,4,0,0
6059,3,42.10070312888011,12.90363500989359,4,0,0
959,6,59.57414281954929,24.473760718758278,5,1,0
6342,4,90.13790869587461,8.943051758517477,4,3,0
3633,6,83.2020291192229,11.765560122576296,5,1,0
1050,3,100.07532470486149,14.959991647556349,2,0,0
3380,4,47.65301848897559,8.84045591494262,4,3,0
3676,3,52.24282258610626,5.956847386037363,6,2,0
5776,3,112.2840101457453,10.075549884714361,2,1,0
9045,2,35.69774813092763,0.0,7,0,0
6573,4,41.282721813396265,7.640815279722564,3,2,0
5179,2,36.91326390103972,6.879141555005606,7,0,0
1607,4,56.87282936956773,13.413109319316728,3,1,0
3610,2,56.19846756894328,8.894444206004758,6,2,0
9758,7,103.7041281768238,13.556599704796305,7,3,1
6635,2,86.82883099158235,24.271987404820827,5,1,0
9997,2,86.86458928402091,5.20816316875496,4,1,1
791,5,54.96947451306137,8.376792677954121,6,2,0
3056,3,28.825362688595973,7.395726956036034,2,0,0
1980,3,37.35032181290755,14.385220687537853,5,1,0
3598,1,53.37195635619384,3.188883371218566,5,3,0
933,4,20.682374091526633,26.060465028689023,7,2,0
7424,4,50.46178212426679,6.769315539670153,3,2,0
5626,4,24.110020550306853,15.021842586064954,2,1,0
1682,2,70.31211786281166,20.180970079765718,7,3,0
4179,8,99.8888275518545,0.023011689050088435,2,1,0
6446,3,166.70226157626297,0.0,4,2,0
4116,2,19.523659917000575,14.429399802454158,4,3,0
988,3,60.691338023692595,9.326777166105657,8,0,0
2896,4,69.9081254558648,14.344458912783944,5,0,0
3778,3,76.88608030304822,0.0,5,1,0
5658,4,44.496696706800385,17.60936632127536,4,1,0
3093,4,14.156034956865621,0.0,4,1,0
3155,4,34.317390406572315,11.854238028654269,6,0,0
1823,1,89.80331102468287,12.672843745160012,3,2,0
9622,5,167.49541321721335,0.0,9,3,1
1098,3,44.38077425642886,1.3709522589554588,6,0,0
2844,4,18.636035332380963,3.759201073865869,4,3,0
3342,5,49.41924780930614,17.198736263902997,11,1,0
38,2,51.41366033307338,7.055564180808398,8,4,0
6540,2,67.73651057497975,22.820623509348138,3,2,0
9473,2,27.345768670872538,11.190521965200803,10,1,0
3356,2,35.25351338261512,21.744936937879217,6,0,0
7813,5,9.869118669561349,1.8806281622451255,4,2,0
8220,1,27.175623271167556,16.161586540792342,6,1,0
9227,3,26.83802857661994,12.21276391668819,5,1,0
2428,7,50.25620167297957,10.031460693019783,9,0,0
5043,4,26.464026378383725,4.632962928472738,5,0,0
5346,5,35.81686374178664,5.026827455136574,1,1,0
4811,3,55.13572022036218,13.893886815037156,4,1,0
8476,6,31.59222321599524,19.835073051972813,6,4,0
686,4,53.31822768883778,15.73728712793831,5,2,0
4799,4,36.46211951818317,1.2740210805884509,5,1,0
7437,5,9.696694317409248,13.077181374089925,3,0,0
2353,5,16.913974058906263,9.843610850175203,4,0,0
6353,7,8.573920595028497,16.106962107231553,6,1,0
4569,3,114.20719589503815,15.449065082505033,4,1,0
8213,2,66.81785043250112,27.10044479240727,6,2,0
2752,6,19.795832161138996,18.457798951432196,6,2,0
8073,5,27.236511809387242,8.62328019037078,2,2,0
1040,2,48.426803569143786,0.0,4,1,0
7491,3,19.730938393406024,8.605223682791937,11,2,0
1265,4,24.296043048556243,6.727241757777572,10,0,0
9265,7,31.03948584705302,15.359507390480143,4,1,0
7059,6,43.915524162599105,13.039847289276208,4,3,0
277,3,67.77895985445318,2.841789712413364,3,2,0
5084,2,26.006313611324796,7.08672309466498,4,5,0
2382,5,107.4804152547411,17.700857632363924,5,2,0
571,5,54.86799342360206,10.948032093319704,6,1,0
1435,3,18.585666361961618,10.017066827355382,8,1,0
5352,3,26.443914696304454,3.3902478280750064,3,2,0
5445,1,41.4936745263322,16.848290213021755,6,0,0
1007,3,26.329720882897014,14.842489029928808,8,1,0
4543,3,137.25879937062373,8.444593646857726,6,3,0
8816,2,52.384379755689544,17.044724082784715,9,2,0
2064,2,24.78186306234175,13.889875925592158,9,3,0
1136,2,129.57540062872036,15.244601849187262,8,0,0
5343,4,87.74722612071434,1.3699168843428868,5,3,0
294,5,142.01600174069537,3.764238173396542,6,3,0
2403,1,63.41884241884683,10.0836638709528,6,3,0
3998,3,42.71134303673283,13.209948546669718,4,4,0
3741,3,44.3502860263929,17.67976521197962,7,1,0
9222,6,30.142837497031216,17.28732938182124,8,0,0
2719,3,39.55628539871501,14.997749502728052,5,3,0
9199,2,53.80872582815582,12.907445859628497,5,1,0
5150,5,36.68339323834368,3.4268090362699777,4,1,0
2808,3,47.48483611954224,3.5669586248830996,4,1,0
556,4,75.48302653934195,10.860571613765181,1,2,0
8925,3,53.67889849796939,4.223507336742865,2,0,0
4795,3,41.63887769755253,8.797182378189468,8,2,0
2469,4,93.93140230737501,16.71626634199223,5,1,0
3738,4,46.264819537384625,5.758111700759387,6,0,0
4286,2,45.570917640636544,6.22627842481079,6,2,0
2604,1,10.14319538996271,6.039295189055713,6,1,0
362,4,83.54472047267444,17.96210463435788,6,2,0
6924,2,27.30757956509495,12.616957967103286,8,1,0
1704,3,23.32330025158726,10.305310628078018,7,1,0
2139,4,27.231510172916185,5.631075863929304,8,3,0
3239,2,8.322544015960219,11.864676839633912,4,3,0
2383,5,21.77282483298907,8.80464579880397,6,1,0
7314,4,80.86834143467158,17.8163383466651,9,1,0
4311,1,47.009150429600574,8.917943826023237,2,5,0
1312,4,28.189358052176075,2.299303152986875,4,1,0
3930,5,41.94378015407256,12.10888751506144,4,0,0
6183,3,36.174519594592454,14.578002494312106,5,0,0
1591,2,70.57484357634169,8.854630765283481,4,1,0
9387,2,36.82075371834335,24.00054809836406,4,0,0
2162,2,65.19583018466814,9.794153710225748,6,1,0
2396,3,43.23204921063904,5.962868541417181,6,2,0
317,5,52.29291829403025,16.270240144430026,3,3,0
5233,3,35.73089113838659,4.136203191335792,2,0,0
5068,5,18.155901718861994,7.402295594689496,6,4,0
4036,3,30.738290161616263,22.345146976311806,4,2,0
3020,2,68.64645294155653,3.7279774170308393,4,4,0
8228,3,80.07759636241738,6.558592196754191,3,2,0
5295,4,44.87957605671273,12.137560484774461,4,1,0
3972,5,77.47067904568331,5.2625221396386905,4,1,0
5370,2,30.607291656225495,10.754973325956916,2,0,0
4133,4,61.36807311286541,18.2390807401756,4,3,0
974,2,39.29196086270915,20.70339382358575,4,1,0
7291,4,32.866118585023116,2.4489767429632145,3,1,0
954,1,15.894172045334505,21.042689686293716,3,1,0
9306,3,46.92715074395181,10.261419495384718,8,2,0
5016,5,42.98857444630179,12.719472044697001,2,3,0
9730,6,49.38702355335665,10.696066758591808,9,4,1
7490,4,24.907044804112626,19.40966701311548,4,0,0
1640,2,23.283960475869,6.616403969106213,1,5,0
1290,4,49.478275847106815,10.320284280431933,7,2,0
1380,4,76.1850015311221,2.5780345765134562,6,3,0
1933,2,47.62220443359917,15.10793232329441,4,0,0
4675,3,30.548917864804082,16.413535696179473,6,3,0
892,4,68.13723234095131,18.718162964333818,4,1,0
7287,3,38.90855467264052,14.972277115147891,6,3,0
4876,1,16.049268376565553,10.540400611253176,5,0,0
7906,4,39.32694168048857,22.844650836986467,7,3,0
8194,3,33.65616814925611,12.932943657328769,4,3,0
9379,2,29.03894512717017,13.202071243632734,5,3,0
2466,3,80.9790380564172,17.192799756586844,3,0,0
7657,3,60.95252112690607,0.0,9,0,0
1913,3,33.73800163891601,15.35887893814712,3,1,0
2736,5,18.053614514917733,13.832232577048986,5,4,0
726,5,90.31509952220452,21.51072045990806,4,1,0
7214,1,17.687675590793496,7.740661529558758,5,1,0
8245,2,86.0441147344915,17.552835334534045,3,3,0
1796,5,127.95672469714201,17.327255575999963,8,2,0
3845,1,56.46841918468652,16.663964021202634,7,3,0
6402,5,68.21287228799554,20.583864871472393,3,0,0
936,2,52.86855081475067,13.945958393869994,5,2,0
2265,2,63.58279527825118,1.0484852439203962,3,1,0
824,5,60.19509016242235,0.0,3,2,0
7274,4,25.850532794423575,11.578513118639172,4,2,0
1389,3,41.483386739618595,7.467729139301186,2,1,0
3564,6,53.72134354059921,3.8086402636390524,6,1,0
5429,4,25.746246515824932,4.229081838345884,5,1,0
7827,4,45.91258240569163,14.49705137575718,8,4,0
5690,4,48.804327391360026,2.7402877900341736,2,2,0
7878,3,96.06589618501677,5.874580040890667,7,0,0
1868,5,55.5825469160202,7.495854986069705,2,2,0
8202,3,61.609914544406486,8.08109036364525,4,0,0
7486,1,21.923628399239462,17.85958646856653,4,1,0
806,1,52.647952693155425,21.50846405230456,7,1,0
4805,6,47.063950149561954,10.158195204065885,7,4,0
9152,6,38.729931590811915,18.85420302764463,1,2,0
7511,3,41.487030222364794,29.80904936985766,6,0,0
8056,5,47.232174738376926,12.386286454191435,6,0,0
4494,5,88.0985600270638,19.338053897108374,4,1,0
2632,4,43.174728962356035,0.2698495218591681,5,4,0
8900,3,51.15614164350787,10.279837459038376,5,2,0
8623,4,46.7039534094827,12.466950439831159,3,0,0
7832,2,93.60962301850411,4.347957731241548,4,0,0
4388,4,18.745273407226033,9.503727476699224,2,0,0
145,5,30.95969846165391,14.232479415374703,1,0,0
6467,5,48.76891844043807,24.502966162849674,4,1,0
2033,7,37.82364530357023,12.5474825186511,2,4,0
9127,1,35.909000997088356,8.246430588021562,6,2,0
1165,3,88.86540066879299,11.765061692009725,5,1,0
2050,3,46.88270815418028,19.260066525065433,5,1,0
3760,7,169.1024617937635,5.600195498916394,7,2,0
4435,4,86.87779249245762,10.218904015323547,4,2,0
3430,2,120.85819465648902,17.569434380770254,6,0,0
8190,5,34.25601968231959,4.196636170079965,5,3,0
8753,2,61.79157136565338,13.746017495062565,7,2,0
7069,2,22.963092547758755,16.696333011995353,6,1,0
4361,4,32.02676624582123,12.022422590281108,6,0,0
1771,4,212.7361132974966,12.749504625450108,1,2,0
3511,4,43.983329888439506,13.301739362238179,10,0,0
271,3,32.69895342496444,15.576251795766407,3,0,0
8436,3,146.6195381726667,13.95172925663772,3,3,0
2032,7,28.331817462707846,4.996143936686826,3,0,0
9664,9,295.81431632673645,14.133559572109888,5,1,1
3810,4,67.3971683104376,11.810059327877983,5,0,0
4346,6,58.4533609895663,3.225552136745348,9,0,0
545,2,36.4810711687515,15.65727404116196,6,1,0
3241,3,54.82944819100403,7.829116373015428,3,1,0
8502,2,13.00461839674951,8.447482012529683,2,1,0
9918,6,73.2467884515342,6.240297171459807,7,5,1
7564,4,146.52742211115594,9.78452831637156,4,1,0
920,3,26.721949074970677,17.143580227599166,5,5,0
9118,3,18.25808739970443,20.269366290248996,4,0,0
6640,5,57.32910441982353,7.638865287981126,7,1,0
7694,5,17.161339323481993,8.01298588536653,8,1,0
8230,3,18.50345873713653,19.06488173599103,3,1,0
7126,4,68.18830728257369,9.264750403567934,6,1,0
4278,2,29.28150030052134,14.908981380309687,3,3,0
2983,6,54.09570267569694,20.94117452838676,6,2,0
130,2,17.465723426062112,11.617584456482522,5,1,0
7980,3,27.296638673848534,16.588550006771992,2,1,0
2667,4,34.755326247732114,10.153327528107017,2,2,0
7138,8,30.067637102335727,15.337345267416922,5,3,0
3223,2,16.832854245558302,14.677160497992153,6,1,0
7693,5,51.202055557512004,17.463494231987973,6,2,0
5392,4,145.58822737881758,19.163821423947883,6,1,0
614,3,35.73164536600333,9.071718366117484,7,2,0
9902,11,32.947044096023156,0.27665153610475635,11,3,1
1466,2,25.574680511357222,8.524341631636561,5,1,0
4497,5,24.658648073290127,18.686449733548763,7,2,0
3042,1,186.68645035208687,9.785395795516585,4,1,0
2419,3,45.470686947965326,9.90710400338958,5,0,0
5085,5,77.16713004029499,20.55230294993556,4,0,0
3294,3,68.94954547623355,10.811047561373691,3,1,0
6737,5,40.96971390392049,17.997039405315668,6,1,0
1500,4,32.140273802054175,14.637043340891879,3,0,0
1521,2,29.101214706776698,3.585780423415553,6,0,0
9117,5,42.33441107623327,20.341278307164075,5,3,0
4232,7,200.30708430522634,21.527591303743492,4,1,0
7686,6,64.44203190285377,5.455203783927025,9,1,0
4430,3,26.792313783611245,7.345751224237076,3,4,0
390,2,85.49060132053124,11.18503699007094,5,0,0
9858,3,63.33687005669533,9.787088413245861,7,3,1
7124,5,69.9355733876214,15.222154694838235,5,4,0
5913,3,44.840490449588245,21.927637522810656,7,0,0
8592,2,66.12178300194549,3.295132070026341,1,2,0
4806,4,29.355522994959788,17.19117570746749,5,3,0
8954,3,19.327962708963337,16.154207989894175,4,2,0
8238,5,29.2599592811431,23.784924777476334,2,0,0
8044,3,166.86095031463503,17.224144578408996,5,0,0
9782,4,54.89969563390635,0.0,12,4,1
3993,2,56.65930172172766,12.552917124024392,3,3,0
9551,2,141.54938799343262,0.0,6,3,1
6609,3,34.17328635200145,0.0,5,3,0
5319,3,32.15945487201142,19.98050951797718,6,2,0
7119,4,59.05392656101532,9.852821376319119,5,1,0
2421,3,59.31731823888556,0.0,4,1,0
5604,3,50.01261253491719,15.709149614054652,6,1,0
1750,5,20.059274523907305,14.02478680833483,4,2,0
9015,2,26.86138011727191,14.952369460252655,9,2,0
9718,4,56.050365950160426,8.176335193239053,9,4,1
338,2,54.83167376035051,17.235288258823008,4,3,0
8407,8,58.57123534012802,15.853918119270642,5,0,0
1341,1,24.062329693703344,23.78616619377279,2,1,0
9544,2,49.95967804348005,9.88761666441534,5,1,1
7982,2,17.933613708837015,12.78480036353423,5,1,0
3640,4,36.93020299579699,2.892795793913791,6,3,0
329,1,31.907686186756855,10.448406185026755,3,2,0
8828,7,26.441922987528038,4.918397725080766,5,4,0
3004,6,17.187598160321073,14.205245561081712,7,0,0
6960,3,32.57506248125023,10.51889261741979,7,6,0
4090,3,19.778388978996794,17.21790740603383,7,1,0
2322,2,77.45777840947514,12.71502694619405,7,3,0
6667,4,32.761657020963646,15.492490604257082,6,3,0
7009,2,67.02598728283903,10.57079037433521,7,0,0
4197,2,64.27579185069246,14.072592143805469,5,5,0
3549,2,43.64290508231656,7.7239057230512635,7,1,0
8363,2,38.9976908038804,13.166369309330742,11,1,0
4203,5,45.15402201211393,7.1867227576448505,7,3,0
9310,3,90.78104584855667,19.428959234163422,6,2,0
8936,3,36.85017143984252,30.0,2,0,0
6185,3,11.896588878066437,0.0,9,3,0
1639,4,36.24861047477983,10.625636617894985,4,6,0
60,3,66.68101423290646,13.907629349640423,3,6,0
1240,6,33.069153978632,8.706607194451296,3,3,0
5760,3,71.7745396102607,13.409816557759594,3,3,0
5136,6,45.1819001222063,16.055325690260812,7,3,0
2343,1,48.52294024436577,14.240361118166055,5,0,0
2120,3,28.81588099582383,13.189317853942363,6,1,0
1524,4,30.27572289558997,10.496928906593997,3,0,0
7617,2,70.51393930193333,8.039760925279097,6,2,0
153,4,69.23616276633217,16.988399601817893,4,2,0
481,3,145.45335527993612,17.243924381663685,4,1,0
6122,3,47.370312372153535,21.994384997430036,6,3,0
7674,4,38.53262724701274,2.201964288816699,5,1,0
7101,3,34.501394025667445,8.482272961031525,6,2,0
1762,1,46.5476205707522,15.111484674290612,5,1,0
7715,6,119.17001336005218,5.396247845239994,7,3,0
9081,3,60.741489690722936,17.513997026020018,3,2,0
7479,3,42.11808405856882,0.0,6,3,0
6212,4,60.50459387923892,19.186284516814403,5,3,0
4853,2,5.0,21.08688993207709,4,0,0
2711,8,26.58560155652116,5.209463411031292,6,1,0
6766,5,27.21338509788837,14.202411279565673,7,0,0
4150,2,55.49702576524304,5.975524565368675,4,0,0
1333,3,16.91679248563067,10.933086045477895,4,0,0
8378,5,78.33989170181354,16.345538941337544,4,2,0
9389,5,34.572517490273945,0.0,5,1,0
9707,8,71.25885902919802,0.0,6,1,1
9121,2,25.886208044077033,13.792312074637888,5,0,0
3850,2,79.17426993455054,0.0,7,2,0
8340,2,78.471886642363,10.034868580112356,4,0,0
4124,1,24.49467864650539,9.006058174592383,5,1,0
8963,3,20.086010469467926,4.806834065761318,3,2,0
4788,4,18.097885270585536,8.030808056754944,6,1,0
2866,3,46.970850674804815,24.126633257093488,5,0,0
1386,8,92.98179994837176,15.058265721623451,5,3,0
5941,6,44.984768257917025,19.067128584775904,4,3,0
3067,3,39.40870129647744,10.782437623800263,5,1,0
9058,2,54.4789523679856,3.787557330914183,5,2,0
3629,3,38.86776008096164,19.26724668395044,6,3,0
9455,3,35.39931011018225,16.015649426632624,7,0,0
8949,3,28.979814381039763,15.044864505371379,6,0,0
3028,5,53.41927968640861,13.733735118271687,4,2,0
2969,2,15.54532889428625,16.106579458428744,4,0,0
8646,5,21.882456229189373,7.47454434486624,9,3,0
6136,3,16.743302608380347,5.554854155164701,4,1,0
8801,2,57.00149260097425,10.048623277764671,4,1,0
4263,5,57.57637996931381,13.411371326390007,4,2,0
645,4,109.00164306002657,13.65984527218744,3,2,0
9653,6,58.41802028587632,15.131456438257153,9,4,1
2074,4,42.53741309261346,1.092041078627462,4,1,0
341,3,28.485206009793753,8.15010536394518,6,2,0
8041,1,36.00949121738334,2.583679868683806,3,1,0
1622,5,26.417723550673475,12.633150221662735,4,3,0
7141,1,47.43551125064718,17.001381218969478,1,4,0
5796,3,23.82614906747655,6.754300102681238,8,0,0
7184,3,43.26965076787237,17.822820975181333,10,1,0
8232,3,25.08341734823152,8.893278067308714,4,1,0
5475,4,193.85401894366981,17.512421716893904,3,1,0
9252,2,16.898425744979928,21.513510486740863,6,3,0
74,1,27.882610575997354,21.40976985181988,4,4,0
8633,7,16.65954253295192,0.8556635978983991,8,2,0
9229,3,60.15200825001861,16.124063666768222,6,2,0
2051,3,25.68971773935774,13.62452049251727,5,0,0
2541,5,36.21719958178361,6.641610639063061,2,2,0
1301,3,42.153263057313104,18.44301317268669,4,1,0
5877,1,164.7768843159775,3.1036357152900624,1,4,0
7368,3,35.300190353260014,11.368386451791531,3,0,0
1304,6,23.16210174910443,21.28515316341629,6,0,0
8428,2,36.0656101264107,18.14100123776451,1,3,0
9094,2,29.67738895942832,12.864537293660588,5,2,0
2599,6,33.138214186523534,8.862481314121796,5,2,0
2573,2,95.38281504363701,19.59206549769468,7,2,0
3186,4,21.568598830629128,20.922853447150104,5,2,0
2768,3,19.981324259210787,10.339761393029377,8,1,0
4831,2,102.3166422803337,5.342137108830051,3,1,0
4223,3,22.131138502958812,18.681384140675135,6,0,0
9649,3,34.201953535472825,4.139567111755098,4,3,1
2106,5,17.777539745929325,13.823870534966746,3,2,0
2679,6,76.13983724836956,0.0,6,1,0
1387,3,44.70740639854465,11.099725820602352,6,1,0
8931,6,64.77182189196036,10.72734560699168,9,1,0
9659,5,72.06078075374654,0.939127800516955,7,2,1
7083,3,19.522084720586957,14.05451207237642,4,3,0
1279,5,20.296041535577295,7.3199914985677115,6,0,0
804,4,30.20372781781946,8.493997101861087,6,1,0
1555,5,109.62252913372066,11.39683060499186,6,0,0
9486,2,23.995491509698358,2.818471006672814,2,0,0
4566,2,46.420746836923705,11.53295595200103,4,2,0
9669,5,28.367175843277145,0.0,7,3,1
4841,3,25.807202975534146,0.09165028108490603,5,0,0
3594,1,36.17420438027337,12.066404754595426,5,0,0
6035,6,32.79571761116265,18.588316227791555,2,1,0
6852,2,143.02074903180937,13.371819676515328,5,0,0
8705,4,82.29371878712566,15.205202060088553,4,1,0
4177,2,51.1438515125548,16.09501771693396,5,1,0
1308,3,54.67506264015946,0.0,6,1,0
3452,1,59.20640455850385,10.340368110900318,3,2,0
3695,1,18.523012118448374,18.362475254334946,6,1,0
4242,4,70.9567284282996,11.300814031319174,5,0,0
2198,4,52.31486912240927,22.56704608070485,6,2,0
4425,4,27.991342984376235,17.52540242180423,4,2,0
6150,3,94.49752225099802,14.880288274132685,2,1,0
943,3,56.98857613328478,12.870271348085152,6,1,0
822,4,48.63923595501565,21.7415031521719,3,3,0
5005,2,104.01474246865602,12.018601313291251,8,2,0
6612,3,78.97223708162308,4.824506872981536,4,4,0
8356,6,58.25391109006055,4.771968363135414,5,3,0
5619,1,59.04745174397724,8.51043698504224,8,2,0
4547,5,26.449136699189882,10.443744231324999,5,2,0
2538,5,26.184860263437447,16.65266525625555,4,2,0
5207,1,80.49163191877987,0.7174192879086512,2,1,0
9514,5,17.464400620922092,0.0,10,4,1
9009,6,40.55953970440195,13.414169864947198,8,0,0
3054,5,111.13270992634101,2.7535333484393494,5,2,0
3675,4,42.379931094235324,8.672193433484432,2,1,0
7776,5,66.28111378386554,2.8524670896318565,4,2,0
7218,5,49.913672742703575,0.0,5,1,0
6722,5,109.39549480362918,13.848140941794618,9,1,0
3300,4,55.452029425952816,24.642606073727112,4,1,0
3310,1,52.13039630778715,11.937972195878862,2,1,0
7221,1,180.15869224882786,18.42651207395904,4,0,0
8519,2,110.39478353145937,8.777468039333698,5,1,0
5954,2,30.180121659826174,7.0554166344077505,5,0,0
832,5,31.48292463677917,2.9849469443439354,4,3,0
3462,4,17.036739830298774,16.92480415161848,5,3,0
7643,3,47.160179339218715,7.276727869692222,6,3,0
54,4,25.025516161238635,5.272293622720219,4,3,0
3451,2,33.01790948442865,0.0,11,0,0
6305,3,59.996536464959625,11.47736277905711,8,1,0
1481,4,76.85091252829753,1.7429054101666104,7,2,0
4873,2,66.48329529539527,5.537224292530135,6,2,0
8038,3,82.83972153684476,10.004420215661723,10,2,0
3335,3,56.48157807319037,19.36775913965017,3,4,0
6016,4,34.741424588050364,1.4249027033820685,3,0,0
4926,3,53.63613481159129,16.141579710484333,6,1,0
5797,4,67.18909570523638,8.636669184006854,4,1,0
9831,9,105.01495720733608,8.147014059162533,9,5,1
5083,5,71.72718954773259,7.93213670370513,6,0,0
6645,2,75.09776320514312,12.698673581363467,4,1,0
5490,6,30.366313675403248,1.4847133956333796,6,2,0
768,5,108.09043996560757,15.343121269222115,4,2,0
2065,1,15.341763840809977,9.525122970844084,6,1,0
9500,2,106.03265670985904,3.5485013281717164,13,4,1
7311,2,39.49733932726261,6.794408887840805,2,1,0
8477,8,167.1211072257066,8.635410216135863,4,1,0
4524,5,71.58400434152242,10.358611815432628,6,0,0
2717,1,69.77028788501835,16.299073749206382,2,1,0
2079,6,35.95813116042834,11.588262989148541,5,2,0
8914,2,10.432084367317884,4.011734530566153,5,1,0
951,1,61.63737183840954,3.7928017095188693,2,1,0
8058,5,26.19215941040523,18.68094339694685,7,1,0
2482,3,46.216771055823216,15.07079258366901,6,5,0
1759,4,181.98037072018485,14.829734843288545,6,0,0
4422,5,86.7405403802454,20.164910342618633,3,3,0
6704,3,44.15930516140937,6.926226884579237,3,1,0
5182,3,147.47392289180002,12.32476026402662,3,2,0
8533,6,102.77704117536496,24.33963124295455,6,0,0
3701,6,121.64724720516145,16.865962797070015,5,1,0
4243,5,33.54602357475446,16.75191812301818,6,3,0
688,6,66.50856733316347,22.81429359628086,4,2,0
3432,2,47.73589080952042,11.969252438042966,6,1,0
4944,3,35.585488713370495,13.44457075005793,5,2,0
966,3,154.3759225725365,14.843277540244479,4,0,0
9484,3,38.034026122347626,6.645916589844005,8,0,0
2713,3,31.205181524202363,0.0,3,1,0
4757,7,101.88744567045006,0.07345048880364935,8,3,0
9545,4,12.810617702325557,6.491221742809399,9,3,1
6320,4,39.89255206207392,0.559055216968245,5,2,0
5975,3,45.25761354368977,21.265347936919852,7,1,0
3572,4,35.59076254290018,20.986838496973064,5,0,0
5299,2,106.15702796623151,4.424608012473623,7,2,0
1990,3,16.36836783022474,11.99961217287682,4,0,0
1205,3,36.87231319511585,3.1612094554056114,2,1,0
4971,3,32.92417087757966,8.7291702565538,3,1,0
6783,1,24.25256048965618,3.595140317626351,4,1,0
3600,3,88.34081235153418,1.411559789574639,7,0,0
6490,5,73.71430056696192,15.414513452798325,3,0,0
8609,5,30.68411693372165,8.619429117802866,4,0,0
9978,5,144.11425382760868,10.560156544722988,11,5,1
8070,3,59.085348037586044,8.334290493595027,5,0,0
8577,3,76.38195173657844,11.340685795390897,7,3,0
7973,2,21.761357185910164,13.226123292031719,3,3,0
1625,5,17.84424933282795,8.228441314146478,6,1,0
536,3,18.822314995525435,10.06677858567666,8,0,0
8766,4,37.8443074236543,16.450194529893643,8,1,0
7970,4,20.208435863318694,12.233792219751606,4,4,0
4212,3,40.43822306972915,13.64435673847483,8,2,0
6456,6,49.16610954665108,12.495999827467708,6,1,0
3507,3,15.98540585492211,0.02686172172377077,8,0,0
8393,4,45.00504766537949,10.194853666183706,5,0,0
7112,2,49.210830949162045,17.909701402682884,2,1,0
2708,5,16.676602435754,10.714402022112557,4,2,0
5031,3,59.87556965105113,18.77923232927926,4,1,0
6514,3,33.56742246012003,5.831081137266631,4,0,0
4662,3,37.43906750128527,11.777051307338743,4,0,0
4021,5,187.20745266699961,2.117051856798538,7,2,0
1854,4,69.45519084823081,6.193979498178854,4,2,0
9425,2,16.407759232829545,2.2681735679410657,3,6,0
2872,5,31.086744359248698,20.62948210266739,3,2,0
3030,3,44.217013664047435,10.114533626537549,4,0,0
1645,3,48.63810669314371,8.876145593208234,6,5,0
3417,1,37.19369296839568,0.0,2,2,0
3476,4,56.92565766841786,6.28211462245482,3,3,0
9552,7,531.245178623135,9.206735836302277,12,1,1
1792,2,42.47192293425426,10.471275490034108,7,1,0
3797,3,46.3333191263048,18.31733845478645,6,1,0
3368,3,26.84600467310631,23.44402522220382,6,3,0
7196,4,47.311813755764305,15.01413988319661,3,1,0
9641,5,15.397777195480838,4.641992578801458,9,3,1
5109,4,80.52675996871463,0.0,5,2,0
6024,4,37.840640431423154,9.851031977421783,3,1,0
8795,7,17.4361646560318,19.498635196725907,4,2,0
9294,6,50.36830904653022,25.399540142491723,2,1,0
126,2,26.1344934561666,13.762332709218482,4,2,0
5959,4,88.46832890009846,12.72282236109283,5,2,0
3876,5,31.279762342518993,3.3432331525282155,2,1,0
4451,6,48.33963702303596,25.684943365580168,5,0,0
7147,5,36.032467380678746,11.292731161241974,3,2,0
3531,5,51.29886167747027,7.409895175543388,3,0,0
827,3,36.697476043396286,20.59462850391662,5,4,0
7790,3,85.79504993261078,14.734304760255396,5,4,0
984,6,66.12622837890956,4.106516246747539,4,4,0
7783,2,74.62110490043162,0.4919095239313087,5,2,0
2443,1,10.511606940604716,9.3891282485389,9,1,0
8554,1,25.338298931052233,13.91834873604566,7,0,0
345,5,32.92541577203667,4.1227860963072684,5,0,0
814,2,57.00368740086556,13.456103464138476,5,1,0
6166,4,139.61483068518942,6.372089799526474,4,0,0
5779,7,94.56814788090836,4.691409171915468,6,1,0
2116,5,143.2960311233151,11.522069576198598,5,1,0
793,2,50.774194426033226,14.116466672383646,5,1,0
6898,3,141.59078017848924,6.576031643754389,3,1,0
2674,3,26.279562762293452,10.901864906671989,5,1,0
94,3,95.75469477098963,5.509890123214019,5,0,0
4225,3,144.13236755518045,5.889558105586646,6,0,0
3756,2,123.37731618950585,19.46757733319118,3,0,0
2891,2,73.2246083656207,10.576862912966078,4,0,0
2371,5,88.51132559312123,16.814696658542253,3,2,0
9388,4,62.832079880693065,14.651133101998525,4,3,0
3228,5,157.31679720415352,17.452454022215964,5,2,0
7863,2,45.42871455849326,9.483326870740392,6,3,0
6359,5,15.754226436870756,11.401261416114497,2,5,0
9196,5,50.257919060036606,1.4159090733833128,3,1,0
7326,3,50.35574176872715,13.069996913829296,2,2,0
6028,3,24.379766110231866,20.086183536054243,6,1,0
1865,1,17.958501299948058,13.282906106138874,2,2,0
4612,1,67.13542061300807,0.0,5,1,0
2645,3,42.478739757908976,0.0,4,1,0
2243,4,75.18502910315475,16.908245285891308,7,3,0
5373,4,76.16063936509963,13.300672329995194,6,1,0
2336,4,37.11006138095082,9.909452062643759,4,3,0
950,2,53.16193506762976,0.5042403208035271,3,0,0
1120,4,173.61860679304505,11.227232120274332,4,2,0
2204,3,41.605974355659114,16.785648018613664,4,1,0
419,3,115.90015773921196,9.667593173401796,8,3,0
922,2,52.0031214488217,16.647235579095952,5,1,0
8669,2,111.8109465875149,4.661199899115686,3,0,0
5408,1,35.62095437243139,11.935458439198602,5,2,0
5788,4,129.22433372783806,12.418234761139605,2,1,0
5742,3,197.59197112589476,11.706075624194519,7,1,0
7667,3,40.11257746702471,25.62874849099574,8,2,0
5567,3,86.60645654256722,13.732796819874867,4,3,0
8135,4,25.216389065394324,0.4559422426870725,10,0,0
1202,2,42.86050623499149,0.26312412024105925,3,4,0
5765,2,35.49411375206263,8.407581603865404,5,1,0
8389,3,75.9587308226614,1.264094604898565,3,2,0
1970,5,31.659354211129525,10.283991517825504,6,1,0
4018,5,33.0961027008354,15.072370473491405,3,0,0
3687,1,214.7914499336164,3.7399630075779893,3,1,0
1997,2,58.37505635443274,14.844586476850758,4,0,0
4033,5,27.018694254987043,0.773178803148225,7,2,0
1248,1,51.954156490354286,14.69071068421151,4,3,0
2192,2,33.891223047723905,18.375329907609455,4,1,0
2712,5,86.33960854641622,8.273305387553194,5,1,0
2190,2,73.64121617523561,14.134107858190829,3,0,0
4670,3,95.13275570375384,9.090337413189989,6,4,0
5142,4,31.20859247352492,12.607065291383222,6,1,0
5984,7,74.54360047208885,11.868730573620118,3,0,0
6565,7,42.61384618384675,8.803306983195423,7,2,0
7804,5,57.45312626207325,0.0,3,1,0
6943,3,33.37153403846322,11.992188850612012,2,1,0
2136,1,24.22256762142714,20.37467701107235,8,3,0
1065,9,44.65601324291427,13.69428169386448,2,2,0
600,2,136.4099227255355,19.121392575976266,9,0,0
4227,3,27.737585680556602,1.9630055859861262,4,2,0
7577,4,23.052224466638577,7.779786967635847,4,1,0
77,3,49.17550150065798,3.8000529734665633,4,0,0
7546,2,50.956179487623906,5.767734764210666,4,4,0
2898,5,72.03137601278185,21.258545539687745,8,0,0
4820,5,37.731107992386086,23.909442996065852,2,1,0
9302,4,17.74604175695797,10.44435064658496,7,1,0
6413,3,86.42197461555764,5.414350947635631,2,1,0
9064,4,56.95854163192976,10.771432778487334,6,2,0
8007,3,47.52583789625914,12.357757464825502,5,2,0
5468,3,39.880933802236534,0.09115125165898519,2,1,0
5951,4,52.47184356500533,4.510824574432776,5,2,0
3391,6,103.8297884907846,6.136092633691614,5,1,0
5415,4,67.53217759836194,12.539683750340133,7,5,0
2560,5,16.682046320812415,15.497537633141414,9,1,0
8162,3,63.404335657691604,0.3745082422195445,6,1,0
2635,5,62.229982789536564,0.0,4,2,0
5256,2,30.47542517405305,18.27937383669631,6,2,0
3530,4,65.16312908902046,2.4403577337962776,2,2,0
8567,3,103.5963251652866,13.833589336384916,5,1,0
1908,4,167.66121712628578,17.148915214806188,5,1,0
235,3,38.516191459653,12.204736286181616,2,2,0
1604,3,56.296057480112125,16.298162828155842,2,2,0
7984,4,74.19269317177678,10.737107521462358,6,5,0
3490,4,45.41082616696193,14.814466106906245,5,1,0
1994,2,34.09616937344474,11.83419409561866,3,0,0
2824,3,10.457074459098287,17.164555991313037,6,1,0
9285,2,14.913551305389799,17.717899615506056,5,2,0
1342,2,32.5626585390891,6.800898661213705,6,3,0
8512,6,26.018808795034747,6.946206402130306,7,0,0
1619,1,61.9934764667458,0.0,12,1,0
5287,8,24.607778225238985,11.739236306064912,8,5,0
2060,4,21.884493304800362,16.915688709574656,6,5,0
9955,5,56.532949170525626,8.551012497826257,11,1,1
2219,1,43.336413337416396,4.997076941243373,5,1,0
6038,4,55.569187753703,12.986107544060129,5,0,0
260,2,55.30979188797384,7.800155702388344,4,0,0
9365,3,32.55158494320986,24.496724159967563,9,2,0
9093,7,43.38066147815,14.091786700399584,6,3,0
3744,3,26.696685718373317,11.127232604589258,3,4,0
2026,3,18.98476943362795,1.9701333673372083,6,1,0
6988,7,32.25825731649491,3.808215168340137,5,0,0
4234,4,51.30910881922342,19.184134236331012,5,2,0
1917,2,49.45329947986584,4.790698811729092,5,3,0
1828,1,25.464669726350284,6.442534737758101,2,2,0
6233,8,29.843034738343654,12.325142391824555,6,2,0
9332,4,156.57533263505303,8.029411304124945,3,1,0
6283,4,13.755593988484316,15.115247964059133,3,1,0
4208,3,20.123674034129976,17.365585161076602,6,4,0
224,2,34.64199151711515,12.89585828715686,7,3,0
8915,7,18.714550577047945,9.351803760242765,7,2,0
6469,2,38.80496083879114,24.31313562877464,3,2,0
9413,3,27.525578129563215,0.8585288515039622,4,2,0
846,2,43.41099639162081,17.72310373447913,4,2,0
4289,2,37.550942834881,13.168122662980998,2,1,0
5560,5,22.15801468922143,0.0,7,1,0
2551,6,27.962717987926656,4.33389696901,10,3,0
117,5,55.35853461585089,9.882616424309692,7,1,0
8837,5,155.6286354706372,15.752450328793394,4,0,0
5966,4,56.99832483891848,7.7441812050293555,7,2,0
8195,3,27.686513010404113,9.883521067864269,9,0,0
8659,1,37.219365519511484,9.780299428383014,4,2,0
7489,3,34.791720216365015,0.7143465378536114,2,1,0
5,8,25.08059893240183,5.884337350197267,4,1,0
5342,5,71.71912558830513,9.774369835579234,5,3,0
9111,3,84.12003076432579,20.35046516900058,4,3,0
4324,4,30.02099500113793,21.39500916790719,3,3,0
1063,2,63.85464392614064,4.811171625198751,8,1,0
2590,5,74.67187812988374,21.212105705549295,8,1,0
8434,3,58.04429543219892,9.324259481053595,6,3,0
3735,6,37.71672589159163,17.14181128243485,4,3,0
3517,2,52.49254624595703,11.045264844273262,3,1,0
6986,1,36.7514301182076,17.72688601174745,5,1,0
6767,2,43.505677456053625,4.064507837107926,1,2,0
5622,4,22.12355102763022,3.5647796405775534,3,2,0
1605,3,53.221330154974694,19.268979379954423,7,4,0
1733,1,50.792823010463295,0.0,5,0,0
9341,2,33.323243565545276,23.364900113549922,7,1,0
3812,5,64.38835757141848,9.008357852070999,3,3,0
9624,5,142.78234288511499,2.471259441434417,9,1,1
1761,3,56.578661850323044,4.367631709691898,4,4,0
5401,3,42.00065357977473,10.981994611201468,7,3,0
2739,3,89.8333427574856,10.205869851577058,3,4,0
2472,5,56.651220167908825,8.578164139682041,4,0,0
6738,1,30.2199741444372,10.053795503849512,7,2,0
6891,3,69.66399715468656,15.214126790515753,3,0,0
7943,3,155.92259966026975,6.832720997071832,3,0,0
4206,2,101.48779307190425,18.395954375342487,3,2,0
6371,2,51.226209169421104,21.814507068461083,7,4,0
232,4,63.60351983595931,12.012611480619832,5,1,0
8258,3,57.08700820964792,10.493910776072523,8,4,0
7561,3,22.363174509531156,9.126624947208212,5,1,0
6168,4,20.24781431485693,18.970510126232274,5,1,0
3596,2,182.0726977840727,13.248687583918802,3,1,0
6288,3,17.004252301657456,12.843835765989706,4,2,0
4632,2,91.28820674958041,15.737654440370727,7,1,0
125,6,79.21221274425234,11.648068701176701,2,0,0
7641,4,21.146059887968413,23.42084568498749,5,2,0
6229,1,43.3109445098058,18.910636930764284,6,3,0
1296,4,500.0,8.926957853761055,8,1,0
1976,5,60.61541506104605,4.995711780348705,4,3,0
9480,3,27.87216821713759,4.38765684810757,3,1,0
9581,6,407.20658751904676,14.494677151625634,9,2,1
5750,2,66.52061611935838,2.7166492147965915,6,0,0
8152,6,94.26484469265677,0.13248460699041686,6,2,0
3086,3,41.14994323118778,8.022304344111475,2,1,0
9276,2,19.08257182534831,23.05543519272816,6,3,0
6882,3,28.773469011935973,14.137693702991875,8,2,0
9305,2,31.552653727116795,15.2735002959687,7,4,0
7673,3,74.98946592885054,16.795281785086537,5,2,0
3345,5,77.68241227936612,10.196034972119458,1,4,0
8172,3,170.92059063936713,23.738252427641612,2,4,0
9421,1,27.903747204778234,14.127694395675046,4,3,0
5870,6,19.240146621021488,11.554350076937935,5,1,0
6506,1,41.24689625154116,15.20358537814511,4,5,0
2797,3,128.48384187265984,6.373815841575754,4,0,0
918,4,65.0519242003339,8.646157652735521,9,0,0
1646,7,16.998041504703007,10.729025362584055,4,2,0
5122,7,148.50249060624566,6.203410432765045,3,3,0
5126,1,108.99916174816366,17.83064124190917,5,4,0
4621,4,116.60516333659635,11.039722204670113,4,0,0
6809,2,18.874632273707654,5.062038136687664,7,3,0
364,2,86.78904923248369,21.034213192274677,3,3,0
2125,3,53.183962369330246,14.344375439905585,6,0,0
8150,2,195.03088324753992,8.205606320763618,7,1,0
8717,5,75.02458733911986,15.636479367452456,3,2,0
55,3,35.13928558968,4.4536603279122104,5,1,0
638,4,31.512146243767333,16.038961624881114,2,0,0
302,4,24.572935446292714,11.582278055107881,5,2,0
5811,2,54.144064857367596,17.304435712877744,2,0,0
1276,4,109.387120825521,10.430551856298733,3,3,0
4432,4,49.431429854222124,11.63527200151008,5,0,0
3644,3,41.83993303785071,30.0,3,0,0
4143,3,83.00228262185223,4.54585046810764,4,1,0
2878,2,23.453820660700064,20.584139950576226,6,1,0
6493,4,59.52545836140369,5.917011402109922,8,1,0
5240,3,73.34110648597078,11.65370358071457,3,1,0
9408,7,17.533560755110717,9.316011525121295,3,3,0
6937,5,38.75069822562455,9.426638166221439,3,2,0
7240,5,37.45196686237147,6.493752223875233,8,3,0
2593,4,37.81308959274326,8.575417979837304,8,1,0
2393,5,58.162043877949216,14.9828844894583,7,3,0
523,2,87.31410915832556,9.049119490715501,4,1,0
6376,9,64.15984713365796,9.062953614431436,2,2,0
6981,2,81.31973222597539,7.019076166509558,3,2,0
6677,4,25.026287374963808,18.297963070482155,4,3,0
3900,3,72.89105674237548,15.508733467439386,2,1,0
9634,4,136.67398005212584,8.835651440107911,9,8,1
5585,1,40.14097664324973,17.945603817914918,3,3,0
9360,5,23.14878490247128,11.724210206711968,6,0,0
7956,3,59.15662550963705,12.938787443393167,6,3,0
7570,5,30.422544901653943,1.967948759998361,5,0,0
6777,3,64.8717104544298,0.0,4,3,0
671,1,36.37000152223397,16.70131434476705,5,0,0
4188,2,71.94986186947116,6.253881898018028,4,2,0
666,1,49.50407450577514,7.58318843232551,7,2,0
3266,3,96.61333413384628,11.47650096696682,9,1,0
1887,5,12.362181644111711,19.950355076802943,4,2,0
8472,5,52.88879913224279,20.96057395241408,6,3,0
9091,1,32.632291477692235,6.553769298593471,6,1,0
7687,6,9.070751105767274,12.044055208813283,4,2,0
6031,4,26.180127778156045,8.639376235446528,4,1,0
6090,5,37.29637214943097,12.795151614099993,6,0,0
6238,2,272.1797378216505,9.465428758726121,8,2,0
7350,3,83.31867509321815,26.90622715727961,8,0,0
7830,6,25.092527670247847,18.345639395760628,3,1,0
760,3,30.745056867262228,17.696884317196805,4,1,0
6254,3,25.501929442258053,12.838845888138929,5,1,0
1906,2,42.88380866734219,9.694624333348361,3,3,0
3818,2,50.018309565343216,6.456056553052422,5,2,0
6269,3,18.93132497164843,15.624158134059366,7,2,0
4300,7,23.07955611216234,23.719265378880742,5,3,0
5569,3,26.81064268670231,7.6559127912987845,5,2,0
7941,4,30.613670896200958,15.048704268081783,2,5,0
4164,2,30.610222567570105,0.0,3,4,0
5971,4,55.15732719217923,13.659194027736831,3,0,0
3579,3,50.38912461133585,7.242356902945377,5,4,0
2832,3,29.86391243863077,6.0228370925919865,4,3,0
5449,4,109.99898387077653,13.6430533743831,5,1,0
3472,3,33.24204748154515,21.27512841981136,5,0,0
6327,3,74.52585211290094,16.781451965476126,4,1,0
137,2,53.061466382701475,15.784631141627331,4,2,0
7043,4,14.251203221686358,18.38907139462732,5,1,0
4892,5,37.296929391840976,5.199634836818482,5,2,0
2180,4,57.4039588676195,13.07574204715063,2,2,0
7730,3,53.48074655830481,10.457994854013142,4,4,0
3177,4,34.40850282213169,18.086744051302443,5,1,0
4854,3,61.1145744014734,11.483262993167735,7,0,0
4637,2,95.02515703919755,11.678807029976797,5,2,0
5115,2,43.36368763226605,18.01089417936107,1,2,0
7648,3,118.39267302780765,18.303227098362118,6,3,0
4261,2,14.19985415193585,8.553882618362271,3,3,0
1331,4,98.99658535626334,15.28075158212726,3,3,0
7002,2,111.60210557654035,20.906384720090422,2,1,0
6941,4,55.13852554260952,19.926102464757673,4,1,0
8017,4,21.726182554852414,1.6171759026736616,5,2,0
6241,6,68.37174243586975,14.265914699559056,5,1,0
9987,6,129.8856968549183,13.771558538004875,7,1,1
6881,1,55.316958039117836,19.382420141075606,5,1,0
4530,6,16.251749933633302,8.43836860104593,3,2,0
4673,3,57.453925853853384,8.532334141993186,3,0,0
6996,2,82.83036276445374,0.945044119182608,2,3,0
1252,6,52.791008452669125,16.199944441219447,2,4,0
3374,4,44.118802291248976,11.356019839372541,4,1,0
2814,6,44.374808425743865,8.290081676383323,4,1,0
4719,6,57.65659514214523,2.014420198473518,8,1,0
6544,4,13.997912220882116,13.751284047565393,4,4,0
4858,2,39.00449849751279,9.324385988909455,7,2,0
7901,8,24.392119636410406,5.252155624160043,4,2,0
8580,2,33.94473992862962,13.167383509748397,8,0,0
8427,8,86.6946837001627,13.004781214733871,2,0,0
1077,2,43.84069507799607,22.036535716444423,3,3,0
4363,4,75.585636973511,18.89866743491139,2,0,0
770,2,21.94185433128215,10.65107487379539,5,2,0
8865,5,33.71464287477614,16.535587285362013,2,1,0
249,3,56.09777206950354,5.947590233342707,3,0,0
7239,1,61.1959968992609,14.144909164043185,3,0,0
3419,3,124.40344959850964,20.58873354070556,5,2,0
4976,2,18.255408543161792,14.948862652874261,7,0,0
4544,4,35.033181676471976,3.239274692208628,5,1,0
5565,2,25.699058528542782,11.757176984510275,6,1,0
7939,5,16.352779136872062,15.033369836300832,6,0,0
716,3,16.863974890301364,13.736065846127662,4,4,0
9652,8,56.858219856682766,7.751548990100925,4,6,1
2048,2,34.86666597608773,8.766137924297968,6,0,0
5997,4,19.46325084223279,0.24658967468324455,3,3,0
6600,3,49.42768819635338,11.729876408723968,7,1,0
7245,4,113.25761939904586,13.379447005079822,8,2,0
4178,5,18.479104691417287,9.776241228298884,4,2,0
4809,5,91.23127263554781,6.060406754289575,6,1,0
9482,2,40.082220150639955,13.520342934222482,7,1,0
7140,2,40.37706539857384,4.225556112135122,7,0,0
7190,7,11.901845672801196,8.833049202074166,3,0,0
1460,2,57.808984249519014,0.0,3,1,0
5989,3,15.189099954619568,15.10872104802653,5,1,0
2000,2,25.48307381096775,10.506958964082159,5,1,0
8175,4,41.886007343627035,24.97524183548322,2,2,0
404,3,77.46191852663453,19.226477816379656,6,0,0
384,3,350.1796959884234,16.754644854207555,8,1,0
9448,3,40.070122513957294,0.0,3,1,0
9487,3,157.48402075669782,5.404162354609478,6,1,0
1633,4,43.420463115854886,9.131169466972732,2,2,0
9853,1,88.65408767549062,10.548050882530685,7,0,1
4784,4,158.98268821625877,5.824982372817401,4,1,0
9456,3,135.99580769304922,0.0,7,0,0
6970,4,26.194090403999564,10.184610162915376,4,0,0
3925,3,62.99326492753517,10.589685966074907,4,4,0
4158,4,76.95956114751249,8.70133970683898,6,0,0
7449,3,42.711047980923375,18.613639992618488,4,3,0
8415,6,57.4411199228283,25.39018600035107,3,0,0
2193,2,97.25369342613925,22.707723902017236,8,1,0
1015,2,63.682547832068884,5.235492531033024,5,2,0
5124,3,14.322022682054962,13.349495426385966,7,2,0
7418,3,42.42722227160191,8.565398441120466,9,3,0
7409,4,35.052515040668666,9.737429285121069,2,2,0
8989,7,39.51180841342228,6.423533498108962,4,1,0
2871,3,13.129380031659304,0.9031283315733081,3,1,0
9,2,64.3455747626143,10.748597815892008,5,2,0
1838,2,112.40313619312549,0.0,1,0,0
4804,3,27.205381526732726,12.049384787333603,6,3,0
255,2,19.039455564029215,10.376603757480611,5,0,0
7026,3,12.55913880057762,15.13069854868196,2,4,0
5713,5,119.46203068241428,13.036821258971695,6,4,0
3324,4,23.60115155570697,10.12616259922108,10,1,0
7714,2,25.093710013718194,12.268025858210015,4,2,0
1581,4,89.65055137779318,20.70662409401385,2,2,0
924,5,45.27502844645035,7.151547453045838,5,0,0
2779,6,31.79287197110891,16.003959376009234,3,4,0
7891,2,41.43521897748023,12.796683988565071,4,1,0
6132,1,18.245960600009322,10.61674543366206,4,4,0
5320,4,51.43352447724726,7.376572999298074,7,2,0
7312,1,16.416891234077696,2.227038091627712,5,0,0
7102,5,233.92666729194357,0.7442302861612546,6,0,0
6042,5,62.58303822390946,12.072146139057613,5,1,0
3775,1,28.256648002272023,7.290731404966134,4,4,0
4835,7,24.28491759149076,0.0,6,1,0
4964,3,42.25283389650818,0.0,7,2,0
539,4,27.44467632248862,15.467598279939027,3,3,0
7483,2,81.94332243740423,18.5786597682581,2,0,0
2745,2,31.609937537166832,18.031512409509507,7,1,0
3719,5,28.42453805877652,9.023339742283133,8,3,0
6819,2,30.088314081650804,17.794811264854065,6,2,0
9337,7,57.46404274070516,11.031946160284914,4,2,0
4468,1,80.63855905618698,7.655415204095662,6,1,0
667,2,35.21732351455706,3.4426856132096777,2,1,0
7575,4,77.5140301427088,17.897637975055527,6,0,0
8549,3,59.40106440349021,15.564251067250183,4,0,0
5063,4,35.0524781781838,20.815665578630263,5,2,0
1353,2,61.89938434119303,14.690175648651447,9,4,0
7114,5,33.747978314069655,9.437481060739472,4,0,0
9773,6,65.7489710059061,3.9896057968854923,7,7,1
8662,1,40.382686502888596,0.44618232209476716,4,1,0
2703,3,20.813374631503724,20.461716671364975,5,1,0
3330,1,35.76883101429136,5.815146805904082,7,3,0
8053,3,60.401662175485036,13.56023479685704,3,1,0
3584,5,95.83424729901135,17.003957358131554,5,0,0
9441,1,14.60316889923397,21.574966914495775,8,1,0
5645,5,30.96597962013305,17.38209167193808,5,1,0
3376,6,65.67921641494796,16.522801922104552,5,1,0
1256,5,49.82910246226167,5.249760490854587,3,0,0
6190,3,62.34978765318373,10.945326506345369,2,3,0
5348,3,48.18863594176935,19.036276879279736,8,2,0
4175,3,14.978546118610959,11.657766300983269,2,0,0
4910,3,61.01278878873407,18.370957881917167,3,1,0
1852,4,44.247981569578926,13.679712526058875,1,1,0
6316,3,35.70510663030248,4.698061738923567,3,3,0
9854,4,96.85657871836645,8.43386489142133,7,5,1
2105,5,27.024874156413226,13.334288349597568,5,5,0
133,3,80.72478271374825,16.586943933409056,4,2,0
5029,3,9.132254384326144,23.50503740223528,5,3,0
928,2,34.87906945839113,8.75911265613864,2,2,0
823,5,36.43216202964802,17.90251805068793,3,3,0
7576,2,42.773693953419425,11.700800597084108,5,0,0
1531,8,74.80016154693006,16.03982446213802,7,2,0
1214,2,29.05476831232928,8.279380559815639,3,1,0
504,3,46.23432437344409,12.717936980853008,5,3,0
6530,4,28.999873237089705,19.93612970161964,8,1,0
3072,5,21.97418339836644,20.893965558383393,6,5,0
9086,6,66.63312539732264,3.0583797569734337,9,0,0
8647,4,25.036011236090573,11.234205290161746,5,0,0
6619,3,71.86657783975946,14.741661534864665,4,0,0
9273,2,43.29562768913753,18.730725131743288,5,1,0
3709,3,37.55940749959051,2.9561637831546506,6,0,0
4849,2,28.62272199029913,8.953080982657209,6,1,0
4748,3,47.23586086666402,10.362690385212234,5,1,0
4268,2,25.617557885295394,23.519308560513014,5,0,0
9878,5,268.21966354687186,11.058130909054185,10,3,1
8905,2,17.812115083168365,9.62550125893671,5,1,0
4186,5,17.913834659125826,7.948282671637518,4,2,0
5301,5,79.9200800843416,1.4577934704857505,6,1,0
2923,5,53.745686545323856,22.123569493446773,7,3,0
6588,3,45.874938544921626,1.9519053805422413,5,2,0
1810,3,41.46474710089039,11.533092752751108,2,0,0
3486,3,67.47116645700952,10.584295081755204,5,1,0
7419,5,37.46503068876036,4.581697300592758,3,3,0
3141,2,41.18956254609522,2.4285278628519418,4,2,0
9347,6,5.0,13.01773593364377,3,3,0
1324,9,43.4258566959846,17.688403250625697,5,1,0
4312,7,21.49848026600627,13.409458992002286,6,1,0
7494,8,10.527983220039907,21.219922181970585,5,3,0
8702,4,100.25387476592864,16.59969676153829,4,0,0
8691,4,51.02145027785838,21.73646611508255,4,2,0
9503,6,133.8032378642173,13.818607852855655,8,1,1
5541,5,20.97702899376283,0.0,5,0,0
6172,3,119.83480694971654,20.758684442121382,10,1,0
1540,4,35.30256965190482,15.797155571157576,4,2,0
9409,6,120.4761292290584,16.11151837528102,7,1,0
2681,4,38.819348663863394,11.36048287446725,4,2,0
9882,2,46.02289479764673,11.689042658503826,7,2,1
6313,5,38.02699287186188,0.0,3,2,0
1191,4,39.035525008086545,14.864056535346219,4,2,0
5293,3,32.06921690454707,0.0,1,4,0
1542,3,52.02317100439419,11.786573800666876,5,1,0
7056,3,34.513699698105455,13.912924079037353,7,0,0
2539,3,79.63562421637677,11.047091358197541,5,2,0
953,5,500.0,19.923569150436666,8,2,0
7241,6,40.63627411083831,25.828634955272918,3,2,0
6731,5,45.002767764123966,0.0,3,3,0
4846,4,42.399142165326644,13.164880018888583,4,2,0
6801,3,93.74149371376022,10.910736531750578,4,5,0
8010,3,26.692218152227884,14.856991378883619,5,1,0
4330,7,54.276172665528456,10.90244335234782,8,2,0
8924,5,68.25772288799139,7.395860597271266,4,0,0
5334,2,190.99034545861295,8.525813396371474,4,2,0
7330,2,38.2181636838032,14.425527049318454,5,2,0
9348,4,25.29702663461353,14.497615550620196,5,3,0
4729,3,17.962201183136976,9.001409374362792,3,1,0
6541,3,48.554371582760716,15.341942222282965,3,1,0
5305,2,35.96107811460213,7.684458759958677,2,1,0
5161,3,12.773123762593542,15.529929388060337,5,0,0
7860,5,107.35118287133281,5.702451044169732,5,1,0
2156,3,45.84740760459382,3.8131419871053946,9,0,0
1062,4,205.06152647412662,16.555652657490032,6,1,0
1167,6,27.354563239265218,12.691315374817808,5,0,0
3636,4,84.1512091610403,10.52615886385509,6,3,0
7651,2,67.17520139241724,11.150257364904201,6,0,0
5588,4,143.53250104597387,16.299942404964472,9,1,0
7192,3,18.313020036364584,0.0,4,1,0
4491,3,24.976435661574232,25.26788733795268,5,1,0
7266,3,43.979197079707596,25.247736616067797,7,1,0
4980,2,53.99360862194472,10.009529729826088,7,3,0
8335,3,67.686747875458,9.087133047695561,4,0,0
9952,4,107.43378995263107,17.08009745573677,6,1,1
4946,2,47.516391977479785,3.565040326921281,5,1,0
2782,5,52.16462094676505,0.0,3,1,0
717,3,43.31593733492513,13.0008553701297,5,3,0
2502,2,23.49839622366512,6.983725307447012,5,2,0
4360,3,34.392719306883414,14.599619752942717,11,1,0
4171,7,59.21704967659447,16.307391158377314,10,2,0
8082,2,216.89889606869028,9.391018101504843,6,0,0
9760,3,271.6161684449267,3.207589083367276,9,5,1
395,4,16.76992955129671,7.166091460912444,5,2,0
7186,3,44.711875276416556,14.048167162226093,2,1,0
9822,5,159.93724886135428,13.734883351518468,7,4,1
4492,3,16.32132556483211,5.517751071208601,4,0,0
1365,4,82.50381496679024,13.062683277936395,9,1,0
9526,4,33.207459011606744,0.0,7,0,1
8787,3,30.857435380231536,10.578534045324266,5,1,0
5917,4,48.76699223940491,7.979390570138387,5,3,0
4968,2,19.76133926263473,19.08417230075253,3,2,0
2914,4,17.13882375154475,0.0,6,1,0
5644,1,108.84769122074796,8.415257462481254,9,1,0
3766,3,35.363669669767944,5.320307329386715,7,2,0
3440,8,67.53435208723901,14.043181380034998,4,2,0
7357,6,23.078453569663033,11.4071466863103,7,2,0
6806,2,26.200284896823373,14.986059131488425,6,4,0
2143,1,52.06855671656298,16.18794700066332,6,0,0
5104,4,29.67412875237138,6.105573512268325,6,1,0
5073,3,82.8494529461589,2.2039005522778314,8,4,0
1571,3,103.2163919975222,7.515067473028014,7,0,0
4079,4,102.26855730407016,18.268544035980085,5,4,0
1122,4,52.28440733659522,3.651432838686688,6,2,0
2786,5,60.07042553874805,11.469363305201279,8,2,0
2967,7,50.89351099168479,16.950102752291436,6,2,0
2504,3,25.484031623844594,7.514904248504818,3,1,0
5988,4,95.49793650460579,5.630909609855631,4,2,0
8867,5,38.298124163047,9.55339729868961,7,2,0
7164,2,37.133934551980985,22.297999161336108,4,2,0
728,6,20.979139209296815,9.056438690732966,4,2,0
7587,4,49.814580767116496,14.792010464042722,4,1,0
7543,6,11.640885644617866,14.388765963209613,4,1,0
412,4,39.76715932544189,4.009904390409033,2,1,0
5745,1,28.98936547295383,9.407066560335213,4,2,0
7668,3,29.110818862956336,9.036305115373514,7,0,0
825,4,45.90315791520187,30.0,14,1,0
3267,3,15.44874893352278,10.879935922433678,7,0,0
3974,5,89.22241557207768,11.132217700754612,6,1,0
8808,6,86.64537794520196,0.0,3,3,0
8306,2,23.595964271060833,8.711405489620043,2,2,0
417,4,42.35953680453466,8.402751244564264,5,0,0
6748,3,43.15071458646563,10.307744193922431,6,1,0
8967,3,52.78013412739714,8.545235667414612,6,1,0
2082,6,28.64203107481711,4.862962258096377,4,0,0
8945,5,48.88006171103317,6.875647160677851,7,1,0
3373,6,24.013631879002386,17.756373158049094,4,3,0
5726,3,40.435289940481944,8.71328877657444,5,2,0
4107,6,128.28528817017806,22.232006133799914,2,1,0
4380,1,141.80703847823648,15.659334936646177,5,2,0
7723,4,66.42478144461943,8.34209547011578,4,1,0
1066,7,56.78721099940156,7.32805842057921,9,2,0
3913,4,42.40531351372919,5.442662952728231,4,1,0
5536,5,109.35735878109173,18.487680665015613,2,3,0
8002,1,15.937978290811804,20.200329228073663,4,3,0
5387,4,80.9378521445957,18.32782425224641,6,1,0
5732,5,87.1320103020196,12.207371018019817,4,2,0
2738,2,42.42889939587309,12.793805168581253,4,0,0
5052,3,44.8340320829519,14.770016006784664,3,0,0
4000,5,70.31078301354287,0.0,3,0,0
2427,5,64.94962674187109,9.898011567035777,10,1,0
6833,2,38.37342500110989,16.086550817750105,5,1,0
1687,2,32.07849513006191,12.638763289205292,4,3,0
851,3,25.037746620954174,8.563610967752826,6,2,0
6303,3,72.14851264090868,18.88243089323563,5,3,0
9087,5,17.58475750741595,13.472740149566954,3,0,0
5878,4,9.257378936912495,10.836690348184325,9,1,0
8527,2,32.410160507790465,7.477060816493822,3,0,0
2839,6,271.93245669128015,9.262574055991664,7,1,0
4611,2,81.10362059420657,27.804699024378127,4,0,0
9540,2,292.8040996775063,19.277915254868855,8,2,1
9207,1,78.89455850656682,13.514086906413016,5,2,0
2489,2,14.795069616679479,20.682609362256045,2,3,0
6905,2,46.07404381261017,7.915899556456106,6,1,0
7390,5,50.31932438541851,5.51571343556248,2,3,0
2849,2,81.30858677197963,1.6787313872367822,5,2,0
6665,5,125.27108386543483,12.740789070273845,9,4,0
5881,2,124.97334691061307,18.91045084007547,6,1,0
4452,2,11.859125961054668,12.623548404906566,4,1,0
7421,3,53.591579404451494,8.196409835406666,4,3,0
6484,5,30.132595908462523,8.640626364951338,4,3,0
2479,3,55.21140137647091,12.013000206592006,7,1,0
6617,3,20.159616478534247,20.955698569745337,3,1,0
2141,5,99.4504048302799,29.945582424651377,3,0,0
5188,3,19.962939871698133,24.084413935283152,1,0,0
9704,7,95.65028658154702,0.0,10,1,1
2744,5,65.01152075177407,14.32437371677976,7,0,0
7253,5,33.773982770473474,4.315955152678319,7,1,0
3506,2,66.83592266308723,6.370491156334759,5,2,0
1679,3,47.16093986158196,21.36636970690629,8,1,0
4249,4,63.795000576228816,4.4682985463115275,3,0,0
3147,3,51.47616930487361,14.226101004753513,4,3,0
8130,4,50.129575023410915,13.267597818718444,10,4,0
7004,4,46.10146497458243,2.4777730928655703,6,3,0
580,3,43.59917529117221,17.350913093385415,2,3,0
4070,7,76.7576415855393,27.324277152171696,2,1,0
3343,2,99.08029105743817,22.13722380289788,6,0,0
7404,4,62.68683042036273,18.599841387982792,6,4,0
3672,4,28.20170507925932,11.014489954573357,8,2,0
559,4,35.41741771082049,26.16295105322304,6,1,0
5237,5,41.91317293666486,22.014192438739993,1,3,0
7805,3,207.81065695203176,24.069279808122438,4,0,0
512,5,17.626760168681297,0.0,5,1,0
1081,3,64.71302180314954,23.70700097320506,3,2,0
1664,7,53.94318791045429,3.451926445156797,3,0,0
9204,3,38.156737225290584,10.521086417136306,8,1,0
1931,4,31.398283333005562,17.276623920286543,6,3,0
9666,6,62.71035930429516,9.26232203333654,6,0,1
1150,2,131.96514722585505,12.715663723982615,2,2,0
2838,2,73.7443325909943,4.2767834100879805,4,5,0
5949,7,14.948141259265915,0.0,5,3,0
8308,1,159.63634742297663,13.52457205652766,9,2,0
8932,6,33.946165662380906,12.430661440303588,5,2,0
9788,3,236.12608094716572,6.646622332908855,6,2,1
5177,5,33.46224590791967,17.25373088675503,2,1,0
830,5,111.08332004853523,10.340641936612373,6,1,0
8311,2,34.77642849739087,5.66529707712252,4,0,0
4752,3,86.24922894515322,3.4656572791285605,12,0,0
9850,4,81.03352882839559,9.841521650915778,4,6,1
635,1,56.75630693672175,9.135649359042288,2,1,0
4465,1,58.02217856040695,22.56573768369843,8,2,0
6799,1,30.34777174914073,20.261968860729475,8,0,0
7987,2,81.02066785939114,14.78944286044391,7,2,0
7079,3,52.26971433428364,2.4528361748781453,5,3,0
6966,4,58.522335329810105,10.38839526578068,5,1,0
4142,3,20.496040751265806,15.963862967876594,5,1,0
7027,3,24.752678133247443,7.6671875157899265,2,3,0
9183,6,11.04849090022773,14.13664640615265,3,2,0
876,4,31.93284083202995,7.654964357319447,2,0,0
4869,4,62.54826824570815,9.54721699004074,5,3,0
5315,1,57.87356888575928,7.345727488770861,7,3,0
5222,2,28.338939051559446,0.0,3,2,0
4,1,60.50540926656272,11.135257649926194,7,1,0
3051,4,38.920765684968586,19.658211971368207,4,1,0
5691,2,52.38685064198057,18.087615207033615,6,1,0
3124,1,47.19348766416964,14.450640785453388,7,2,0
2491,4,47.9427614445712,12.452839247426855,4,2,0
3854,8,63.85348896786604,8.913376645929887,4,0,0
4777,3,35.19935126461749,8.505449647446817,3,2,0
7509,3,32.80675217685821,8.384769640651651,4,1,0
6457,4,71.95052688699118,10.470223997698838,8,1,0
6293,4,94.81068539288856,8.038710972132332,4,2,0
1148,1,24.916340402320863,21.02345292501802,4,0,0
574,2,115.66778315974926,1.450269645910959,2,1,0
3769,7,48.91361263621827,18.48402553870858,2,2,0
4146,2,13.288045215435556,24.68697922222399,9,0,0
853,3,38.26881214100496,19.78035692415654,5,1,0
5919,5,31.305250486923956,21.26572206652213,7,0,0
9358,4,9.759860350997556,9.447439552280157,2,2,0
6614,5,21.279803871862327,19.428795195961797,8,1,0
6002,5,32.80095229065025,9.404830901575517,2,1,0
9163,4,59.37841273514523,22.24117444176666,4,2,0
4495,4,55.665344031519474,17.052249348174833,4,0,0
8173,3,50.576727505574134,2.121600759400959,3,0,0
6655,3,21.910167743560176,13.25162678844191,1,2,0
2368,4,31.018406065314128,9.691520062396588,6,1,0
4780,3,48.97424583500436,16.924516372125495,7,3,0
7992,4,30.025528143853368,10.322396263286208,5,1,0
2950,3,59.35013776535665,16.91688911762134,5,1,0
5625,1,63.356665500101016,24.298018258530554,2,3,0
6971,2,75.92538950206787,7.81300122489038,6,1,0
8716,7,34.95765014160735,17.93667827177794,6,0,0
1841,5,17.935449768656923,1.9899463173446126,5,2,0
5986,7,15.215042001107156,16.31754639983314,3,3,0
537,3,52.07998963764185,7.432007851595346,5,0,0
2806,2,50.39415639093623,6.691713211990199,6,1,0
5801,5,33.69867340090682,1.3104329545670943,9,0,0
5596,3,47.4459423297424,6.016107209552375,3,2,0
7206,5,30.47113266483793,18.78729266715419,7,0,0
7343,6,69.73813236150191,15.697895857583813,6,2,0
7560,6,27.86667782592879,2.5270824353916286,6,1,0
8096,7,55.855639975097176,17.288325598492104,2,3,0
784,5,19.656538879819006,11.108613786773285,5,2,0
1409,3,80.96775660232821,22.47557142507021,9,3,0
154,3,108.76926998078662,11.262388777966176,2,1,0
7806,5,33.55199222003472,16.487928383929678,7,1,0
3009,3,23.710344536517802,18.55510249354308,5,4,0
1686,5,136.04584643270474,5.933923665336837,5,1,0
4014,4,93.67698806099615,14.732082125088748,2,2,0
7455,5,47.32021805546103,13.74801722169216,4,1,0
3863,4,55.342348739320435,10.451431149168359,5,4,0
2733,1,43.21856779534657,15.153111875588628,4,2,0
1895,4,44.36087958247041,17.395272452974908,2,5,0
5442,5,10.706995733280744,11.309508940973238,4,0,0
569,1,22.071022901946673,12.183898077668927,5,0,0
6709,2,17.661703052670358,17.140714345919946,7,1,0
5854,2,34.401852021140236,8.296922572624368,3,2,0
1816,2,58.552162426017496,20.23819475732877,4,2,0
8319,4,70.85421022125632,12.609575612774995,9,1,0
3394,3,17.626950820841078,12.41100646215878,3,2,0
3327,2,41.771935365562555,3.73948025945446,3,6,0
9982,8,90.1788273235311,1.297671661119491,5,6,1
6102,1,106.18406194026355,5.62796206651532,4,0,0
2975,6,30.3483479309673,8.5402507816089,5,3,0
980,3,54.975671816131175,9.271322608959153,5,2,0
190,2,26.48700688141784,12.41297955437544,6,0,0
9331,2,59.84754619752895,7.763802406971889,6,2,0
5088,6,17.007789122086216,16.101092646338756,9,3,0
699,2,32.76778584179821,11.133419149885361,5,2,0
9759,7,800.0,9.318359856385294,7,1,1
606,5,115.40377839535103,9.679308793871119,6,2,0
301,2,66.76673164921262,8.673442641712406,1,2,0
3420,2,9.726727059868775,15.670446553972608,4,0,0
9804,1,30.976128272260738,0.0,6,6,1
1060,1,44.549196442143696,17.423253586115358,5,4,0
3444,3,36.38764886653554,7.829687764398093,4,1,0
1069,5,68.6715812823516,17.874723604398135,5,2,0
2205,1,59.536956352303434,19.29021783674783,5,1,0
9435,4,32.826085797214716,9.805365564491046,6,1,0
7339,3,15.351660690662232,0.0,4,2,0
8208,4,19.749210907702178,7.269155967614433,5,0,0
7679,4,67.61468047084087,6.5467869922320405,6,1,0
4642,1,117.26453329171794,2.3783779500051807,9,3,0
7683,1,54.31637253920814,7.7859742533765965,7,2,0
9007,7,47.181636898629385,6.61299813112802,2,0,0
7996,4,62.29444714631268,1.5192920110894903,5,0,0
5600,2,33.375126538896936,26.60804331418442,6,0,0
9151,4,40.7323407668651,18.99005320247169,2,3,0
7022,4,41.68611987160137,30.0,6,3,0
4893,2,100.07623442902718,17.14246068652475,3,1,0
225,4,148.14404574188774,25.04630709896796,5,2,0
3354,1,48.24581667292415,24.826305194326437,8,1,0
5895,2,11.750753910080592,25.49758895201541,3,2,0
8754,1,115.49789173296554,0.7623487743116399,5,0,0
3436,8,14.893968924297617,18.093423515073084,10,2,0
1693,5,36.26350031691059,9.890275547077405,4,1,0
6893,5,17.838091732063624,10.469813616916433,5,0,0
1045,2,42.03917618344618,10.179495951273704,5,1,0
3446,3,23.875119529516848,10.255790248702898,5,4,0
8050,4,146.11517804881396,16.16197644725876,4,1,0
9146,5,33.38490468933268,20.280435359220995,7,3,0
9981,7,71.20712899473689,0.0,12,3,1
4735,4,38.354834181660145,10.374135862233288,2,3,0
4496,6,55.364015737784015,25.975201474543834,4,1,0
1218,2,43.93921012405221,22.354864264760323,4,0,0
6015,3,82.93286247082524,18.07589600943247,4,0,0
9719,7,134.8655927992143,0.0,6,2,1
3987,4,43.03595136819965,10.029672297689174,5,1,0
4911,4,86.73056809736097,20.95909094018776,2,3,0
9492,2,63.48139525286231,10.852733169459682,9,0,0
4493,3,85.52286854334612,18.239224773817327,6,1,0
6944,6,88.28823110629456,10.193536074640834,6,3,0
5699,5,83.47368973082028,21.525236595869398,10,2,0
8352,4,22.505058725843774,16.545553381130258,8,1,0
956,4,30.86988972219881,11.972869578527444,3,1,0
2869,3,69.03407062443902,13.06283900251958,3,3,0
4433,3,12.248473077437302,16.897133093857857,6,1,0
4973,4,27.615280011628517,18.817276418254643,3,1,0
2961,3,94.02764087771169,19.71871670001449,2,0,0
2200,5,63.27262829312508,3.305918259645523,8,3,0
98,5,18.70419648963614,19.639958737941612,11,4,0
9849,4,66.95300596935104,10.59770158425594,8,4,1
2557,3,123.29775880867331,20.464097800001714,5,3,0
8445,2,107.64346913588825,23.886273344362237,5,2,0
4199,6,17.194208588263663,18.19470013543047,7,0,0
9637,6,184.7175205045537,2.119046414905001,10,1,1
5539,3,32.708676144766805,19.165717804334673,6,1,0
1648,5,35.92372541742763,16.856475876622895,6,0,0
6197,3,42.77567736356585,22.7650957663018,5,1,0
6295,2,134.1746210142669,16.69279482037343,3,2,0
4499,3,38.02913173866357,3.970534663025944,3,1,0
1154,3,55.94460423273443,5.239049142389123,2,1,0
2255,2,109.15699048196937,7.104922354357952,5,3,0
3170,6,57.85892709575394,12.524561978327554,6,2,0
7400,4,62.59625911447475,0.0,6,3,0
7158,4,155.58606966178945,1.7392163769535731,2,4,0
3108,5,34.54816461095783,19.43099525962716,5,1,0
4548,5,31.334340512778965,20.32926362750904,5,0,0
5423,5,23.34195021852223,12.719702421284705,5,4,0
2049,5,20.427639561606753,14.411087396922571,3,1,0
9208,5,27.936769962366753,22.894945433675662,3,1,0
8815,5,69.61866763169806,23.274666812600238,7,2,0
9797,7,30.832596117560538,11.498617909164398,7,1,1
262,2,19.050922779064823,13.155480188957297,7,2,0
4061,3,58.632501034083944,20.280609363971557,5,2,0
5534,2,27.433387217925695,9.342500398256874,7,1,0
6616,3,27.61343754075778,13.774477150369748,6,2,0
8120,3,64.67701824918478,6.119401921042034,6,3,0
8155,4,23.898834781453257,7.731956966172511,6,0,0
1802,2,72.97699572805766,4.1028301536279335,2,0,0
4736,3,35.65833071061503,3.5114301257834093,10,0,0
2385,2,32.596455540855004,4.35080158458481,3,1,0
6694,2,36.10493741332118,2.0514230896668426,6,3,0
5759,6,113.72481438919874,8.630665199450732,7,1,0
1959,2,60.242306628155944,13.005397036081616,8,0,0
2976,4,27.45647965587032,18.644558226345765,6,7,0
8680,3,46.843292293074036,30.0,7,2,0
1843,4,172.08831075405817,8.854889951440137,5,3,0
1734,6,41.815750011415965,16.71950732084816,6,1,0
2911,4,18.385859501564525,7.734850396000831,5,0,0
8338,2,65.18327629800504,18.905828202176313,4,1,0
1986,3,88.92587485082237,7.500010750274845,6,1,0
9561,6,154.55229492154157,12.665629776924042,7,3,1
6546,3,42.706219013330234,12.485771556930988,7,3,0
7098,4,57.18734571331126,4.382251497464628,4,0,0
2811,2,52.38076393888047,6.362845971692174,8,2,0
659,4,63.28073926116446,14.793028758247322,5,1,0
2511,3,41.9850928399366,14.32635154674712,6,3,0
4282,3,28.849819421931368,20.606150073985575,9,1,0
9339,2,29.749579747300917,24.364982970201087,3,2,0
8800,7,99.29469487811106,4.518326713722612,4,0,0
6287,3,65.05838402823716,13.354594111568215,5,2,0
1930,5,34.525218740462925,14.632064524823122,6,1,0
7125,1,22.02785728037995,10.553107841308144,8,1,0
197,5,60.912988761827464,11.287411915931246,8,3,0
7777,3,80.8566213155526,7.653396100415509,9,2,0
2931,3,44.491620499798216,4.0686005083086005,5,1,0
8004,2,36.05720465105282,8.602097628259745,9,2,0
2327,3,50.378364554646915,19.647231230580637,4,2,0
4389,2,59.15155218184419,13.300811863754323,11,1,0
8958,5,36.94256214763418,10.005823912136357,4,1,0
4218,4,147.895361746495,5.249040105946587,7,3,0
202,2,36.38282736154211,0.8191867094110261,6,1,0
3510,4,47.299025262725465,1.6151561752162937,8,3,0
4931,3,38.46487046491767,17.255260350468603,7,2,0
5535,3,36.82574736237036,13.131640209496892,5,2,0
5791,2,79.5212328578759,17.741152469020292,2,0,0
1707,2,20.834292365963748,14.380949645923087,8,2,0
5172,5,24.30509014556013,12.083383636309758,4,1,0
5249,2,45.29029676818133,12.550941749374934,8,2,0
6528,3,19.828366771651048,20.163293112202226,6,1,0
9848,4,35.01925199133757,0.0,11,3,1
5855,9,73.37012371667704,20.371461625482073,4,2,0
8164,5,41.684475190308206,7.762805025014449,7,0,0
854,1,16.191651372976942,12.818504296528042,3,1,0
4737,2,21.75025510858638,18.481185246183852,4,2,0
698,3,42.765843489485086,4.742924499929915,7,2,0
3696,5,22.229254097329097,7.154417850708219,7,1,0
1636,2,39.31182785454547,10.63173481721961,7,3,0
7280,2,30.711565599176986,7.757594855915269,4,1,0
7554,5,48.35485874796938,14.259594548193302,3,2,0
3581,3,32.19148998614786,8.323788069024875,3,0,0
1291,4,86.93944123895604,27.946180880175987,5,0,0
6585,6,36.832797868948845,2.867099490549027,5,1,0
1853,4,31.205633035205,9.354418901728248,2,0,0
5232,2,12.613948356691818,5.051627294200507,5,0,0
3763,1,167.01359521288956,9.42184371555399,6,0,0
3304,2,146.61071186080653,20.021719125001216,4,0,0
1495,4,30.758920018202396,18.24970661977177,6,4,0
7994,7,46.255542628867744,30.0,6,1,0
1998,5,79.13893904319458,13.545556700126639,3,1,0
663,3,44.515599857139,18.80752468317743,2,3,0
3748,5,49.08552950819968,18.45857100110194,5,1,0
4413,2,28.30686279075827,2.318426429137604,5,0,0
5530,8,26.27160017804933,17.946766004660542,1,1,0
5575,3,42.13962518434599,22.470886380570914,6,5,0
8901,2,21.249196360159317,17.937599372678704,8,2,0
7526,3,67.18184311327228,19.260378742789676,12,2,0
9474,2,41.295995680515496,24.400503580346815,10,1,0
5864,3,61.50587529294121,18.74612467977979,12,2,0
6776,3,57.217243822259746,9.870625019592813,2,2,0
1306,4,66.68427325883513,5.237630716946873,11,3,0
7392,4,146.04589387934962,11.775916707377538,7,2,0
5592,2,64.2955547376357,18.009309918589345,8,1,0
9721,5,103.81193692770009,2.910333144136574,10,3,1
1663,1,33.83482929388308,18.678780137464557,4,1,0
5450,4,34.081284508117264,14.427496236051557,4,1,0
9954,4,154.28899412406395,15.35398859973838,8,3,1
3627,4,18.45595839004962,12.188185485150603,7,1,0
2693,5,74.83222360577568,10.626461973706853,4,1,0
9789,6,73.12312478271761,3.440048653904592,6,1,1
5915,6,14.23162403021138,13.312096840219528,5,4,0
3157,5,96.35822046245617,10.764157369679317,3,2,0
6668,3,63.72150690939452,9.106737943135528,5,4,0
1059,4,22.539967176527153,8.26295096205462,2,1,0
4636,3,42.78228601727042,15.640213305180012,6,2,0
3242,4,88.94621762897175,5.466968602239297,4,0,0
1678,7,22.126983216776487,28.428805543055116,7,1,0
6892,4,166.70152476149488,13.192389039982164,6,2,0
6374,2,156.98572326284014,13.336072905499584,3,2,0
7574,4,110.67721407965857,13.056832024126813,4,3,0
1757,2,18.951586651823266,2.18903530959221,10,4,0
6019,3,164.52417041701824,8.583211822732547,1,2,0
5116,2,53.812524991077005,3.282556994280153,5,2,0
8755,5,45.42259817150439,8.630140017806767,5,1,0
7408,4,88.70664147766438,10.42867839075026,6,0,0
2790,2,38.603732015680635,5.736336024430467,2,1,0
863,4,60.36657097756879,17.364368197271688,5,2,0
7858,4,152.78983072261727,26.317730255970037,3,0,0
1484,5,54.66745038279354,16.811927674604807,8,3,0
7035,1,62.501253371474085,7.976510312293008,6,1,0
7721,5,55.79988472327069,8.190613145836648,4,0,0
5977,5,38.787555009106555,7.600534110549082,5,1,0
5134,5,16.492512684190757,9.529075569739556,4,2,0
206,3,126.04869218779244,18.203634915492398,7,1,0
4488,3,48.17238476469774,3.2606696152424597,8,2,0
6938,2,73.9046503933145,16.927320288166012,2,1,0
9062,5,49.31097209011448,23.16873077487412,8,2,0
6910,1,8.789627847892604,12.357238766192538,8,2,0
502,3,240.21606488727605,13.398845193769612,4,0,0
7385,3,66.24468260213128,6.652338129516868,3,5,0
1028,1,42.81042932023466,20.04160907598,5,2,0
3840,3,93.90412858306897,2.363606683042603,4,0,0
8110,5,72.60140145295446,16.11485886566338,5,1,0
5056,5,145.2815429283043,4.818703072368723,7,3,0
9762,6,248.69523769560217,18.977167184529794,9,1,1
8154,2,60.40382472644203,23.858185806581844,9,2,0
2731,3,14.351559601511013,12.320304278107077,4,2,0
8996,4,46.127202202808185,20.010553695921033,6,2,0
2454,4,55.86521282576059,12.035393174756669,4,2,0
7215,4,41.15922390231344,14.776608134236243,7,0,0
3104,3,43.98318698673006,5.784507363446682,2,2,0
8392,4,60.40679236687109,19.35990705970434,4,2,0
6278,2,72.84381735028943,0.0,5,2,0
3099,3,17.431405328281258,13.299692064530843,4,0,0
6184,5,32.2660379860458,0.0,2,0,0
3561,4,35.79749226754669,7.411147963428073,4,1,0
5892,1,30.076300587555036,14.485230528568199,6,3,0
391,2,14.28845149028175,17.059904082084614,4,0,0
6736,2,95.93959461602931,25.418492536781088,2,2,0
5618,4,53.51883404506503,9.136833562615664,5,2,0
5258,2,18.271212042176185,17.591745528466703,7,2,0
9687,4,35.22730676702892,2.639056421154594,5,3,1
2695,3,27.952004796929543,18.88119599586023,2,1,0
2027,7,58.508894473722115,16.60011732624845,3,1,0
5463,1,24.88857437617344,1.1395794032939381,5,0,0
2568,5,34.865527062814884,22.04208946941413,2,3,0
8006,4,99.7145288543156,21.923004050017564,2,2,0
64,5,29.730894627758406,25.807664065207092,8,1,0
2062,4,16.174678816266237,15.175354551822906,3,0,0
5276,1,48.57990535966959,0.0,4,0,0
7208,4,19.84204839395763,5.96181688505082,2,3,0
8684,5,56.44383187676346,24.50260633917992,3,0,0
8571,4,34.35564969584212,11.49680160490595,6,2,0
6331,1,61.810585850905944,6.415506565510193,3,3,0
4859,6,11.284348700992592,7.090528507639276,5,2,0
4887,3,96.05516664079379,1.716752600749695,7,3,0
9268,3,35.178271826921964,12.14197947451004,6,2,0
878,1,15.089801680379113,23.232659106663064,6,2,0
8529,5,33.70909957525761,18.0548949957723,6,2,0
7916,4,32.05750529409924,27.136544305107865,4,3,0
6863,3,51.22091574562767,10.303664775140453,2,0,0
7892,2,48.631626134166694,7.563096112597267,3,3,0
6439,3,27.14557342110585,9.971967819666096,6,2,0
7869,3,40.72966776042819,8.048607106020915,6,0,0
1016,5,55.50981169630182,24.355837060815013,2,1,0
9467,4,83.45225507113639,13.215222572118048,4,3,0
7629,3,12.386794025948936,14.77828660268694,4,2,0
995,4,116.49338272677352,19.63514326383562,3,1,0
4297,3,64.67728917411281,18.74812685117398,7,2,0
161,4,58.04584318696805,0.0,5,3,0
5675,2,26.948472488851316,21.013001289228782,2,4,0
6873,2,11.52432686719719,9.995998822115775,5,0,0
9692,4,46.40443237059705,7.746211377009604,4,6,1
7989,1,41.314251067721074,21.76833172375474,5,0,0
3843,2,63.48048952763728,8.120050817174615,8,0,0
1021,7,122.0441155385877,9.133826982915942,3,1,0
3073,2,109.34918628253027,9.683860811447394,2,2,0
7555,5,31.829336301047473,19.30854715671186,7,3,0
3943,3,30.41326489802258,17.866903899567838,3,1,0
1585,1,93.821498918638,1.137943086570992,6,0,0
3152,7,43.146606275445926,6.2069882234133535,3,4,0
8226,4,30.675833941934844,8.84071517494999,5,1,0
775,4,20.894755040301597,7.29190017163815,3,2,0
9670,6,96.31611349578228,7.499620450944804,5,2,1
7099,3,30.5138157790323,0.0,4,2,0
5486,3,57.26966153419178,15.808471846370935,9,3,0
6235,2,68.04208501912086,18.325522871447777,10,3,0
9555,7,91.90743267999741,15.74718447486207,6,1,1
7041,2,64.61194913487465,20.456192401593373,2,1,0
2612,4,102.08878666426094,17.92300029047238,3,3,0
7513,3,34.628615138449454,24.628728274987104,4,2,0
8433,3,39.07247280245398,24.26177001997833,5,1,0
8792,3,23.994501244738153,9.708042418686741,7,2,0
5393,5,35.325616466922995,7.08976541739193,6,0,0
8838,5,61.79972258898297,9.481766064714694,7,3,0
3890,4,57.10660591698738,22.97990693825109,4,2,0
3556,3,84.62449595829307,14.896565068545463,5,0,0
1528,3,41.12852229288049,15.204062179930776,4,1,0
1267,3,59.92053689490558,22.996779516660965,6,1,0
7734,4,50.92250369352382,5.8915430935149296,4,2,0
1899,2,32.126260918469576,6.495302693910466,4,0,0
4658,3,49.337410988704,13.954840939255064,5,3,0
3005,1,64.6929950596469,8.85044495235492,5,1,0
2734,2,33.21765022522753,21.122373372206955,4,0,0
189,5,91.2198189599464,18.775401916250516,2,4,0
9167,6,45.069033532047975,14.830030192457539,5,1,0
2747,2,28.42458873982319,13.327161972614714,6,2,0
2047,5,93.01572705934784,4.44509097345693,2,1,0
7849,1,41.53015272303942,0.5434941387604617,8,1,0
2558,7,118.56344150413747,20.15395232064002,6,1,0
9274,4,70.89013805935099,17.746045165004226,8,2,0
8666,9,9.81657561144556,13.359634027941286,2,1,0
6396,3,45.968888905225725,15.25523726341503,4,4,0
3385,4,122.59537181379265,27.46280474092128,7,0,0
4555,4,116.16872151087958,10.91876278619496,5,1,0
1184,3,44.51652576765812,3.9654632723886003,8,3,0
6420,2,39.36154050712248,11.000992336619547,4,3,0
5051,3,31.425878984969014,5.940067502914335,5,1,0
5311,5,63.37892859567119,0.06665963320419266,6,0,0
2433,5,28.207826216443056,14.31031578237742,3,0,0
6949,3,33.78257692575693,24.066522389347064,1,0,0
769,4,47.505597263278695,13.881624375596616,4,6,0
1685,2,15.58698223248325,12.831327937258186,7,1,0
8322,5,10.349844277664063,5.132707107094795,4,2,0
5578,7,8.198006751129318,15.644671324407604,5,2,0
4426,3,9.941658932678493,15.736031769967857,3,0,0
466,5,57.20039820089651,18.993536521414576,4,1,0
6265,2,23.03161062609725,5.243582212812479,6,0,0
5734,4,50.145780632351205,0.05090166764951043,4,0,0
5191,3,34.863708250876485,4.966615146240747,4,4,0
5390,5,55.162966733007245,14.472676401487231,2,2,0
860,4,81.2846581366255,4.878125595988183,5,0,0
7270,4,55.389150133147766,18.849003527961028,8,5,0
